age,title,bill_id,bill_number,cleaned,summary,cluster,cluster_keyword,label,card_news_content
20,출입국관리법 일부개정법률안,PRC_S1B6U1R1N2T1U1L7T0X4I3T0Z9E7P2,2003755,감사원 입국불허 사후관리 미흡 밀입국 시도 발생 입국불허자 분리 출국전 송환대기실 통제관리 법적근거 마련 지적 현행법 입국불허 외국인 선박 장 운수업자 송환의무 부여 민간항공사 운영협의회 외국인 본국 송환전 임시 송환대기실 법적근거 운영관리 공항보안 전문제 송환대기실 운영상황 외국인 처우 문제점 제기 지방출입국외국인관서장 외국인 송환 필요 외국인 송환시 선박 장 운수업자 출입국항 장소 제공 송환대기실 운영 법적근거 마련 선박 장 운수업자 관리 지방출입국외국인관서장 요청 협조,입국불허자의 사후관리 미흡 및 송환대기실 운영의 법적 근거 부재로 인해 송환대기실 운영에 대한 법적 근거를 마련함,6,"외국인, 송환, 입국불허, 송환대기실",0,"국민 안전, 더욱 든든하게!"
20,중소기업협동조합법 일부개정법률안(대안),PRC_R1S8Q0Y9V1J8A1D1N2C2B2L6J7A2V3,2016535,조합 임원 결격사유 벌금형 선고 2년 경과 조합 업무 관련 100만원 이상 벌금형 경합범 100만원 이상 벌금형 임원 결격사유 적용 현행법 규정 죄 관련 없 죄 임원 자격 박탈 과도 현행법 규정 죄 타 죄 경합범 벌금형 분리 선고 경합범 선고 임원 자격 제한 불이익 방지,조합 임원 결격사유 규정의 과도한 적용을 완화하기 위해 경합범에 대한 벌금형 선고 시 분리 선고 규정을 신설함,0,"임원, 공제금, 중소기업, 규정",1,"깨끗한 조합, 여러분과 함께!"
20,도시공원 및 녹지 등에 관한 법률 일부개정법률안,PRC_Y1A8Y0A2I0U9I1Y7Y0Y6G5Z6Q3H6V7,2011897,어린이공원 어린이 보건 정서생활 향상 도시공원법 도시공원 포함 2011년 2015년 경기도 어린이공원 주변 어린이교통사고 59% 어린이공원 주변 교통안전 미흡 지적 공원관리청 어린이공원 방호울타리 대통령령 전시설 설치 관리 의무 부과 어린이공원 교통안전 증진 어린이 안전 확보,어린이공원 주변 어린이 교통사고 증가로 인해 어린이공원 안전시설 설치 및 관리 의무를 신설함,5,"어린이안전, 어린이공원, 안전교육, 안전시설",2,아이들이 더 안전하게 뛰놀아요!
20,6ㆍ25전쟁 무공훈장 수여 등에 관한 법률안,PRC_S1N8S0D6U2L5E1P4M2Z8M0Y5B2B7L3,2013998,6.25 전쟁 무공훈장 미수여 육군본부 6.25 무공훈장 찾아주기 사업 당사자 고령화 행정인력 부족 사업 차질 30년 소요 예상 6.25 전쟁 무공훈장 특별법 제정 전시 공훈 예우 지원 근거 마련 공로자 유가족 대통령령 국방부장관 등록 신청 심사 결정 공로자 조사 신원확인 국방부장관 6.25무공훈장찾아주기조사단 설치 공로자 확인 상훈법 무공훈장 수여 국방부장관 공로자 조사 신원확인 관계 행정기관 장 지방자치단체 장 협조 요청,625전쟁 무공훈장 수여 지연을 해결하기 위해 625무공훈장찾아주기 특별법을 제정하여 무공훈장 수여 절차를 신설함,24,"·25전쟁, 무공훈장, 국방부장관, 공로자",3,"6.25 참전용사님, 훈장 드디어 받으세요!"
20,무역보험법 일부개정법률안,PRC_R1T7B0F1M0V2X1W3L5K2L1W7S3C0U8,2004916,벌금형 징역형 형사처벌 수단 공정성 합리성 위반행위 법률 법정형 처벌 정도 과소 과도 비합리적 편차 존재 벌금형 과소 범죄억지력 달성 어려움 벌금액 국민권익위원회 권고 국회사무처 법제예규 기준 징역 1년 1천만원 비율 개정 법정형 편차 형사처벌 공정성,유사 위반행위 간 벌금형의 불합리한 편차를 해소하기 위해 벌금액을 징역 1년당 1천만원 비율로 개정함,12,"벌금형, 법정형, 형사처벌, 범죄억지력",4,"형벌, 더욱 공정하게! 벌금도 1천만원 시대!"
20,가축 및 축산물 이력관리에 관한 법률 일부개정법률안(대안),PRC_U1V8Y1Q1X2L8H1C6R4A5S2E4M4M3F5,2017177,가금 가금산물 전성 담보 소비자 알 권리 제고 가금 가금산물 사육 판매 이력관리제도 구축 가축거래상인 관리 강화 가축전염병 전파경로 파악 이력관리대상 가축 축산물 범위 국내산 닭 닭고기 오리 오리고기 계란 확대 농장 농장식별번호 부여 가금이동신고서 농장식별번호 닭 오리 씨알 이동 금지 식용란선별포장업자 계란 이력번호 발급 신청 포장지 이력번호 표시 농림축산식품부 장관 가축거래상인 시정명령 보고 출입검사 가축거래상인 관리 강화,가금 및 가금산물의 안전성 확보와 소비자 알 권리 보장을 위해 국내산 닭 오리 계란에 대한 이력관리 및 가축거래상인 관리를 강화함,7,"가축, 축산물, 이력관리, 가금",5,"내 밥상, 더 안전하게!  이력관리 강화!"
20,한국마사회법 일부개정법률안,PRC_V1Y6N1Y2A1U3U1J6M5I3W5J1C6K1F3,2004353,마사회 장외발매소 시설 부지 활용 미흡 농축산물 직거래 판매 유통 농업인 활용 농축산업 발전 기여 한국마사회법 농축산물 판매 유통 농업인 공간 활용 명시 규정 필요,한국마사회 미활용 부지를 농축산업 발전에 기여하기 위해 농축산물 판매 유통 및 농업인 지원 공간으로 활용토록 법률을 신설함,16,"한국마사회, 장외발매소, 농축산물, 농업인",6,농촌 활력 UP! 농산물 직거래 장터 마련!
20,국회에서의 증언·감정 등에 관한 법률 일부개정법률안(대안),PRC_B1Q7Z0Z2H2J2Q0S9N5C6F2F3P3S8F3,2005917,국회 건심의 국정감사 국정조사 원활 운영 의장 위원장 출석요구서 송달 필요 증인 감정인 참고인 주소 거소 영업소 사무소 전화번호 휴대전화번호 출입국관리기록 정보 경찰관서장 관계 행정기관장 전기통신사업자 요구 증인 출석요구 제도 실효성 확보 증인 고의 출석요구서 회피 불출석등의죄 처벌 불출석등의죄 법정형 형량 상향 국회모욕의죄 징역형 규정 죄 경중 처벌 본회의 위원회 출석 증언 폭행 협박 모욕 언행 국회권위 훼손 징역형 벌금형 증인 고의 동행명령장 수령 회피 국회모욕의죄 처벌 요구서 송달 의장 위원장 관할 경찰관서장 관계 행정기관장 전기통신사업자 증인 감정인 참고인 주소 거소 영업소 사무소 전화번호 휴대전화번호 출입국관리기록 정보 요구 해당 기관 국회 요구 불출석등의죄 사유 고의 출석요구서 수령 회피 증인 포함 불출석등의죄 벌금형 1천만원 이상 3천만원 이하 상향 폭행 협박 모욕 언행 국회 권위 훼손 5년 이하 징역 5천만원 이하 벌금 벌금형 증인 고의 동행명령장 수령 회피 국회모욕의죄 처벌,국회 안건 심의 등의 원활한 운영과 증인 출석 제도 실효성 확보를 위해 증인 출석 관련 정보 요구 절차를 신설하고 불출석 및 국회 모욕죄 처벌을 강화함,17,"증인, 국회, 출석, 국정감사",7,보안 강화로 더 안전하게!
20,대한민국재향경우회법 일부개정법률안(대안),PRC_X2G0N0K3Q0F5O0A9F0N7E5I3D7H3S8,2024735,경우회 목적 추상성 정치활동 금지 모호성 총회 의결 특례 개선 사무총장 임명 대상 확대 지자체 보조금 법적 근거 부재 보완 경우회 합리적 운영 발전 기여 자유민주주의 수호 국민 봉사 국가 치안 활동 공익증진 목적 경우회 특정 정당 지지 반대 특정 공직후보자 지지 반대 정치활동 금지 경우회 해산 청산 중요 자산 처분 변경 재적 대의원 과반수 출석 출석 대의원 3분의 2 이상 찬성 의결 중앙회 사무총장 회원 총회 의결 회장 임명 국가 경우회 운영 보조금 교부 지자체 경우회 사업 보조금 교부,경우회의 목적 및 운영의 명확성 부족 정치활동 규정의 모호성 효율적 운영을 위한 제도 개선 필요성 지방자치단체 보조금 지원 근거 부재를 해소하기 위해 경우회 운영 관련 법률을 개선함,22,"대한민국재향경우회, 보조금, 정치활동, 운영",8,"더 나은 의사결정, 시민과 함께!"
20,정치자금법 일부개정법률안,PRC_A2E0Z0D3V0S6B2K1P1R8P1J0Y2L8S2,2024797,한국방송광고공사법 폐지 방송광고판매대행 법률 시행 한국방송광고공사 폐지 한국방송광고진흥공사 출범 반영 제21대 국회의원선거 지역구국회의원예비후보자후원회 등록 예비후보자 후원회 회계책임자 신고 공직선거법 개정 국회의원지역선거구 선거구역 변경 기존 등록 신고 경과조치 후원회 변경등록 신고 불필요 예비후보자 편의 도모 행정 효율성 제고 한국방송광고공사법 한국방송광고공사 방송광고판매대행 법률 한국방송광고진흥공사 국회의원선거 국회의원지역선거구구역표 개정 선거구역 변경 국회의원지역구 관할 선거관리위원회 등록 신고 지역구국회의원예비후보자후원회 예비후보자 후원회 회계책임자 법 시행 당시 관할 선거관리위원회 등록 신고 간주 공직선거법 일부개정법률 의결 전제 의결 수정의결 반영,한국방송광고공사의 폐지 및 한국방송광고진흥공사 출범과 선거구역 변경에 따른 예비후보자 등의 행정 편의를 위해 관련 법률 조항을 개정함,18,"후원회, 예비후보자, 선거구, 국회의원",9,"깨끗한 선거, 투명한 방송광고!"
20,다문화가족지원법 일부개정법률안(대안),PRC_N2R0U0Y2B2P4E0K9E5K2Q2C1A9I7B1,2024919,기본계획 국회 기능 강화 다문화가족지원센터 기능 명확화 홍보영상 송출 사업자 확대 기본계획 국회 소관상임위원회 보고 비상업적 공익광고 편성비율 범위 홍보영상 송출 요청 사업자 지상파방송사업자 방송사업자 확대 다문화가족지원센터 업무 다문화가족 가정폭력 방지 피해자 연계지원 포함,국회의 기본계획 심의 기능 강화와 다문화가족 지원 및 홍보영상 송출 확대를 위해 관련 법안을 개선함,23,"다문화가족, 다문화가족지원센터, 기본계획, 홍보영상",10,다문화 가족 더 행복하게!  지원 확대!
20,국민영양관리법 일부개정법률안(대안),PRC_F1K9M0L3L2J6L2J0E1Z4E4W3Z2F4B0,2019609,보건복지부장관 국민 식품섭취 식생활 국민영양 식생활조사 정기 실시 법률 규정 보건복지부 소관 법률 실태조사 규정 일부 법률 실태조사 시기 하위법령 위임 개별 법률 실태조사 규정 체계 상이 조사 결과 공표 관계기관 정보제공의무 근거규정 미비 실태조사 시기 법률 상향 규정 조사 결과 공표 관계기관 정보제공의무 규정 추가 실태조사 수행 조사 결과 관련 정책 연구 시행 활용 영양사 국가시험 합격 보건복지부장관 면허 영양사 국가시험 부정행위 제재 시행규칙 영양사 국가시험 공정 운영 영양사 자격 관리 영양사 국가시험 부정행위 제재 규정 법률 상향 부정행위 수험 정지 합격 무효 시험 응시자격 제한,실태조사 관련 법률 규정의 체계 불일치 및 조사 결과 활용 미흡을 개선하고 영양사 국가시험 부정행위에 대한 제재를 강화하기 위해 관련 법률을 개정함,25,"실태조사, 영양사, 법률, 규정",11,"건강한 식생활, 더욱 안전하게!"
20,중소기업진흥에 관한 법률 일부개정법률안,PRC_O1K8O1F2W3R1G1H6J1F3B3C5Y7M5E3,2017956,현행법 중소기업창업 진흥기금 결산 손실금 적립금 보전 적립금 부족 정부 보전 중소기업창업 진흥기금 정부 손실보전 규정 공익사업 수행 손실 정부 보전 사업 원활 추진 기금 정적 운용 기금 재무건전성 악화 기금관리주체 도덕적 해이 방만 경영 중소기업창업 진흥기금 관리주체 중소기업진흥공단 기금 재무건전성 유지 노력 법률 명시,중소기업창업 및 진흥기금의 재무건전성 악화 및 도덕적 해이 방지를 위해 기금 관리주체의 재무건전성 유지 의무를 신설함,3,"중소기업, 기금, 손해금, 동반성장",12,"튼튼한 중소기업, 든든한 미래!"
20,공직선거법 일부개정법률안,PRC_B2T0Q0H3L0J6A2P1F1F7O1M1C0L4R2,2024796,공직선거법 국회의원선거구획정위원회 선거구획정 반영 제21대 국회의원선거 국회의원지역선거구구역표 마련 선거구획정 특례 선거구 변경 선거구획정 지연 현행법 적용 어려움 특례 경과조치 마련 제21대 국회의원선거 실시 제21대 국회의원선거 국회의원지역선거구구역표 마련 별표 1 국회 국회의원선거구 획정 기준 반영 국회의원지역구획정 특례 마련 부칙 예비후보자 기탁금 반환 특례 자동 동보통신 문자메시지 전송 경과조치 선거구 변경 선거구획정 지연 부칙 마련 부칙,제21대 국회의원선거의 차질 없는 실시를 위해 국회의원지역선거구구역표를 신설함,19,"선거구, 선거, 국회의원, 부칙",13,"국회의원 선거, 더 공정하고 가까워집니다!"
20,국가통합교통체계효율화법 일부개정법률안,PRC_B1C9L0O3A2X6C1I7E1Q4X2I2I2T4Y1,2019395,공공업무 위탁 민간인 형법 수뢰 제3자 뇌물제공 죄 적용 공무원 의제 처벌 국가교통위원회 국가교통체계 중요 정책 심의 공적 업무 수행 민간위원 벌칙 적용 공무원 의제 조항 미비 국가교통위원회 위원 공무원 아닌 위원 형법 적용 공무원 명시,국가교통위원회 민간위원에 대한 형법상 뇌물죄 적용시 공무원으로 의제하지 않는 현행법의 미비점을 해소하기 위해 국가교통위원회 민간위원도 공무원으로 간주하여 형법 제129조부터 제132조까지를 적용하도록 관련 조항을 신설함,26,"국가교통위원회, 민간위원, 공무원, 형법",14,"국가교통 발전, 이젠 더 투명하게!"
20,대규모유통업에서의 거래 공정화에 관한 법률 일부개정법률안,PRC_D1L6Q1G1O2W4B1C4G0D4U3G3P5Z6W2,2003976,공정거래위원회 관계 행정기관 장 조사 의뢰 자료 요청 의무 협조 공정 대규모유통업 거래질서 확립 부처간 협력 촉진,부처간 협력을 촉진하여 공정한 대규모유통업 거래질서를 확립하기 위해 공정거래위원회의 자료요청 및 조사의뢰에 대한 관계 행정기관의 협조 의무를 신설함,27,"대규모유통업자, 납품업자, 공정거래위원회, 분쟁조정",15,제도 개선으로 더 나은 사회!
20,장애인복지법 일부개정법률안(대안),PRC_Q1N7L0K7W1R7X1C2I0M0B0X6U5F5M7,2008876,장애인 이동성 제약 편의시설 부족 경제적 사정 비장애인 관광활동 제약 현행법 장애인 관광활동 활성화 근거규정 미비 장애인 관광활동 지원 근거규정 마련 폐지 법률 삭제 법제명 개정사항 반영 조문 국민 법률정보 제공 국가 지방자치단체 장애인 관광활동 시설 설비 환경 관광활동 지원 노력 규정 마약법 대마관리법 향정신성의약품 관리법 마약류 관리 법률 개정,장애인 관광 활동 지원 근거 부재 및 법률 체계 불일치를 해소하기 위해 장애인 관광 활동 지원 근거를 신설하고 관련 법 조문을 정비함,35,"장애인, 장애인복지, 법률, 규정",16,제도 개선으로 더 나은 사회!
20,응급의료에 관한 법률 일부개정법률안(대안),PRC_Z1M8Z0O9U0Y6P1O3J1G8M0C0G8Q6O2,2016563,응급구조사 결격사유 정신질환자 범위 축소 응급의료 전용헬기 환자인계점 내표지 설치 법적 근거 마련 자동심장충격기 의무설치 대상 선박 범위 합리화 의료기관 응급환자 이송업자 업무정지명령 과징금 상한액 상향 정신질환자 정의 정신건강증진 정신질환자 복지서비스 지원 법률 변경 응급의료 전용헬기 환자인계점 내표지 설치 법적 근거 마련 자동심장충격기 의무설치 대상 선박 부선 제외 의료기관 응급환자 이송업자 업무정지명령 과징금 상한액 5천만원 3억원 상향,응급구조사 결격사유 규정 개정 및 응급의료체계 개선을 위해 응급구조사 결격사유 완화 응급의료 전용헬기 안내표지 설치 근거 마련 자동심장충격기 의무설치 대상 선박 조정 과징금 상한액 상향 조정을 추진함,38,"응급의료, 응급환자, 구급차, 자동심장충격기",17,응급의료 더 안전하고 편리하게!
20,국가공무원법 일부개정법률안(대안),PRC_R1X9E0P6A2C6E1I7Q2O6U0Z2U0I5W8,2023990,불합리 인사행정 운영 발생 우려 인사혁신처장 신고 공무원 징계 심사절차 개선 공정 투명 인사행정 실현 위법 부당 인사행정 발생 우려 인사혁신처장 신고 불이익조치 금지 인사혁신처장 공직후보자 직무수행 관련 전문분야 지식 기술 경험 보유 정보 발굴 수집 관리 국가기관 장 공직후보자 정보 인사혁신처장 요청 제공 열람 공무원 임용 합리적 이유 성별 종교 사회적 신분 차별 금지 임기제공무원 육아휴직 임용권자 임용제청권자 의원면직 신청 공무원 비위 관련 형사사건 기소 의원면직 불허,불합리한 인사행정 및 차별 해소와 공정성 강화를 위해 인사신고 제도를 신설하고 공무원 징계 절차 개선 등 인사행정 전반을 개선함,40,"인사행정, 공무원, 임용, 징계",18,더 공정하고 투명해진 인사시스템!
20,세종특별자치시 설치 등에 관한 특별법 일부개정법률안,PRC_E1W8K0Z2Y2M8I1R4R5T6T1X1G9Q7W4,2012300,전국동시지방선거 세종특별자치시 인구 증가 지역구 시의회의원 정수 합리화 시의회의원 선거 원활 실시 차기 지방선거 지역구 시의회의원 정수 19명 증원 논의,세종특별자치시 인구 증가를 고려하여 2018년 지방선거의 원활한 실시를 위해 지역구 시의회의원 정수를 조정함,41,"지방선거, 의원, 정수, 시의회",19,"세종시의회, 더 효율적인 시민 대표!"
20,유류오염손해배상 보장법 일부개정법률안,ARC_D1Z8V0J7F3R1M1J6K2I1P0A3S8B7U9,2014694,국민생활 기업활동 관련 신고 민원 처리절차 법령 명확 규정 민원 투명 신속 처리 행정기관 적극행정 유도 보장계약 증명서 기재사항 변경신고 3일 이내 신고수리 여부 신고인 통지 미통지 신고 수리 간주 제도 도입,신고 민원 처리의 투명성과 신속성 확보를 위해 신고 수리 여부를 3일 이내 통지하고 통지하지 않으면 수리된 것으로 간주하는 제도를 신설함,46,"신고, 보장계약, 처리절차, 신고수리",20,"민원 신고, 3일 안에 답변 드려요!"
20,자동차관리법 일부개정법률안(대안),PRC_Z1J7W0T2J2K2A1P9C1Z4A1T5B5I9T9,2009686,자동차 교환 환불 분쟁해결 기준 제도 도입 자동차제작자 품질보증 책임 강화 중고자동차 자동차성능상태점검자 성능상태점검 결과 보증 보험 가입 의무화 자동차소비자 권익 보호 제도 도입 대체부품 인증기관 행정처분 법적 근거 마련 온라인 중고자동차 서비스 활성화 온라인 자동차매매정보제공 서비스 제도화 임시운행허가계획서 목적 위반 임시운행 임시운행허가증 임시운행허가번호판 미부착 운행 자동차등록번호판 부착 봉인 위반 300만원 이하 과태료 부과 자동차번호판 위법행위 근절 자율주행자동차 시험운행 관리 운행 정보 국토교통부장관 보고 자율주행자동차 시험운행 운행기록 운행 정보 국토교통부장관 보고 대체부품 인증기관 거짓 부정 지정 취소 부정 업무수행 성능 품질인증기준 부적합 대체부품 인증 불법 운영 업무정지 법적 근거 마련 자동차제작자 국내 자동차자기인증 판매 자동차 교환 환불 요건 규정 자동차 하자심의위원회 하자차량소유자 자동차제작자 신차 교환 환불 요구 자동차제작자 하자차량소유자 교환 환불 중재 규정 수락 하자차량소유자 자동차 하자심의위원회 교환 환불 중재 신청 교환 환불 중재 진행 자동차성능상태점검자 중고자동차 성능 상태 점검 촬영 성능상태점검 내용 보증 책임 보험 가입 의무화 자동차매매업자 자동차 소유자 자동차 매입 인터넷 홈페이지 휴대전화 응용프로그램 자동차 매매정보 자동차매매업자 자동차 소유자 제공 시장 군수 구청장 등록 300만원 이하 과태료 임시운행허가계획서 목적 위반 임시운행 임시운행허가증 임시운행허가번호판 미부착 운행 처벌,자동차 소비자 권익 보호 및 자율주행차 안전 관리 강화를 위해 자동차 품질보증 책임 강화 중고차 성능점검 보험 의무화 대체부품 인증기관 행정처분 근거 마련 온라인 자동차 매매정보 제공 서비스 제도화 자동차 번호판 관련 위반 행위에 대한 과태료 부과 등을 신설함,47,"자동차, 자동차제작자, 임시운행, 대체부품",21,보안 강화로 더 안전하게!
20,여객자동차 운수사업법 일부개정법률안,PRC_R1Z6O1D0D2Y1S1U7M3O0U4H4W0B1P9,2002815,영동고속도로 버스 사고 영상증거 미확보 원인규명 지연 도시철도 철도 영상기록장치 장착 의무화 타 대중교통수단 미의무화 사고 증거자료 확보 어려움 원인 파악 지연 대중교통수단운영자 범죄 예방 교통사고 상황 파악 영상기록장치 장착 의무화 장착 목적 외 조작 금지 교통사고 조사 영상기록 이용 제공 제한 영상기록 분실 도난 훼손 방지 운영 관리 지침 마련 개인 사생활 침해 최소화,대중교통 사고 원인 규명의 어려움을 해소하기 위해 대중교통수단에 영상기록장치 장착을 의무화함,48,"운송사업자, 운수종사자, 여객자동차, 영상기록장치",22,"안전한 대중교통, CCTV가 지켜드립니다!"
20,발명진흥법 일부개정법률안(대안),PRC_R1E7Y0J2S2A1N1G6U1A9U2W0T0V7X4,2005905,특허청 한국은행 공동 개발 지식재산권무역수지 활용 산업재산권 무역 적자 정책 마련 외국환거래법 산업재산권 관련 외국환거래 정보 제공 산업재산권 분쟁 장기화 대비 3개월 기간 연장 정부 산업재산권 통계 지표 조사 분석 관련 시책 수립 추진 특허청장 자료 요청 기획재정부장관 자료 제공 위원회 상당 사유 1개월 단위 3회 기간 연장 신청 피신청인 성실 응답 당사자 일방 정당 사유 불출석 2회 성립 불인정,산업재산권 무역 적자 및 분쟁 조정 지연을 해결하기 위해 산업재산권 관련 외국환거래 정보 제공 근거 및 조정기간 연장 조항을 신설함,53,"산업재산권, 조정, 특허청, 조정기간",23,"국내 기술, 더 강해집니다!"
20,경제자유구역의 지정 및 운영에 관한 특별법 일부개정법률안(대안),PRC_C1I8K0S2Q2F0X1H0G0S0C2P4V4Z5A7,2012749,경제자유구역 외국인투자기업 국공유재산 사용료 대부료 감면 요건 강화 필요 국내기업 형식적 외국인투자기업 설립 편법적 지원 사례 적발 경제자유구역 활성화 국내 투자유치 고용창출 효과 제고 해외진출 국내기업 복귀 경제자유구역 입주 지원범위 확대 외국인투자기업 지원 외국인 전용 임대주택제도 폐지 경과조치 개발사업시행자 변경승인 특례조항 미적용 임대공고 1년 이상 임대 미실시 분양전환 근거 마련 해외진출기업 국내복귀 지원법 지원대상 국내복귀기업 정의 외국인투자기업 국공유재산 임대 사용료 감면 외국인투자비율 유지 국내복귀기업 사용료 감면 외국인투자기업 수의계약 국공유재산 임대 매입 임대기간 매각 후 5년 외국인투자비율 유지 국내복귀기업 사용료 감면 특수관계인 제공 외국인투자기업 지원대상 제외 외국인 전용 임대주택제도 폐지 외국인 전용 임대주택 건설용지 공급계획 개발계획 실시계획 변경승인 종전 규정 미적용 임대공고 1년 이상 임대 미실시 외국인 전용 임대주택 분양전환 개발사업시행자,외국인투자기업 지원의 편법적 이용 및 경제자유구역 활성화 필요성으로 인해 외국인투자기업 지원 요건을 강화하고 국내 복귀 기업 지원을 확대하며 외국인 전용 임대주택 제도 관련 규정을 개선함,55,"외국인투자기업, 경제자유구역, 국내복귀기업, 국·공유재산",24,"외국인 투자, 더 쉬워지고 편해집니다!"
20,산업현장 일학습병행 지원에 관한 법률안(대안),PRC_C1R9C0O3A2U2U1D2E4P3P3T8L8E9A9,2021751,청년 구직자 기업 일자리 숙련 미스매치 해소 신규입직자 직무능력 강화 현장 기반 도제식 교육훈련 도입 기업 일 교육훈련 병행 근로자 노동법령 권리 보장 기업 체계 교육훈련 핵심 인재 성장 기반 마련 고용정책심의회 일학습병행 추진계획 수립 심의 정책 기능 수행 고용노동부장관 지방자치단체 지역 교육훈련기관 산업별 단체 노동단체 협조관계 유지 학습기업 일학습병행 희망 구직자 연결 체계 구축 고용노동부장관 일정 요건 충족 기업 직업능력개발훈련시설 일학습병행 교육훈련 학습기업 공동훈련센터 지정 학습기업 사업주 고용노동부장관 기준 교육훈련과정 개발 인정 학습기업 사업주 학습근로자 학습근로계약 체결 근로조건 명확 학습근로계약 종료 외부평가 합격 학습근로자 일반근로자 전환 학습근로자 일 교육훈련 병행 학습근로시간 한도 유사 동종 업무 종사 일반근로자 차별 금지 학습기업 사업주 준수사항 학습근로자 준수사항 규정 교육훈련 고용노동부장관 학습기업 사업주 학습근로자 교육훈련목표 달성 내부평가 외부평가 검증 평가 결과 합격자 일학습병행 자격 부여 국가 지방자치단체 일학습병행 참여 사업주 교육훈련 기관 단체 학습근로자 지원,청년 구직난 및 기업의 숙련 인력 부족 해소를 위해 현장 기반 도제식 교육훈련 제도를 도입하여 일학습병행 제도의 기반을 마련함,54,"교육훈련, 학습근로자, 기업, 고용노동부장관",25,"일하며 배우고, 실력 키우자!  취업 성공!"
20,생물다양성 보전 및 이용에 관한 법률 일부개정법률안,PRC_K1Q9X0W4C1D9I1A7K2D7F4K8D8K0W7,2019931,생물다양성 보전 생물다양성협약 이행 국민 삶의 질 향상 국제협력 증진 생물다양성 보전 및 이용 법률 제정 기후변화 서식지 파괴 외래종 침입 생물다양성 저하 생태계서비스 감소 국제사회 생태계서비스 가치 정책 제도 마련 국내 생태계서비스 가치 평가 정책 반영 미흡 생태계서비스 개념 정의 연구 기술개발 생물다양성 생태계 가치 평가 정책 연계 국제사회 추세 대응 생태계서비스 증진 비용 보상 국민 자연혜택 지속가능 제공 생태계서비스 공급서비스 조절서비스 문화서비스 지지서비스 분류 정부 생태계서비스 측정 가치 변화 평가 국가 지방자치단체 생태 경관보전지역 습지보호지역 자연공원 야생생물 특별보호구역 생태계서비스 보전 증진 생태계서비스 공급자 관리자 생태계서비스 보전 증진 활동 보상 국가 지방자치단체 생태계서비스 가치평가 연구 기술개발 국가 생태계서비스 측정 평가 사업 국고보조,생태계서비스 가치 저하 및 국제적 추세에 따라 생태계서비스 개념 정의 및 가치 평가 체계 마련을 추진함,64,"생물다양성, 유전자원, 생태계서비스, 멸종위기 야생생물",26,"자연이 주는 선물, 이젠 제대로 보답해요!"
20,국민여가활성화기본법 일부개정법률안,PRC_Y1N6Z0R8Z1M8T0H9H4U0R5F0J8A5M4,2001635,19대 국회 국민여가활성화기본법 제정 국민 여가 삶 법적 기반 마련 직장인 법정 휴가 향유 익스피디아 2015년 유급휴가 국제비교 조사대상 26개국 한국 법정휴가 15일 6일 사용 휴가일수 휴가사용율 2년 연속 꼴찌 휴가 없는 삶 개선 여가 삶 요원 통계청 인가 공식통계 직장인 휴가사용 통계 부재 휴가사용 실태 파악 불가 국가 지방자치단체 직장인 휴가사용실태조사 휴가사용 촉진 대책 수립 시행 의무 부과 국민 여가 삶 실질적 보장,직장인 휴가 미사용 실태 심각성과 관련 통계 부재를 해결하기 위해 국가와 지방자치단체에 휴가 사용 실태 조사 및 사용 촉진 대책 수립 의무를 부과함,56,"여가, 휴가, 국민, 직장인",27,"휴가, 이젠 마음껏 즐겨요!"
20,수산자원관리법 일부개정법률안,PRC_N1W8J1E2F2R7T1B8T0H2G3F9I5W8L1,2017826,수산자원 번식보호 포획 채취 금지기간 설정 가능 연구조사 금지 예외 악용 금지 수산자원 이용 거래 반복 연어 금어기 10월 11월 위판량 연간 거래량 대부분 차지 예외조항 이용 포획 채취 연구 한정 위반 위판 포획 채취 허가 거짓 부정 방법 허가 취소 금어기 수산자원 보호대책 실효성 강화,수산자원 불법 포획 채취 및 거래 증가로 인해 포획채취 허가 취소 규정을 신설함,57,"수산자원, 자율관리어업, 어업인, 포획·채취",28,"바다 지킴이, 더 강력해졌습니다!"
20,비료관리법 일부개정법률안(대안),PRC_K1O9Q0D4E0N5Y1K4T1E3C5L4L9P5T9,2024008,비료공정규격심의회 폐지 전문가 자문 대체 행정 예산 낭비 방지 책임행정 강화 효율성 전문성 제고 농지 유해원료 비료 유통 공급 증가 농업환경 보호 농가피해 최소화 부정 불량 비료 생산 수입 유통 사전 예방 관리 감독 체계 마련 비료생산업자 비료수입업자 휴업 신고 의무화 시장 군수 구청장 행정제재처분 회피 영업 양도 방지 행정제재처분 효과 양수인 승계 제도 개선 보완 무상 유통 공급 비료 관리 감독 강화 공정규격 준수 의무 신고대상 비료수입업 범위 확대 무상 유통 공급 포함 위해성 비료 원료 수입 제한 범위 확대 토양환경 식물 위해 우려 비료 원료 수입 제한 위해성 검사 중금속 병해충 유입 차단 비료생산업자 비료수입업자 휴업 신고제도 도입 6개월 이상 휴업 시장 군수 구청장 신고 의무화 환경오염 방지 영업현황 관리 감독 비료 거짓 과대광고 금지 성분 효과 거짓 과장 부당이득 방지 2년 이하 징역 2천만원 이하 벌금 행정제재처분 효과 승계제도 도입 등록취소 영업정지 행정제재처분 회피 영업 양도 합병 방지 행정제재처분 효과 상속인 양수인 합병법인 승계 1년 비료생산업 등록 제한 일부 폐지 등록기준 미달 시설 부적합 사유 삭제,비료관리체계의 효율성 및 안전성 강화를 위해 비료공정규격심의회를 폐지하고 부정불량비료 유통방지 및 위해성 비료 수입규제 강화 휴업신고제 신설 거짓광고 금지 행정제재처분 효과 승계 등의 제도를 마련함,63,"비료, 비료생산업자, 비료수입업자, 행정제재처분",29,"건강한 농산물, 안전한 비료로!"
