age,title,bill_id,bill_number,content_summary
20,출입국관리법 일부개정법률안,PRC_S1B6U1R1N2T1U1L7T0X4I3T0Z9E7P2,2003755,입국불허자의 공항 내 이동 통제와 송환대기실 운영의 법적 근거를 마련하여 공항 보안과 외국인 처우 개선을 도모함.
20,중소기업협동조합법 일부개정법률안(대안),PRC_R1S8Q0Y9V1J8A1D1N2C2B2L6J7A2V3,2016535,조합 임원 결격사유에서 경합범에 대한 불이익을 완화하고 과도한 임원자격 제한을 방지함.
20,도시공원 및 녹지 등에 관한 법률 일부개정법률안,PRC_Y1A8Y0A2I0U9I1Y7Y0Y6G5Z6Q3H6V7,2011897,어린이공원 내 교통안전시설 설치를 의무화하여 어린이 안전을 강화함.
20,6ㆍ25전쟁 무공훈장 수여 등에 관한 법률안,PRC_S1N8S0D6U2L5E1P4M2Z8M0Y5B2B7L3,2013998,6·25전쟁 무공훈장 미수여자에 대한 훈장 수여를 위한 특별법을 제정하여 예우와 지원 근거를 마련함.
20,무역보험법 일부개정법률안,PRC_R1T7B0F1M0V2X1W3L5K2L1W7S3C0U8,2004916,벌금형의 편차를 조정하여 형사처벌의 공정성과 합리성을 높임.
20,가축 및 축산물 이력관리에 관한 법률 일부개정법률안(대안),PRC_U1V8Y1Q1X2L8H1C6R4A5S2E4M4M3F5,2017177,가금 및 계란까지 이력관리 대상을 확대하고 가축거래상인 관리 강화 등 이력관리제도를 보완함.
20,한국마사회법 일부개정법률안,PRC_V1Y6N1Y2A1U3U1J6M5I3W5J1C6K1F3,2004353,장외발매소 미활용 공간을 농축산물 판매·유통 등 농업인 지원 공간으로 활용할 수 있도록 규정함.
20,국회에서의 증언·감정 등에 관한 법률 일부개정법률안(대안),PRC_B1Q7Z0Z2H2J2Q0S9N5C6F2F3P3S8F3,2005917,국회 증인 출석요구 실효성 제고와 모욕죄·불출석죄 처벌 강화 개인정보 제공 근거 신설 등 증언제도 개선.
20,대한민국재향경우회법 일부개정법률안(대안),PRC_X2G0N0K3Q0F5O0A9F0N7E5I3D7H3S8,2024735,경우회의 정치활동 금지 운영보조금 근거 신설 등 조직 운영 및 발전을 위한 제도 개선.
20,정치자금법 일부개정법률안,PRC_A2E0Z0D3V0S6B2K1P1R8P1J0Y2L8S2,2024797,한국방송광고공사 폐지 및 진흥공사 반영, 선거구 변경 시 후원회 경과조치 등 행정 효율성 제고.
20,다문화가족지원법 일부개정법률안(대안),PRC_N2R0U0Y2B2P4E0K9E5K2Q2C1A9I7B1,2024919,국회 보고 의무, 홍보영상 송출사업자 확대 다문화가족 내 가정폭력 방지 지원 등 기능 강화.
20,국민영양관리법 일부개정법률안(대안),PRC_F1K9M0L3L2J6L2J0E1Z4E4W3Z2F4B0,2019609,영양 실태조사 시기 명시 결과 공표 등 조사체계 정비와 영양사 국가시험 부정행위 제재 강화.
20,중소기업진흥에 관한 법률 일부개정법률안,PRC_O1K8O1F2W3R1G1H6J1F3B3C5Y7M5E3,2017956,중소기업진흥공단의 기금 재무건전성 유지 의무를 명시하여 기금관리의 책임성을 강화함.
20,공직선거법 일부개정법률안,PRC_B2T0Q0H3L0J6A2P1F1F7O1M1C0L4R2,2024796,21대 국회의원 선거구 획정 및 선거구 변경에 따른 경과조치 등 선거제도 운영의 특례 규정.
20,국가통합교통체계효율화법 일부개정법률안,PRC_B1C9L0O3A2X6C1I7E1Q4X2I2I2T4Y1,2019395,국가교통위원회 민간위원도 공무원과 동일하게 수뢰 등 형법 적용을 받도록 명확히 함.
20,대규모유통업에서의 거래 공정화에 관한 법률 일부개정법률안,PRC_D1L6Q1G1O2W4B1C4G0D4U3G3P5Z6W2,2003976,관계 행정기관 간 협력 의무를 명확히 하여 대규모유통업 거래질서 확립을 촉진함.
20,장애인복지법 일부개정법률안(대안),PRC_Q1N7L0K7W1R7X1C2I0M0B0X6U5F5M7,2008876,장애인 관광활동 지원 근거 마련 및 법체계 정비로 정확한 법률정보 제공.
20,응급의료에 관한 법률 일부개정법률안(대안),PRC_Z1M8Z0O9U0Y6P1O3J1G8M0C0G8Q6O2,2016563,응급구조사 결격사유 조정, 헬기 환자인계점 안내표지 근거 마련 등 응급의료 제도 개선.
20,국가공무원법 일부개정법률안(대안),PRC_R1X9E0P6A2C6E1I7Q2O6U0Z2U0I5W8,2023990,인사행정 신고제도 및 차별금지, 임기제공무원 육아휴직 등 공정한 인사행정 실현을 위한 제도 개선.
20,세종특별자치시 설치 등에 관한 특별법 일부개정법률안,PRC_E1W8K0Z2Y2M8I1R4R5T6T1X1G9Q7W4,2012300,세종특별자치시 인구 증가에 따라 시의회의원 정수를 조정하여 선거가 원활히 실시되도록 함.
20,유류오염손해배상 보장법 일부개정법률안,ARC_D1Z8V0J7F3R1M1J6K2I1P0A3S8B7U9,2014694,보장계약 변경신고 처리기한을 명확히 하여 민원 처리의 투명성과 신속성을 높임.
20,자동차관리법 일부개정법률안(대안),PRC_Z1J7W0T2J2K2A1P9C1Z4A1T5B5I9T9,2009686,자동차 교환·환불제 도입 중고차 성능점검 보험 의무화 등 소비자 권익 보호 제도 신설.
20,여객자동차 운수사업법 일부개정법률안,PRC_R1Z6O1D0D2Y1S1U7M3O0U4H4W0B1P9,2002815,대중교통수단 영상기록장치 장착 의무화 등 사고 증거 확보 및 사생활 보호 강화.
20,발명진흥법 일부개정법률안(대안),PRC_R1E7Y0J2S2A1N1G6U1A9U2W0T0V7X4,2005905,산업재산권 통계 활용 및 조정기간 연장 등 특허청의 정책·조정 기능 강화.
20,경제자유구역의 지정 및 운영에 관한 특별법 일부개정법률안(대안),PRC_C1I8K0S2Q2F0X1H0G0S0C2P4V4Z5A7,2012749,국내복귀기업 지원 확대, 외국인투자기업 지원요건 강화, 외국인 전용 임대주택 경과조치 개선 등.
20,산업현장 일학습병행 지원에 관한 법률안(대안),PRC_C1R9C0O3A2U2U1D2E4P3P3T8L8E9A9,2021751,기업 현장 기반 도제식 교육훈련 제도 도입 및 일학습병행 근로자 권리 보장.
20,생물다양성 보전 및 이용에 관한 법률 일부개정법률안,PRC_K1Q9X0W4C1D9I1A7K2D7F4K8D8K0W7,2019931,생태계서비스 개념 도입 및 가치평가·보상 등 생물다양성 및 생태계서비스 보전 강화.
20,국민여가활성화기본법 일부개정법률안,PRC_Y1N6Z0R8Z1M8T0H9H4U0R5F0J8A5M4,2001635,직장인 휴가 사용 실태조사 및 촉진대책 수립 의무화로 국민 여가권 보장 강화.
20,수산자원관리법 일부개정법률안,PRC_N1W8J1E2F2R7T1B8T0H2G3F9I5W8L1,2017826,수산자원 포획·채취 허가의 부정수령 시 허가 취소 등 금어기 등 보호대책 실효성 강화.
20,비료관리법 일부개정법률안(대안),PRC_K1O9Q0D4E0N5Y1K4T1E3C5L4L9P5T9,2024008,비료공정규격심의회 폐지, 부정·불량 비료 관리 강화, 휴업 신고제 도입 등 제도 보완.
20,국회의원수당 등에 관한 법률 일부개정법률안(대안),PRC_G1E7J0D2O2K2M1S0U0E0G2O7C6G1Q4,2005889,국회의원 친·인척 보좌직원 채용 제한 및 겸직 국회의원 수당 지급 제한 등 윤리 강화.
20,사법경찰관리의 직무를 수행할 자와 그 직무범위에 관한 법률 일부개정법률안,PRC_I1Z8B0J2U2D0Y1W5P2D7D4I0R6D8S1,2012040,특허·영업비밀·디자인권 침해에 대한 특허청 공무원의 사법경찰관리 직무 권한 확대.
20,정부보관금에 관한 법률 일부개정법률안(대안),PRC_G1W9S1G1T2K8G1G9Q4X6B5V0C8H6Y8,2024761,정부보관금 환급청구권 소멸시효 연장 및 사전통지 의무 신설.
20,국가유공자 등 예우 및 지원에 관한 법률 일부개정법률안(대안),PRC_E1N7K1O1Y3O0Q2E0U0C5S0L8M0A1A0,2010947,4·19혁명공로자 보상금 인상 및 약취·유인 등 범죄자 적용 배제 등 보상제도 개선.
20,대통령직 인수에 관한 법률 일부개정법률안,PRC_W1E6X0V9V0P6I1G0T2Y2T5J1P8Y1G0,2002156,대통령당선인의 인사자료 열람권 및 인수위원회의 후보자 검증업무 근거 마련.
20,실내공기질 관리법 일부개정법률안,PRC_H1S7C0K8A1D1Y1P7S4S5T5V8G8Z6V2,2008507,오염물질 방출 건축자재 시험기관 지정 및 관리 강화 제품 표지 의무화 등 제도 보완.
20,식품산업진흥법 일부개정법률안,ARC_Y1U6L0U6E2I7I1Y3U5J5B1L8M2S4P5,2000495,식품수출 지원기관 지정 및 운영 근거 마련, 식품인증 지원체계 강화.
20,도선법 일부개정법률안(대안),PRC_F1S9T1C1A2D0Y1R7D0R7D2F1J9Q0L7,2024024,도선사 자격증 대여·알선행위 예방 및 용어 한글화 등 제도 정비.
20,저수지·댐의 안전관리 및 재해예방에 관한 법률 일부개정법률안,ARC_E1L8U1P2R2J8E1Q5S1U0N3E9W6H9X1,2017860,저수지·댐 비상대처계획 수립 및 재검토 의무화, 전문기관 대행 근거 신설.
20,국민영양관리법 일부개정법률안(대안),PRC_U1F8J0R9Q0A6W1G3G0B8S1O3J3A7L9,2016552,영양소 섭취기준 활용 분야 예시 및 외국 영양사 인정기준 고시 등 법률 인용 조문 정비.
20,특허법 일부개정법률안,PRC_W1R8R1T2E2P8P1D7B5D9L1J9E5A4C1,2017894,특허권 침해로 얻은 침해자 이익 전부를 특허권자가 청구할 수 있도록 손해배상제도 개선.
20,행정규제기본법 일부개정법률안(대안),PRC_V1C8X1O2H2D7S1I0I3K8A5C8J1S6Z2,2019406,신기술·신제품에 대한 우선허용·사후규제 원칙 및 신산업 규제특례 근거 신설.
20,비파괴검사기술의 진흥 및 관리에 관한 법률 일부개정법률안,PRC_Q1B8Z1O2F2V8F1B8P0F8N4E6Q9H4H3,2017901,벌금형 현실화(징역 1년당 1천만원)로 범죄억지력 강화.
20,항만법 일부개정법률안(대안),PRC_H1A8S1D1U2C8E1A7Y5S5C2B6R9O0R7,2017129,항만기본계획 시행계획 수립·제출 의무 및 자체점검 보고 제외로 행정력 효율화.
20,한국수출입은행법 일부개정법률안,PRC_A1D8I0H9R1D0M1V6V0G8Q4Q7K2Z7E4,2015410,해외 현지법인 출자 근거 확대 등 수출입은행의 해외업무 지원 근거 강화.
20,경륜·경정법 일부개정법률안,PRC_S1H9M0K4Y0V3H1D8V1C2V1R4M3X2Y8,2019557,벌칙 구성요건 명확화, 발매이익금 사용범위 현실화 불법행위 처벌수준 상향 등.
20,폐기물관리법 일부개정법률안(대안),PRC_A1K9T0C7C1U8X1V5S2M0Q4J6Y7D8Y4,2023128,권리·의무 승계 사전허가 반입정지명령 신설 과징금·처벌 강화 등 폐기물 부적정 처리 방지.
20,항공안전기술원법 일부개정법률안,PRC_O1Z6B1I0Q2S4O1V7D5H6B3U8A4V1W7,2002873,벌금형 기준 조정(징역 1년당 1천만원) 등 법정형 편차 해소.
20,국제항해선박 및 항만시설의 보안에 관한 법률 일부개정법률안,PRC_V1K6E1W1F2I3E1H6H0H3I0Q3W0Z2E5,2003797,항만 CCTV 설치 근거 및 해상도 기준 명확화 영상 기록 관리 강화.
20,국가회계법 일부개정법률안,PRC_D1C6U0Q8I0X4D1D8X1U1D4H3R4E3D6,2001422,결산보고서에 세입세출결산 사업별설명서 첨부 의무화로 결산심사권 강화.
20,종자산업법 일부개정법률안(대안),PRC_Y1G6S1G1E2M8W1F6N4J6C5H9B5S5U3,2004202,육묘업 등록·품질표시 의무화 종자 검정업무 통합 우수품종상 시상 근거 마련 등.
20,산림자원의 조성 및 관리에 관한 법률 일부개정법률안(대안),PRC_F1Q9U1N1K2S0T1K6R3I9K2Z5X2H8B0,2024026,어려운 법령용어 한글화, 과징금 미납 시 강제징수 절차 신설 등 제도 개선.
20,첨단의료복합단지 지정 및 지원에 관한 특별법 일부개정법률안,PRC_D1U8K0U7S1Z0M1S7H1A7T1U0L6J7L5,2014324,기타공공기관에도 정관 관련 사항을 명시하여 입법 미비를 보완함.
20,저작권법 일부개정법률안(대안),PRC_K1U7H0C2A2V0X1J8Y5Z8B5T4R9X9L5,2005915,저작권신탁관리업자 결격사유에 피성년후견인과 피한정후견인을 포함하도록 조정함.
20,중소기업 인력지원 특별법 일부개정법률안,PRC_S1N6X0U7N1U8V1Y6R3J3B4U7H2M3V5,2000960,청년 고용지원 연령을 29세 이하에서 34세 이하로 확대함.
20,양육비 이행확보 및 지원에 관한 법률 일부개정법률안(대안),PRC_G2T0V0A5P0S6I1J5X3N3Q3Q9J0D7X7,2024980,한시적 양육비 긴급지원 시 국세 체납처분 예에 따라 징수 및 운전면허 정지 등 제재 강화.
20,한국수자원공사법 일부개정법률안,PRC_M1S6M1G0S2G4T1Q8P2L4L3Z8A0V2J2,2002882,벌금형 기준을 징역 1년당 1천만원으로 조정하여 형벌의 합리성 제고.
20,곤충산업의 육성 및 지원에 관한 법률 일부개정법률안(대안),PRC_C1F8A1R1I2H8M1E7D2B5D1J7L5N8Z4,2017120,곤충산업 신고수리 간주제도 도입 및 곤충종자보급센터 설치 근거 마련.
20,농어촌특별세법 일부개정법률안,ARC_K1S6J0N9F0L2Z2V0Y4L4P3F8V7Q6D3,2002114,중소기업 투자 및 고배당기업 주식 배당소득에 대한 농어촌특별세 비과세 대상 추가.
20,지방세외수입금의 징수 등에 관한 법률 일부개정법률안,ARC_G1Y9F0E9T2H7I1T5Y5D3V4O0L3E1K2,2022726,지방세외수입금 명칭을 지방행정제재·부과금으로 변경하고 정보통신망 통합 등 제도 개선.
20,학교용지 확보 등에 관한 특례법 일부개정법률안(대안),PRC_B1T7M0K2X2P0Z1X8K3J2G2J2Y0T4K5,2005909,학교용지부담금 특별회계 설치와 분양자료 미제출 시 과태료 등 관리 강화.
20,장기공공임대주택 입주자 삶의 질 향상 지원법 일부개정법률안,PRC_W1D7M0X6H0F9Q1Y4U2H1S5R2C5A2R8,2007298,장기공공임대주택 입주자 삶의 질 향상 위한 5년 단위 기본계획 및 재정지원 근거 신설.
20,초·중등교육법 일부개정법률안,PRC_P1F6Z1Z2S0W8Q1D4E1K7S4J0R9C2K0,2004222,교육통계조사 법적 근거 마련 및 통계정보 활용·관리 강화.
20,중소기업창업 지원법 일부개정법률안(대안),PRC_I1I8K0Y9W1X8G1E1E1B8L4M4Y5V5K6,2016537,사행산업 등 제외 모든 업종 창업 포함 및 임원 결격사유 발생 시 유예기간 부여.
20,공인회계사법 일부개정법률안,PRC_J1W8Q0G4B1E6L1B7Z5M0O4Z3P3X6H4,2013080,회계법인 분할·분할합병 근거 마련 및 과징금 연대납부 등 구조조정 지원.
20,한국국제협력단법 일부개정법률안,PRC_K1U9U1J0I2Y8E1A0G4B6Q2V6G6R4M2,2023070,국제개발협력 목적 반영 및 글로벌 인재양성 사업 명문화.
20,장기등 이식에 관한 법률 일부개정법률안(대안),PRC_H1L7O0T9T2L0T1I7C0B8J0A2Z8A0E2,2009647,생명나눔 주간 신설, 장기기증자 예우사업 근거, 벌금기준 정비.
20,개별소비세법 일부개정법률안,ARC_A1N6B0H9F0X2J2C0F4V4G1X1A2C4Z8,2002111,로열젤리 과세 제외, 유연탄 세율 인상, 담배 세액 환급사유 확대 등 세율 조정.
20,자동차손해배상 보장법 일부개정법률안(대안),PRC_S1J7T0S9Z2R0F1P7C4Q3V2G0R9M0X5,2010078,폐차 시 의무보험 해지 및 뺑소니 사고 운전자에 대한 구상권 근거 신설.
20,개별소비세법 일부개정법률안,ARC_L1N7W0H9U0R1E1F7E2U0K2C3I2C5E2,2008994,유연탄 개별소비세 세율 상향 조정.
20,환자안전법 일부개정법률안(대안),PRC_G1P9J0A3F2L6Q1D4O0C2K0Z9P3S0B0,2023996,중대한 환자안전사고 발생 시 보고 의무화 및 환자안전센터 지정 근거 마련.
20,풍수해보험법 일부개정법률안(대안),PRC_P1A8W0X9K1V1I1Y9E4X7L4R3E3V4Y5,2017156,소상공인 사업장도 풍수해보험 가입 대상임을 명확히 규정.
20,학교도서관진흥법 일부개정법률안(대안),PRC_H1U7B1O1L2L9O1R0Z4F6D0R6X0M4L1,2011638,초·중·고 도서관에 사서교사 등 전문인력 의무배치 규정.
20,중소기업제품 구매촉진 및 판로지원에 관한 법률 일부개정법률안,PRC_Y1V7Q0S6K2C2S1H4I0B8R3X2M6Z1B7,2007516,시험연구원의 성능검사 지연 시 지정취소 등 관리 강화.
20,주한미군 공여구역주변지역 등 지원 특별법 일부개정법률안,PRC_X1V7S0O2P0U9Z1Y6T4K7C4I9U5R4X0,2005523,폐지된 법률명 정비로 용어 혼란 해소.
20,농약관리법 일부개정법률안(대안),PRC_J1P8H1R1I2V8N1B6G0L0Z5W0S1O5Q3,2017160,수출입식물방제업 등 영업신고 수리 명시 및 농약 유통 이력관리 강화.
20,화물자동차 운수사업법 일부개정법률안(대안),PRC_F1J8B0C3U1C6R1Q7R1U4U5A8D3Y2J7,2012765,화물차 안전운임제 도입, 표준계약서 사용 권고 영세사업자 지원 확대.
20,자본시장과 금융투자업에 관한 법률 일부개정법률안(대안),PRC_Z1I8Y1V1E2F7S1J3F3B4R4I4Q3D6U7,2017151,금융투자업 약관 사후보고제 도입, 유사투자자문업자 결격요건 신설.
20,제2연평해전 전사자 보상에 관한 특별법안(대안),PRC_Y1H7Y1Z2B1M2E1W3Y1A7S4A5Y6P3L1,2010970,제2연평해전 전사자 유족에게 전사 기준 보상금 지급 및 신청 절차 규정.
20,산지관리법 일부개정법률안(대안),PRC_H1V7R1P2J0Q1U1W0H2O3P3G3R0O2P8,2012206,산지경관 정의 신설 및 대체산림자원조성비 감면·사후관리 제도 도입.
20,학교안전사고 예방 및 보상에 관한 법률 일부개정법률안(대안),PRC_D1V8S1Y1T1G4L2W2F5E4U5R1B4G2Y4,2016889,과태료 부과 절차 정비 및 과태료 금액 상향 등 처벌 강화.
20,전통시장 및 상점가 육성을 위한 특별법 일부개정법률안(대안),PRC_Z1J8L0S3C1W9L1I8E4J7X5C9P7T8Z4,2014545,전통시장 안전시설물 관리계획 수립 및 안전점검 의무화.
20,피후견인 결격조항 정비를 위한 3개 법률의 일부개정에 관한 법률안,ARC_U1B9M1H2F0Z2B1H6B2D4Y4M7L0G3P1,2024142,피후견인 결격조항에서 피한정후견인 삭제로 직업의 자유 보장.
20,의료법 일부개정법률안(대안),PRC_L1F9Z0Z3C2L6Q1K3M5W6Q1R8K7O5K2,2019601,의료인 폭행 시 처벌 강화 및 의료기관 보안장비 설치 의무화.
20,제대군인지원에 관한 법률 일부개정법률안,PRC_X1E7F0E9F0D1V1Z5Q5S2A1O8I2G0X1,2008970,결혼 목적 약취·인신매매 범죄자도 제대군인지원 대상에서 제외.
20,노인복지법 일부개정법률안,PRC_D1V6D1V1L1Q6O1W6R2L8O5R9Q4M2G7,2003623,노인학대행위자 심리치료 이행 및 학대피해노인 쉼터 법적 근거 마련.
20,하도급거래 공정화에 관한 법률 일부개정법률안(대안),PRC_I1Q8Q0Q3S1Q3P0Z7X4N2R4Z7L6M8H4,2012764,원사업자의 기술자료 유출행위 처벌 및 조사시효 7년으로 확대.
20,부동산등기법 일부개정법률안,PRC_F1E6W1V0G2H7T1W7I4S9J4W5F5P9V6,2002970,건물표시변경등기 의무 위반 시 과태료 규정 삭제.
20,동물보호법 일부개정법률안(대안),PRC_Z1L9Y0X4L0N5W1M7Y1B9F1L5R7B5F3,2021795,반려동물 영업 변경·폐업 신고 수리 명시 및 동물도박 광고 금지.
20,토지이용규제 기본법 일부개정법률안,PRC_H1B6C1E1D1E0I1Q7F2K8G1F6X2U0N1,2003467,금치산자·한정치산자를 피성년후견인·피한정후견인으로 용어 정비.
20,대도시권 광역교통 관리에 관한 특별법 일부개정법률안,PRC_L1Y9E1A0C2T2U1Q7H4A4Z5N1H5C5I4,2022952,광역교통특별대책지구 지정 및 광역교통지원센터 지정 근거 신설.
20,지방재정법 일부개정법률안,ARC_F1I7H0F2V0W3K1Y0T4F6N4X5D3Y5M6,2005409,재정안정화기금 설치 및 사용한도 지방채 상환 예외 등 규정.
20,증권거래세법 일부개정법률안,ARC_S1R7L0O9W0C1G1G1E3B1F2W4O5K7H8,2008934,증권거래세 신고·납부기한을 반기 단위로 변경하여 납세편의 제고.
20,어린이 식생활안전관리 특별법 일부개정법률안,PRC_Q1J7B0X2N1H5L1L4N3V5K3G4M6R8O4,2005646,학교 내 커피 등 고카페인 식품 판매 금지로 어린이 건강 보호.
20,학교보건법 일부개정법률안,PRC_Y1N6X1F0E2A8N1N8F4H9Y5S2L3F5R8,2003053,유치원생도 응급처치교육 대상 포함 및 교육 횟수 연 2회 이상 확대.
20,주민소환에 관한 법률 일부개정법률안,PRC_A1V8K0I1Y1B8P1H4O2B5M4M0M4I1H1,2011441,‘부녀’ 용어를 ‘여성’으로 변경하여 양성평등 및 용어 통일성 제고.
20,의사상자 등 예우 및 지원에 관한 법률 일부개정법률안,PRC_W1E8R0X6Z2X1V1J4E3G5N4G4O3I3L2,2013975,의사상자심사위원회에 민간위원 과반수 포함 등 전문성 강화.
20,재외공관 공증법 일부개정법률안,ARC_R1F6R0A6S3L0C1Y5B1S3F0F6R3N6X2,2000596,공증담당영사 교육제도 도입 및 공증사무 신뢰성·절차 개선.
20,地方稅에關한臨時措置法 폐지법률안,PRC_K1M7L0Q6G0S8C1Y5U3Q3S4B5J8C2G5,2007275,효력 상실된 지방세 관련 법률을 폐지하여 국민 혼란 방지.
20,근로복지기본법 일부개정법률안,ARC_Q1D6F0Y9V2F1U1A3T4J7C2Y9G9I9C4,2002369,비상장법인 우리사주 환매수 의무 도입 및 우리사주조합 통한 회사인수 특례.
20,건축법 일부개정법률안,ARC_Q1H7B0T8U2I8U1N4J4T5E2P7Z7V2M1,2008752,건축허가 협의 회신 미응답 시 협의 간주제도 도입.
20,항만운송사업법 일부개정법률안(대안),PRC_Y1W8H1F1T2K8Z1A7J5W4V3I0W6R8W4,2017125,검수사 등 자격시험 결격사유 기준일 명확화 및 신고수리 간주제도 도입.
20,국산밀산업 육성법안,PRC_R1K7H1L2G2K1V1R6G4V4O0Z6F4T9Z5,2010960,국산밀산업협회 설립 공공비축밀 제도 국산밀사용인증 등 육성 기반 마련.
20,소상공인 보호 및 지원에 관한 법률 일부개정법률안,PRC_M1M6T0I6W2H3U1H3S1Q0Q1E5P2S1H7,2000431,전자상거래·스마트결제 등 상거래현대화 지원사업 근거 신설.
20,수목원·정원의 조성 및 진흥에 관한 법률 일부개정법률안(대안),PRC_W1P9G1H1Z2B0A1L6T4U6K3A7E9V9B1,2024730,국가·지자체 정원 조성 시 토지 수용 및 여성임직원 처우 개선 위원회 설치 근거 마련.
20,기상관측표준화법 일부개정법률안,ARC_S1R7B1S0S2K7H1Y3S3L2A2P8W0U5Y4,2009944,기상관측장비 형식승인제도 도입과 형식승인대행기관 지정제도 신설로 기상관측 정확성과 효율성 제고
20,가축 및 축산물 이력관리에 관한 법률 일부개정법률안,PRC_J1X9X1K1M0Z5J1G0R0E0E4E6C7V4K4,2023580,어려운 한자어나 일본식 표현을 한글화하여 법률 용어를 쉽게 개정
20,사립학교법 일부개정법률안,PRC_Z1C9K1K1B2A7K0K9X2A0F0C2R7S5W0,2024737,사립학교 임원 교육경험 범위 명확화와 폐교대학 기록물 관리 및 교원 육아휴직 기간 명시
20,목재의 지속가능한 이용에 관한 법률 일부개정법률안,PRC_T1J8B1X1Z2L8I1N7E3L1C0G3T0N2Y3,2017150,목재교육전문가 양성기관 지정과 임원 결격시 유예기간 부여 등 목재교육 활성화
20,증권거래세법 일부개정법률안,PRC_H1J8W0B3L1Y9P1H1K2J2Z0N3G0Y6J0,2012530,사후검증 대상자 선정의 투명성 확보 위해 질문검사권 남용 금지 규정 신설
20,교통안전법 일부개정법률안,PRC_Y1O7O0J2H2L2W1R9G1E1X0T9W4C1M2,2005848,운행기록 조작시 과태료 부과 등 교통안전진단기관 처분기준 위임 및 무능력자 용어 변경
20,가축전염병 예방법 일부개정법률안,PRC_D1M7X0N2R2J3Q1C0W0O6R0O0D2S2U9,2005884,염소와 양을 구분하고 방역지시권 강화 및 거래기록 확대 등 가축전염병 대응 강화
20,응급의료에 관한 법률 일부개정법률안,PRC_J1A6O1L1H0J4R1Q7H4C9H0L0D0Y5P7,2003661,유치원교사 보육교사 응급처치교육 대상 추가와 응급실 출입제한 등 응급환자 관리 강화
20,액화석유가스의 안전관리 및 사업법 일부개정법률안,PRC_M1S6W1N2M0J2V1C8I1Y6Y1J6C0R4Y3,2004088,가스용품 표시대상에 제조일자 추가로 소비자 알권리와 안전 강화
20,항만 재개발 및 주변지역 발전에 관한 법률안,ARC_J1A9D0Q1Q0N3C1H7G4S6R5I2T9S1I5,2018017,항만재개발 복합시설용지 도입과 사업구역 대체지정 등 항만 및 주변지역 개발체계 강화
20,소상공인 생계형 적합업종 지정에 관한 특별법안,PRC_T1K8W0Q5D2Y1C1C4F3P3R1Q2P5Q5N3,2013785,생계형 적합업종 지정제 도입으로 대기업 진출 억제 및 소상공인 보호 강화
20,한국가스공사법 일부개정법률안,PRC_I1Z8Y0E8S1G7J1Q3L2P5A4Y8F2D4R9,2014924,한국가스공사 사업범위에 수소제조공급 등 수소산업 육성 근거 신설
20,노동조합 및 노동관계조정법 일부개정법률안,PRC_P1N7R0N2S2N4J1Q1S1O3J2Y5L8Y3J7,2005776,법인 등 양벌규정에 책임주의 원칙 반영 및 과태료 관련 중복조항 삭제
20,도로교통법 일부개정법률안,PRC_J2H0O0L5E1Y4P1G5J5V8P4Z4N5E9L3,2024982,전동킥보드 등 개인형 이동장치 운행규정 신설과 초과속 운전 처벌 강화
20,초중등교육법 일부개정법률안,PRC_U1F9E0X9K2J4M1A1T5C9Q0W1Y3N5Q0,2023280,고교 무상교육 실시 근거 마련 및 공민학교 관련 규정 정비
20,이스포츠 진흥에 관한 법률 일부개정법률안,PRC_J1G7D0F5D2P4E1X5W1Q7D4Q3X4L0O0,2007014,생활이스포츠시설 지정 근거 신설과 지역 이스포츠 문화 활성화 지원 강화
20,공중방역수의사에 관한 법률 일부개정법률안,PRC_B1A9K1R1O0L5A1T0X0M9H0C2P6A5Y8,2023583,어려운 한자어 일본식 표현 한글화로 법률 용어 알기 쉽게 개정
20,과학기술분야 정부출연연구기관 등의 설립운영 및 육성에 관한 법률 일부개정법률안,PRC_E2W0H0L5E0I6C2J1A2A4J0R3B6N1F0,2024967,연구기관 자체감사 기능을 연구회로 이관해 감사 독립성 강화
20,기업 활력 제고를 위한 특별법 일부개정법률안,PRC_W1H9Q0J7V1M1Z1J8I0N1H3C8U8Z5G3,2021758,법 유효기간 5년 연장과 신산업 진출 사업재편 등 적용범위 확대
20,광산안전법 일부개정법률안,PRC_D1X7T0H3R3W1C1V6F4B8G0U3Y8I6P5,2006536,광산안전관리직원 대리자 미선임시 벌칙 신설 등 대리자 선임 실효성 확보
20,사립학교교직원 연금법 일부개정법률안,PRC_J1E7L1Q2B2M9N1X5E4W4J5A7O5X6Z5,2011142,사립학교 교직원 유족연금 보상기준 설정과 분할연금 선청구제도 도입
20,학교보건법 일부개정법률안,PRC_H1B6I1N2Z0A2C1L7X0N9C5B3Y0V6N4,2004079,학교 내 체육시설 유해물질 예방관리 책임 학교장에 부여
20,장애인고용촉진 및 직업재활법 일부개정법률안,PRC_L1L8Z0M4Z1A0Y1M7F0L9P2K4Q8P5F6,2012999,장애인 고용부담금 면제 제한으로 장애인 고용의무 실효성 강화
20,국제항해선박 및 항만시설의 보안에 관한 법률 일부개정법률안,ARC_G1U6E0Y8J1Y1J1C4K1X8I4C2P3K9I0,2001544,국제항해여객선 보안검색 범위 명확화 및 경비검색업무 수탁기관 지정제 도입
20,유아공교육체제발전특별회계법안,PRC_O1D6N1C1L0I9J1V7P3H6K2D8T0R1S2,2003433,누리과정 등 유아공교육 재원 확보 위한 특별회계 설치 근거 마련
20,도시재정비 촉진을 위한 특별법 일부개정법률안,PRC_Q1I6A1I0I2K1N1H7E4V0Y3N6L3X1J2,2002821,재정비촉진지구 해제시 주민의견청취 절차 도입으로 권익보호 강화
20,미세먼지 저감 및 관리에 관한 특별법 일부개정법률안,PRC_A1C9O1E2T1G2H1S8C3X7L4Q1N8I8D6,2024729,고농도 미세먼지 기간 집중관리와 강화된 저감조치 시행 근거 신설
20,식물방역법 일부개정법률안,PRC_J1C9A0C4S1K1I1Q0L4R2D4D2P9J7P5,2019742,외래병해충 발견시 식물병해충 연구자 신고의무 명시
20,영유아보육법 일부개정법률안,PRC_F1U7K0G1F1A9W1R6Q3B5R4W6L7I9B1,2005753,보호자 대상 영유아 교육 실시와 직장어린이집 설치대상 확대 등 보육환경 개선
20,관광진흥법 일부개정법률안,PRC_O1T7O0Q2A2U0K1T9H0J6J0V4V1U5Y0,2005913,관광사업자 결격사유 용어 정비와 관광특구 공개공지 사용 특례 확대
20,암관리법 일부개정법률안,PRC_O1J8G0F3U0B8E1Z6W5W0I4I8V6W2T6,2012388,호스피스 조문 이관 및 암생존자 지원 등 암관리사업 근거 체계화
20,선원법 일부개정법률안,PRC_E1E9K1H1I1J9C2E0T0R5R1X7V3H0I1,2024004,실습선원 권리보호와 임금지연이자 지급 등 선원 근로환경 개선
20,군인사법 일부개정법률안,PRC_K1V8N1H1B2M9O1J8N4X9Z5D6W9V1E8,2017758,군인 성폭력범죄 결격사유 강화와 간호휴직 확대 등 임용기준 개선
20,귀속재산처리법 일부개정법률안,PRC_P1J9J1L1Z2E8M1A9K4H1U2Q6J4N1X6,2024759,법 제명 한글화 및 금치산자 용어 피성년후견인 등으로 개정
20,원자력안전법 일부개정법률안,PRC_M1R6E0S6H2P2J1D8A0B7J4U8Y6Y6W6,2000420,원자력발전 사업승계 신고절차 신설 및 결격사유 준용 등 미비점 보완
20,지방재정법 일부개정법률안,PRC_B1I9H0N6Q2J6V1O7N2Y2U1B9G5L7W4,2023991,지방채 발행 한도 초과시 협의절차 도입과 주민참여예산제 운영현황 공시
20,장애인 등에 대한 특수교육법 일부개정법률안,PRC_P1N6V1X2V2G9E1S8B1M2A5F8G8R8R6,2004791,특수학교 학칙 차별 금지와 특수교육대상자 의견 반영 의무화
20,공공보건의료에 관한 법률 일부개정법률안,PRC_O1J9K0X9K2D4W1D5A2O8B4R9Q9E8R7,2022634,국유공유재산에 영구시설물 축조 근거 신설
20,민사조정법 일부개정법률안,PRC_D1C6R1Y2X2O2G1F0A4R0N0H7U8B2I1,2004551,조정센터 설치와 조정과정 비밀보호 등 조정제도 활성화
20,정보통신 진흥 및 융합 활성화 등에 관한 특별법 일부개정법률안,PRC_I1W8O0A9B1A9B1B0L1G9Y3D5Z7Y9L4,2015700,임시허가 유효기간 연장 및 실증특례 도입 등 신기술 규제완화
20,국립항공박물관법안,PRC_N1L8X0T6K2U7U1B7D3J9U1B4O2Q9Q3,2014053,국립항공박물관 설립과 운영 근거 마련 및 항공문화 산업 발전 지원
20,급경사지 재해예방에 관한 법률 일부개정법률안,PRC_C1W9H1Y0J1K7B1Q9H1C3J5Q3N0W1T8,2023887,한국급경사지안전협회 설립과 붕괴위험지역 정비 등 안전관리 강화
20,각급 법원의 설치와 관할구역에 관한 법률 일부개정법률안,PRC_E1M6F0Z9T2K2A1B3A5L5X0Y0L9R7J7,2002410,서울회생법원 신설 및 관할구역 규정
20,지방문화원진흥법 일부개정법률안,ARC_W1Z7N0Y8U2R8U1O3T3L6Y2U1V7P3A9,2008737,지방문화원 설립인가 20일내 통지 등 인가민원 처리 투명성 강화
20,감정평가 및 감정평가사에 관한 법률 일부개정법률안,PRC_S1Y9T1A2V0N5T1I8K4K1B2E8M9M2R9,2024703,감정평가업자 용어 감정평가법인등으로 변경 및 자격증 대여알선 처벌 강화
20,신라왕경 핵심유적 복원정비에 관한 특별법안,PRC_U1S7T0I5Z2H9K1E2T1Z4J4L6Q9Y4A9,2007059,신라왕경 핵심유적 복원정비 종합계획 수립과 재단설립 등 문화유산 보존 강화
20,자연공원법 일부개정법률안,PRC_R1L7A1X2C2W7L1L8O5Q7W0C0C5R5S7,2011062,군립공원 등 지정해제 승인권자 일치 등 승인권한 명확화
20,수입식품안전관리 특별법 일부개정법률안,PRC_X1V9X1Z1L2A9O1W1S0Q9F2Y5Q1B7C9,2024671,수입식품 HACCP 도입과 정보시스템 구축 등 안전관리 강화
20,산업안전보건법 전부개정법률안,PRC_J1U8O1I2J2Y7T1V6G1S7J2L5G9Z4W7,2017834,작업중지권 확대와 특수형태근로자 보호 등 산업재해 예방 강화
20,채무자 회생 및 파산에 관한 법률 일부개정법률안,PRC_P1E9W0L5S1O0D1M1S2V4U4R0Q6F3M7,2020364,개인회생절차 채무총액 산정기준 신청시점 명확화
20,건축법 일부개정법률안,PRC_D1X7Z1X1D2C9L0B9H4F8L0M2J8A9A7,2010672,내진능력 공개대상 확대와 리모델링 범위 정비로 건축물 안전성 제고
20,기업 활력 제고를 위한 특별법 일부개정법률안,PRC_A1S7H0B2G2I1V2L0M2V4I4G7M2H8L3,2005899,사업재편계획심의위원회 제척사유 확대와 회의록 작성 등 심의공정성 강화
20,식품의약품분야 시험검사 등에 관한 법률 일부개정법률안,PRC_X1X8I0Q9W1C9X1V7R2P5V5Z6R9A3J1,2016592,시험검사기관 관리강화와 국가표준실험실 지정 등 시험검사 신뢰성 제고
20,지방자치단체 기금관리기본법 일부개정법률안,ARC_Q1K8I1W2M2U1F1B5C3O5J0V8V0C4O0,2017663,지방채 발행시 협의절차 도입 등 재정자율성 확대
20,국유림의 경영 및 관리에 관한 법률 일부개정법률안,PRC_K1L7L0S9L2T0G1A9B0X0B2I1S4S6E6,2009652,국유림 대부료 통합징수와 불법건물 설치시 벌금기준 조정 등 관리 효율화
20,지속가능 교통물류 발전법 일부개정법률안,PRC_D1H8K0C1P0U4K1I4T5J5J2J9Z0Q7T6,2011276,특별대책지역 지정 권한 지방자치단체장에 이양 등 녹색교통정책 실효성 제고
20,정보통신망 이용촉진 및 정보보호 등에 관한 법률 일부개정법률안,ARC_E1C6P0J8V2R5R1E6A3C0T1S8V6W0E5,2001814,과태료 이의제기 및 징수 관련 규정 삭제로 절차 일원화
20,중증장애인생산품 우선구매 특별법 일부개정법률안,PRC_T1Q7B1X2J0A4Z1P7M4D6E3B5I5G4A8,2010602,지정취소 전 개선명령 과징금 등 행정처분 단계 신설로 중증장애인 고용불안 해소
20,폐기물처리시설 설치촉진 및 주변지역지원 등에 관한 법률 일부개정법률안,PRC_N2T0Q0B5R0J9L1F4X2Q8Y3P6K4S2Z2,2024939,폐기물처리시설 지하화 근거 신설과 주민편익시설 비용 포함 등 설치의무 강화
20,수산생물질병 관리법 일부개정법률안,PRC_Z1L7V1E1K1B6J1F7T2L0R4W1T1I8Y1,2010196,정신질환자 정의 및 인용법률 개정에 따른 용어 정비
20,울산과학기술원법 일부개정법률안,PRC_Z1A9S0Z3G1B1K1B7P2S8E2M3F7F7Y1,2019112,여성교수 임용 확대 위한 양성평등정책 수립 및 실적평가 근거 신설
20,한국과학기술원법 일부개정법률안,PRC_F1L9F0R3R1O1L1J7A2T3X3X7M6M6C5,2019111,여성교수 임용 확대 위한 양성평등정책 수립 및 실적평가 근거 신설
20,상표법 일부개정법률안,PRC_P1J8T1N1T2P8W1G3M5R9Y4I6E3E9W1,2017090,상표검색기관 등록제 도입과 국선대리인 선임 및 심판수수료 감면 근거 마련
20,지방자치법 일부개정법률안,PRC_A1H7D0C3G2G4L1S0D1K2I1A0M3N9K4,2006477,일본식 한자어 납골당을 봉안당으로 변경 및 인용조문 정비
20,특허법 일부개정법률안,PRC_F1U8W0N3H1N9W1V7W1O0T5M8F4T8S2,2012750,전담기관 통한 선행기술조사 관리평가와 비밀누설시 시정조치 등 업무관리 강화
20,제대혈 관리 및 연구에 관한 법률 일부개정법률안,PRC_L1L7V0Q9G2Z0P1Q7T0R6U4X3B1O5A5,2009646,제대혈 관리업무 심사평가 의무화 및 부적격 제대혈 공급시 처벌 강화
20,인터넷전문은행 설립 및 운영에 관한 특례법 일부개정법률안,PRC_S2S0I0Q4V2L8J0V9C0T5E5F1J7Z1Q1,2024892,산업자본 대주주 승인요건 완화로 인터넷은행 진출 규제 합리화
20,고엽제후유의증 등 환자지원 및 단체설립에 관한 법률 일부개정법률안,PRC_L1H7N0E9B2W1I1G4J2I3O5U8O5J4F8,2009695,고엽제환자 고용특례 신설과 개인정보 보호 강화
20,교통안전법 일부개정법률안,PRC_P1Q9D0K7P1W8F1O4N3R5C1N6Y4B7S7,2021537,어린이통학버스 운행기록장치 의무화로 안전운행 확보
20,송변전설비 주변지역의 보상 및 지원에 관한 법률 일부개정법률안,PRC_A1H6S1J2O2A0D1L5B5K9P0V8I9E6Y8,2004495,50만볼트 HVDC 송전선로 보상지원사업 시행 근거 신설
20,국가보훈 기본법 일부개정법률안,PRC_W1W6T0B6G1R7L1B5E5O2Y3A4M6G6L7,2000317,국가보훈대상자 취업촉진과 인력양성 등 고용안정 방안 포함
20,항공보안법 일부개정법률안,PRC_T1Y7D0E2V2J2H1P9I1L6E2V4N6B1S3,2005846,항공기내 폭행 등 안전위협행위 처벌 강화 및 보안검색 업무 강화
20,대한민국 재외공관 설치법 일부개정법률안,PRC_V1W7B1J2T2E1O1E4W2R6O4Q0P0A0Z9,2010946,재외공무원 소환징계 등 인사조치 법률 위임근거 신설
20,실내공기질 관리법 일부개정법률안,PRC_T1B7G0P2O2U0X1R7J1Y4N2P3Y7X6V6,2005706,취약계층 이용시설 공기정화설비 설치 의무화 및 비용지원 근거 마련
20,어선원 및 어선 재해보상보험법 일부개정법률안,PRC_B1T6S1V0C1W8O1O8T0S7K5X8A2Q4T8,2002695,어선원 보험료 지방비 지원과 진료비 심사청구 절차 개선
20,체육시설의 설치이용에 관한 법률 일부개정법률안,PRC_U2R0G0N2L2P6G1W6S1F7L2S3R6Z1N7,2024893,체육교습업 신고 의무화 및 교습업 차량 어린이통학버스 규정 적용
20,철도사업법 일부개정법률안,PRC_L1C8D1H1P2H0Y1W1Z1U2J0M5C7R6X6,2017116,부정승차 용어 정비와 철도시설 점용료 감면 근거 마련
20,한국산업은행법 일부개정법률안,PRC_L2T0K0H4I2A3E1O3F3P0H5Q3D6U5L8,2024861,한국산업은행 기업지원 자금지원 근거 강화
20,총포·도검·화약류 등의 안전관리에 관한 법률 일부개정법률안,PRC_U1J6Z0L8L2J2I1V6K2N5I5X9W9S2K2,2001734,자동차 긴급신호용 불꽃신호기를 고속도로 하이숍 등에서 취급할 수 있도록 화약류 적용을 완화해 국민의 사용 활성화와 2차사고 예방을 도모함
20,낚시 관리 및 육성법 일부개정법률안(대안),PRC_R1K9R0K4Q0V4S1E7U0X9J0H1W4G9P6,2021792,낚시터 안전관리 강화와 오물투기 금지 낚시어선 안전검사 의무화 등 안전과 환경보호 및 영업관리 기준을 신설함
20,해양환경관리법 일부개정법률안(대안),PRC_U1X9W1S1C1B9S1P9B4V1L1D6U9J2X4,2024714,국제협약 반영 선박에너지효율관리계획서 관리 강화 해양오염방지관리인 자격요건 및 방제체계 강화 등 해양환경관리 제도 개선
20,국민건강보험법 일부개정법률안(대안),PRC_Y1W7Y1X1Q2T3W1Y4Z4Y1P4Z7W5J4P0,2010939,재난적의료비 지원사업 출연근거 신설 임의계속가입자 인정요건 완화 일본식 한자어 용어 정비 등 건강보험 제도 개선
20,부마민주항쟁 관련자의 명예회복 및 보상 등에 관한 법률 일부개정법률안,PRC_Y1T8I1R0K0K8C1X6D5Z3U0Q2C2W6D4,2015912,진상규명위원회 활동기간 연장과 주민등록자료 등 자료취득권한 신설로 명예회복과 보상 실효성 강화
20,금융위원회의 설치 등에 관한 법률 일부개정법률안,PRC_K1X8O0E2S0A9F1V1Q0M2V5U4Z6T2M1,2011872,금융감독원 집행간부 해임기준 신설 및 임기제공무원 전환 등 징계 실효성 및 조직 운영 합리화
20,국제조세조정에 관한 법률 일부개정법률안,ARC_I1T7V0W9R0C1F1L6A5H1G1B9A8C7Y2,2008985,국세 정상가격과 관세 과세가격 조정제도 보완 및 다국적기업 이자비용 공제제한제도 등 세원관리 강화
20,언론중재 및 피해구제 등에 관한 법률 일부개정법률안,PRC_J1I8Y0O8N0C3U1J7B3D3E2P4E3S8F0,2014737,중재위원 결격사유에 언론사 일반직원 포함으로 분쟁조정의 공정성과 법규정 명확성 강화
20,자전거 이용 활성화에 관한 법률 일부개정법률안(대안),PRC_L1Z7H0Q1C1U0X1Y8P3X3D5L8Z2W2J6,2005896,전기자전거 정의 신설과 무면허 운전 허용 어린이 보호 의무 전기자전거 안전요건 및 통계체계 정비
20,연구실 안전환경 조성에 관한 법률 일부개정법률안,PRC_R1B7V1X1P2N1B1B7G4F7U4Z2U4Y9K4,2010293,연구실안전환경관리자 부재시 대리자 지정 의무화 및 위반시 과태료 신설로 연구실 안전관리 공백 방지
20,철도안전법 일부개정법률안(대안),PRC_A1D7U0M9S2M0M1I7W4H6I5B3I1N4E9,2009675,철도차량 개조시 안전기준 승인 의무화와 철도종사자 안전교육 실시 의무 및 미이행시 과태료 신설
20,스마트도시 조성 및 산업진흥 등에 관한 법률 일부개정법률안,PRC_Z1P8H0V3S2O8I1C8S0P6K4S7R5Y6O3,2012734,국가시범도시 지정 및 지원 근거 신설 혁신성장진흥구역 도입 등 스마트도시 육성 위한 제도 개선
20,중소기업진흥에 관한 법률 일부개정법률안,PRC_B1E6H0S8Y0R3Z1F8I0U0O0Y0H9G7E3,2001397,중소기업 육성계획 5년 단위 수립 및 지자체 의견수렴 절차 신설로 지원사업 차별화와 협력 강화
20,방송통신발전 기본법 일부개정법률안(대안),PRC_T1M9T0W9Z2O4M1B8I4R1O2Z9Z6M6L3,2023862,북한 방송통신 조사연구 근거 신설 분담금 분할납부 허용 및 방송통신재난관리계획 거짓 제출시 과태료 신설
20,지방분권 및 지방행정체제개편에 관한 특별법 일부개정법률안,PRC_Z1F7X0C9X2Y6E1X3W2B6B3D3R5L4K0,2009596,자치분권위원회 신설 및 주민참여 확대 정부업무평가 반영 등 자치분권 추진체계 강화
20,수산물 유통의 관리 및 지원에 관한 법률 일부개정법률안,PRC_T1T7Y0G1F1J3S1Q5A2Y6E3G2P9I1M9,2005083,수산물 위판장 위생관리기준 신설 및 국가 지자체의 위판장 현대화 지원 근거 마련
20,식품 등의 표시·광고에 관한 법률 일부개정법률안,ARC_S1I9Q1R0H0B7P1W3I2Z4V1D6O1Z1I4,2022842,식품 영양표시 위반시 과태료 상한액 1천만원에서 500만원으로 하향 등 처벌 기준 조정
20,조세특례제한법 일부개정법률안(대안),PRC_D1Z8W1L2F0K7P1Y5B1N2I1A0G3R3V5,2017321,근로장려금 지원 확대 청년주택저축 비과세 등 저소득층 지원과 투자 촉진 위한 각종 조세특례 연장 및 신설
20,공동주택관리법 일부개정법률안(대안),PRC_T1E6S1D2Q2V1S1F9F4E7D1U6Q2B5I7,2005845,외부회계감사 결과 제출 의무화 경비원 등 근로자 권익보호 및 주택관리사단체 공제사업 확대
20,영유아보육법 일부개정법률안(대안),PRC_A1V8K0Q9Y1J9R1M4M3L1T4L1K8J5E6,2017118,500세대 이상 공동주택 국공립어린이집 설치 의무화와 예방접종 확인 의무 신설 및 시간제보육 서비스 명칭 정비
20,학교급식법 일부개정법률안,PRC_W1T6O0W9G0X5Y1N1G4U9F2P4G7P0G6,2002132,학교급식 경비 지원대상에 수산물 추가 및 우리 농수산물 우선 사용 의무화로 급식 품질과 소비 촉진
20,자살예방 및 생명존중문화 조성을 위한 법률 일부개정법률안,PRC_J1Y9H0F1Q3A1S1S7V3P4G5P3B1K2D7,2018461,자살실태조사 관련 정보제공 의무 신설로 실태조사 체계 정비 및 결과 공표 근거 강화
20,한국수자원공사법 일부개정법률안,PRC_M1V7M0C4I1Q0Y1P4X4E4B2S6R2S6C6,2006667,한국수자원공사의 해외 신재생에너지사업 업역제한 완화로 해외사업 활성화 및 국익 증진
20,여객자동차 운수사업법 일부개정법률안(대안),PRC_Y1H9Z1K1X2D8M0N8B3D4P3A6W8T1O6,2024920,운수종사자 자격취소 요건 명확화 및 기초지자체의 노선운영 지원 근거 신설
20,식품위생법 일부개정법률안,PRC_B1L9A0V4B0B4D1G6N2O0H3E5E2H3A2,2019572,식품위생교육 중 영업 전 교육은 집합교육 의무화로 교육 실효성 제고
20,어촌특화발전 지원 특별법 일부개정법률안,PRC_W1G9D1P1B0K5Z1Z0D5P0T3S5F9S2R7,2023590,어려운 한자어 일본식 표현 등 법률용어 한글화로 국민의 이해도와 접근성 제고
20,근로자직업능력 개발법 일부개정법률안(대안),PRC_N2Q0Z0D2F1S7K1P6N5A8O1W0F3I2L2,2024713,직업능력개발훈련기관 리베이트 제공 금지 훈련교사·강사 모두 보수교육 대상 자격증 대여·알선 금지 위반시 처벌 명시 등 훈련 위탁계약 투명성 강화
20,인천국제공항공사법 일부개정법률안,PRC_J1X7Y0Z7M1Q0R1K7B5W6Q4H2X2B8S3,2007885,행정형벌 처벌 수준의 편차를 합리적으로 조정하여 위헌성 제거 및 불법성에 상응하는 처벌 도입
20,중소기업기본법 일부개정법률안(대안),PRC_K1L8X0O3U1C9H1Y8G4U9G3D9W1T0C0,2013788,중소벤처기업부 신설에 따른 정책 총괄·조정권 부여 및 정책심의회 설치 지원사업 평가기능 신설 등 중소기업 지원체계 강화
20,인성교육진흥법 일부개정법률안,PRC_G1I7B0A7O1H2Y1Q5T2U9H5Y5J9G8D8,2007956,재외국민 한국학교 인성교육 실시 근거 마련 및 교육부장관 연도별 시행계획 수립 의무화
20,선박투자회사법 일부개정법률안,PRC_I1W7J0A6R2Y9Y1C4C4J1Q1F6M6F7U6,2007679,사모 선박펀드 규제 완화 및 선박운용회사 겸업제한 완화 우선주 발행 허용 등 선박투자회사제도 활성화
20,조세특례제한법 일부개정법률안(대안),PRC_L1D9R1Z1R3Q0G0W6F1D5T4D7E1C7I9,2024113,중소기업 투자세액공제 확대 벤처기업 출자세액공제 연장 근로장려금 인상 등 각종 조세특례 연장 및 신설
20,연구개발특구의 육성에 관한 특별법 일부개정법률안,PRC_P1V8D1N0D1J2W1N4R3S1B5C9D6X2I6,2015964,연구개발특구위원회 위원 공무원 의제 및 비밀누설죄 적용 규정 신설로 심의·의결 책임성 강화
20,화학물질의 등록 및 평가 등에 관한 법률 일부개정법률안(대안),PRC_Y1L8D0T9B1W0M1I9W3W1C0M7M4V9X7,2015678,유해성 시험자료 사용 승인제 도입 및 등록면제 내용 변경 시 환경부장관 변경신고 의무화
20,노인장기요양보험법 일부개정법률안(대안),PRC_O1X8U1U2B0V5F1M3U2T4S2Z4I3A4S2,2017743,일본식 한자어 용어 정비 장기요양급여비용 상계제도 도입 가족 대상 안내·상담 등 서비스 확대
20,중소기업진흥에 관한 법률 일부개정법률안(대안),PRC_G1H8D1S1D2S8D1P4I1B0R3P2N7F0H1,2017074,대도시 시장의 단지조성사업 승인 등 자율성 확대 및 중소벤처기업진흥공단 명칭 변경
20,수목원·정원의 조성 및 진흥에 관한 법률 일부개정법률안,ARC_U1K6M1P1K0E1L1U9L5P2Z2S5L3D6C3,2003200,산지전용 등 무허가 개발행위 벌금 상향 및 징역형과의 형평성 조정
20,국가통합교통체계효율화법 일부개정법률안,PRC_B1T8Y0S3B1L5W1V1P2H9M2R9G3Y9J7,2012483,국가차원의 환승센터 조성계획 수립 의무화 및 복합환승센터 계획 체계적 관리
20,유전자변형생물체의 국가간 이동 등에 관한 법률 일부개정법률안,PRC_V1N7G0F6E0U5S1X6D3C5V2L9O5P4D6,2007201,유전자변형생물체 생산공정이용시설 안전관리 대상 확대 및 이용승인제 도입
20,독립유공자예우에 관한 법률 일부개정법률안,PRC_E1J8R0I4L2N7I1H5A4Z6B4H6U7B6T3,2013287,독립유공자 자녀 전체로 대부지원 확대
20,국민기초생활 보장법 일부개정법률안,PRC_K1O8B0X9J2K8J1G8W0L4I4I1C4Q3G3,2015787,자활지원사업 체계 개편 자활기금 설치 의무화 및 통합정보전산망 구축 근거 신설
20,가축전염병 예방법 일부개정법률안(대안),PRC_W1A7F0N9M2V0Z1M8D5U9F2B4S2J0F0,2009664,가축전염병 특정매개체 검사결과 공개 사육제한 근거 신설 축산차량 GPS 장착 의무 등 방역체계 강화
20,매장문화재 보호 및 조사에 관한 법률 일부개정법률안,PRC_C1X7B0N5E2M6L1S7U2W5A0G4H3E2V0,2007047,행정형벌 최저형 상한 15년으로 조정
20,남녀고용평등과 일·가정 양립 지원에 관한 법률 일부개정법률안(대안),PRC_N1O7M0A9L2H2T2X0F1P4M2T0G8K0U5,2010046,직장 내 성희롱 예방교육 강화 고객 성희롱 피해자 보호 난임치료휴가 신설 등 모성보호 강화
20,건설산업기본법 일부개정법률안,PRC_W1B8T0W5F2J3W1S5U4S1R0A0Q5J4W9,2013695,‘업자’ ‘용역’ 용어를 ‘사업자’ ‘엔지니어링’으로 변경해 건설업 위상 제고
20,수입식품안전관리 특별법 일부개정법률안(대안),PRC_U1Z9J0Y3J2A6O2M0E0M2V5E4K2M5Z8,2019607,해외제조업소 현지실사 방해시 수입중단 등 조치 근거 신설 및 ‘모니터’ 용어 한글화
20,하도급거래 공정화에 관한 법률 일부개정법률안,PRC_E1B6W0K7F1U1H0I9O2G9T0C7J1N8T3,2000786,하도급대금 대물변제 제한 강화 수급사업자 피해 방지
20,외무공무원법 일부개정법률안(대안),PRC_I2X0U0Y3B0V3Q1C6W5H0K4E8Y4X5Z5,2024908,외교부 관계기관 파견공무원 불이익 금지 파산선고시 당연퇴직 요건 정비
20,청소년 보호법 일부개정법률안(대안),PRC_W1V7E0P2I2R2U2A2T1D2V2U3Z8R0R5,2016607,장외발매소 청소년 출입·고용 전면 금지 청소년유해약물 권유·강요시 처벌 강화
20,서예진흥에 관한 법률안,PRC_Y1B7C1A1Z2R9V1O1L1E7D2U1X6Y1Z5,2010462,서예진흥사업 및 서예교육 지원 서예진흥재단 설립 등 서예문화 발전 기반 마련
20,산업입지 및 개발에 관한 법률 일부개정법률안(대안),PRC_A1F6X1E1Q1F0C1A0O0W5J3P2K9Y4O5,2004002,산업단지 교육·연구시설 입주 허용 산업단지 통합 지정 타당성 평가제 도입 등 효율성 제고
20,어장관리법 일부개정법률안,PRC_L1O9P1J1Y0A5P1C0I4K5T0A6K6Z6I1,2023589,어려운 한자어 일본식 표현 한글화로 법률 용어 알기 쉽게 개정
20,청소년 보호법 일부개정법률안,PRC_W1H7H0D4S1T1A1Y0Y2H9Y4V1U6L0T8,2006685,인터넷신문 청소년보호책임자 지정·운영 미이행시 유해매체물 심사대상 포함
20,양식산업발전법안,PRC_S1J6F1D2O2F8B1L6Y0V3Y2W0R1X0K6,2004687,양식업 면허 심사·평가제 도입 양식산업 지원·관리체계 통합 및 규모화 지원
20,문화산업진흥 기본법 일부개정법률안,PRC_I1W7K0I9Y2Y7T1P5T5K8K3B3W4B9H2,2009628,문화산업 전문인력 양성기관 지정취소·업무정지 근거 신설
20,統一主體國民會議代議員選擧法 폐지법률안,PRC_A1R7F0W6T0C8J1F5F1N6U3E3A2P9L9,2007270,효력 상실된 통일주체국민회의대의원선거법 폐지
20,주거급여법 일부개정법률안(대안),PRC_R1N7L1L2Y1P4C1U2Y5G6N1W6B8S9G1,2010967,주거급여 부양의무자 기준 폐지로 복지사각지대 해소
20,지방세외수입금의 징수 등에 관한 법률 일부개정법률안,ARC_M1J7O1P0Z1K2M1G7W4V0G5W8H8K5R5,2009864,지방세외수입금 체납·결손자료 제공기준 조정 및 정책협의회 설치
20,장애인연금법 일부개정법률안,PRC_T1J7N0F7E0S3E1N1F1R4C1C0A0S0R8,2007742,재학 중 20세 이하 중증장애인 장애인연금 지급 근거 마련 및 부가급여액 근거 조정
20,특허법 일부개정법률안(대안),PRC_W1G8G1T1X2S8D1O4J0G1U3V8J4Q3X8,2017085,특허심판 국선대리인 선임 징벌적 손해배상제 도입 실시료 배상규정 개정 등 피해구제 강화
20,부동산투자회사법 일부개정법률안,PRC_U1W8E0G3M2N1B1Y5E4Q7C3S1K7P7F5,2012581,국민연금공단 등 대주주 기준 상향 정보공시 강화 및 공시의무 위반시 벌칙 신설
20,교원의 노동조합 설립 및 운영 등에 관한 법률 일부개정법률안(대안),PRC_E2S0R0Q5Q1K1S0R9Y2O3R3M2Q0D8T1,2024946,고등교육법상 교원도 노동조합 설립·가입 허용 및 교섭당사자 규정 정비
20,농림식품과학기술 육성법 일부개정법률안,PRC_Z1R8I1C1K0C9T1V5L5W3W2L7K0D5F6,2016471,농식품 벤처·창업지원 특화센터 지정 및 국고지원 근거 신설
20,간선급행버스체계의 건설 및 운영에 관한 특별법 일부개정법률안(대안),PRC_U1D8P0D3A1S6A1D7X1A5Z5P3Y1P4K5,2019624,운송사업 면허 양도·합병 신고 간주제 도입 면허 결격사유 해소시 재취득 허용
20,국가초고성능컴퓨터 활용 및 육성에 관한 법률 일부개정법률안,PRC_I1U9O0S5Q2S7A1S5M2F6V4E8J1X9C9,2020645,농산업 빅데이터 활용 초고성능컴퓨터 연구개발 지원 및 전문인력 지원 근거 신설
20,아동·청소년의 성보호에 관한 법률 일부개정법률안(대안),PRC_R1P8Z0G9A1I2O2B1I1E8R3W3K2D8B4,2017729,13세 이상 16세 미만 아동·청소년 궁박상태 이용 성범죄 강화 및 위계·위력 범죄 공소시효 폐지
20,세무사법 일부개정법률안(대안),PRC_A1K6A1Y1T3Q0Z2F0G1I3K0X8D7I9E1,2010710,변호사 세무사자격 자동취득 삭제 및 징계경력자 일부면제 제외대상 확대
20,해외긴급구호에 관한 법률 일부개정법률안(대안),PRC_W1W8M0Z9V1Y1E1D7G5M8J0T5R4G4A0,2015666,해외긴급구호 기본대책 수립시 평가결과 반영 실태조사 및 자료제출 근거 신설
20,어장관리법 일부개정법률안(대안),PRC_V1C8S1S1I2U8L1U7F3V9J0T3C4O6V7,2017157,어장관리계획 국회 제출 의무화 및 결격사유 해소시 등록 허용
20,협동조합 기본법 일부개정법률안(대안),PRC_T1R9O1E1U2Q8O1X9K5H0W3B2Y3B9U6,2024752,이종협동조합연합회 설립 허용 우선출자제 도입 신고·인가 간주제 도입 등 협동조합 운영 실효성 강화
20,농어업경영체 육성 및 지원에 관한 법률 일부개정법률안,PRC_G1W7Z0A8O0H9N1C7X5E7D4F0V9O5J3,2008465,농업경영체 등록대상에 임야 추가 임업인 직접지불금 등 각종 혜택 확대
20,형의 실효 등에 관한 법률 일부개정법률안,PRC_C1S7B0M5A1H8S1A0J1J1D0G6K6O8H7,2006924,군무원 등 임용 전 범죄·수사기록 전면 조회 근거 마련
20,가맹사업거래의 공정화에 관한 법률 일부개정법률안(대안),PRC_W1H7C1X1R3W0C1Z7B2N0Y2O6Q4X8M6,2010949,정보공개서 등록 등 업무 지자체 이양 보복조치 금지 신고포상금제 도입 징벌적 손해배상 확대
20,농수산물 품질관리법 일부개정법률안(대안),PRC_V1R9Z0G9F2J0D1P8I0V3E0T3B3Q9S6,2023871,자격증 대여·알선행위 금지 및 위반시 형사처벌 검정기관 지정 유효기간 4년 신설
20,자동차관리법 일부개정법률안,PRC_X1G7S1H2Z0I5I1V6F5B7G2P3Q2I9X2,2010619,대포차 운행정지 명령제 강화로 불법차량 및 범죄 예방
20,사회복지공동모금회법 일부개정법률안,PRC_X1P6V0K9M2H2Q1W6P4M4B4Q0D4I9G2,2002416,국제보건의료사업 비지정기부금 사용비율 상향 및 주요 감염병 퇴치사업 지원 확대
20,실종아동등의 보호 및 지원에 관한 법률 일부개정법률안,PRC_Q1D6U0Y8O2A9E1T8H3A6G2K8Q3I4V2,2001915,벌금형 현실화와 형벌의 기능 회복을 위해 벌금액을 징역 1년당 1천만원으로 개정하여 범죄억지력 확보
20,자격기본법 일부개정법률안,ARC_K1K6F0X6W3N0X1R5R0C8E4K5H9Q2G2,2000593,민간자격관리자 변경등록제 신설 및 결격사유 범위 축소 등 제도 미비점 개선
20,항만운송사업법 일부개정법률안(대안),PRC_P1V7T0K9M2T0V1N9X5G8N3M6C8Q3Y5,2009705,선박수리업 등록제 도입 및 선박연료공급업 영업구역 전국 확대 등 항만운송사업 발전 도모
20,소상공인 보호 및 지원에 관한 법률 일부개정법률안,PRC_E1R9V0F4V1A5S1O3K4L7F2D0J7S2W7,2019800,소상공인 불공정거래 피해상담센터 설치·운영 규정 명시 및 예산·인력 확충 근거 마련
20,자살예방 및 생명존중문화 조성을 위한 법률 일부개정법률안(대안),PRC_C1W8C0Y9U1Z9R1A5G0M9P1C2Z2U7V3,2016570,자살보도 권고기준 법제화 자살예방정책위원회 신설 정보공유체계 구축 자살자 가족 지원 등
20,성폭력범죄자의 성충동 약물치료에 관한 법률 일부개정법률안,ARC_W1Q7D0M7H2Y6O1G6J2J2B2V3E5O6X6,2008198,약물치료 대상범죄 확대 및 집행면제 신청 절차 신설로 위헌성 해소와 제도 미비점 개선
20,고용상 연령차별금지 및 고령자고용촉진에 관한 법률 일부개정법률안(대안),PRC_I1E9F0F3T2K2O1P2S4O1C5G7F7Z9Q1,2019579,이직예정자 재취업지원서비스 제공 의무화 및 고령사회 대비 지원 근거 신설
20,농수산생명자원의 보존·관리 및 이용에 관한 법률 일부개정법률안,PRC_Y1M6L1W1E0O1D1F8J1J4X3M5O6B0B9,2003178,벌금액을 징역 1년당 1천만원으로 개정하여 형벌 현실화와 범죄억지력 확보
20,선박투자회사법 일부개정법률안(대안),PRC_T1U9F0Z4K0T4R1F7E1Q2R2J9B5N2J4,2021790,결격사유 범위 축소 및 인가 간주제 도입 등 인허가 민원 처리 투명성 제고
20,성매매방지 및 피해자보호 등에 관한 법률 일부개정법률안,PRC_P1R7A1B2B0O1I1U7H1S9V5N9C1Q2V0,2010568,일반 국민 대상 성매매 예방교육 업무 위탁 근거 신설로 교육 활성화 및 제도 명확화
20,중앙행정권한 및 사무 등의 지방 일괄 이양을 위한 물가안정에 관한 법률 등 46개 법률 일부개정을 위한 법률안(대안),PRC_B1Q9A1P1X2L8A2Z2Y3W7J0Q7D6B7Q3,2024076,중앙행정권한 사무를 지방으로 이양해 지역 자율성 강화 및 행정 효율성 제고
20,자동차손해배상 보장법 일부개정법률안,PRC_I1P9N0W6Q2A6T0P9H5X8R4X8U2W9U6,2021134,음주 무면허 사고 보험료 산출 개인정보 활용 근거 신설로 제도 미비점 보완
20,한국농어촌공사 및 농지관리기금법 일부개정법률안,PRC_S1X9P0A4V1M0N1X6D0J9P1K2F1K2T3,2019732,농지연금 전용계좌 도입 및 압류 금지 근거 마련으로 고령농 소득보장 강화
20,사할린동포 지원에 관한 특별법안(대안),PRC_I2Z0E0P3B0W3O1F7I5U8D1A8A2U9Y2,2024905,사할린동포 영주귀국 및 정착 지원 정책 수립 외교적 노력과 명예회복 근거 신설
20,골재채취법 일부개정법률안(대안),PRC_A2O0G0J5I0Z7A1Y1O1Y1C1C1R4X8C5,2024955,골재채취업 신고 간주제 도입 및 과태료 부과기준 합리화로 민원처리 신속화
20,상가건물 임대차보호법 일부개정법률안(대안),PRC_L1A8V0T9U2V0O1N7V4L4T5J6L2W7F4,2015704,계약갱신요구권 10년 확대 권리금 회수기회 보장 분쟁조정위원회 설치 근거 신설
20,수질 및 수생태계 보전에 관한 법률 일부개정법률안(대안),PRC_W1R6F1O1D2U3H1F1L2Y6Q5D2T0L8Z2,2004210,수생태계 현황 조사 및 건강성 평가 결과 공개 의무화로 보전계획 수립 근거 강화
20,상법 일부개정법률안,PRC_D1K6F1Z1C2K1C1J7S1E2G5I0N1S4L3,2003758,금치산 한정치산 용어를 피성년후견인 피한정후견인으로 변경해 민법 개정 반영
20,대중문화예술산업발전법 일부개정법률안,PRC_U1J7T1U1V2P2S1N1W3Q2N3M5R9P7T6,2010314,대중문화예술인 대상 성교육 및 성폭력 예방교육 실시 의무화로 범죄 예방 환경 조성
20,자원의 절약과 재활용촉진에 관한 법률 일부개정법률안(대안),PRC_P2D0B0C5F0I9D1D4V2X9D4L1T8N5B9,2024945,1회용 컵 보증금제 도입 및 관리체계 신설로 자원순환 및 환경보호 강화
20,수의사법 일부개정법률안,PRC_Z1O8Z0F5C2O4Z1S5M4D4O2J1X5Z5I2,2013743,동물원 수의사 처방권 부여로 동물복지 개선 및 동물진료업 권한 확대
20,무인도서의 보전 및 관리에 관한 법률 일부개정법률안,PRC_Z1K9D1B1B0K4A1T6B1I9T4E9C9Z6Z9,2023565,어려운 한자어 일본식 용어 한글화 등 법률용어 알기 쉽게 개정
20,파견근로자보호 등에 관한 법률 일부개정법률안(대안),PRC_C1J7J0H3N0A2K1V5D0P0S5B3T3Q5I8,2006449,공중도덕상 유해한 업무 구체화 및 금치산자 용어 정비로 명확성 원칙 준수
20,문화재수리 등에 관한 법률 일부개정법률안,ARC_C1K7V0V4W2R6F1A7R2D1M1Y5E4V7L0,2006815,문화재수리기술자 자격시험 일부 면제 규정 삭제로 응시생 형평성 제고
20,해양심층수의 개발 및 관리에 관한 법률 일부개정법률안(대안),PRC_H1E9H1U1I2Z0I1B6A3E7T4Y3R0B7P5,2024025,과징금 상한금액 1억원 상향 및 한글화 등 제재 실효성과 용어 개선
20,간척지의 농어업적 이용 및 관리에 관한 법률 일부개정법률안,PRC_H1W6W1H1N0W2D1G8T1B9V1S5F0F5R5,2003233,간척지활용사업구역 내 수산동식물 포획 양식 식물재배 행위 허용
20,한국공항공사법 일부개정법률안,PRC_E1P7X0A7B1X0F1A8G0Q1C0P5D4V8Q9,2007888,행정형벌 법정형 편차 조정으로 위헌성 제거 및 처벌 합리화
20,응급의료에 관한 법률 일부개정법률안(대안),PRC_T1A7R0O9C2E0B1W7Y0Q4H5B5K5Q7G3,2009641,응급의료 미수금 대지급금 상환 국세체납처분 예에 따라 징수 및 자동심장충격기 관리 강화
20,택시운송사업의 발전에 관한 법률 일부개정법률안(대안),PRC_Q1C6X1X2Q2W1E2C0S0L3J1W8H7F3O5,2005923,공동차고지 건설 근거 마련 및 운송사업자 차고지 확보 지원
20,동·서·남해안 및 내륙권 발전 특별법 일부개정법률안,PRC_X1U8H0E7G2J7O1S8C0T4J2B0S5J1O9,2014611,법 유효기간 2030년까지 10년 연장으로 지역발전 동력 확보
20,국회미래연구원법안,PRC_C1F7W1F1Y1V7C0O9Q4Z5V3A9N8X7R9,2010365,국회미래연구원 설립 및 운영 근거 마련으로 국가 중장기 발전전략 도출 지원
20,제주특별자치도 설치 및 국제자유도시 조성을 위한 특별법 일부개정법률안,PRC_N1O7V1D2E2E7S1V0O2N4P0P3H4H6S3,2011035,도지사 차량 운행제한 권한 제주도 전체로 확대 및 렌터카 수급계획 도 조례로 정함
20,공인회계사법 일부개정법률안,PRC_H1X6Y1X2B2U9S1S5X4G0J0L5B6D5X9,2004747,공인회계사 직무 위반 부당이득 필요적 몰수 추징규정 신설로 공정성 강화
20,농지법 일부개정법률안(대안),PRC_F1M8F1A1U2L8G1I5J4K7D1A9Y7P3B3,2017159,농업진흥지역 실태조사 의무화 및 복구비용 사용범위 법률 상향 등 제도 미비점 개선
20,문학진흥법 일부개정법률안,PRC_S1K9F0A1Y3Z0M1U3I3V1R4C4B7G4T5,2018399,한국문학번역원 사업 범위 명확화 및 중복 표현 정비로 사업 효율성 제고
20,농업기계화 촉진법 일부개정법률안,PRC_R1Y8G0U2N0A8B1R0D4C4T3Z1P1R0C0,2011828,농업기계 임대사업 수요조사 의무화로 이용률 제고 및 예산 효율화
20,농수산물 품질관리법 일부개정법률안,PRC_H1H7Q0Z9T2A8A1J7V1D5S3M2D7T1E9,2009721,수산물 유해물질 위험평가 실태조사 근거 신설 및 안전성검사기관 지정 유효기간 도입
20,수의사법 일부개정법률안(대안),PRC_Z1R9O1K1A2C0D1S6S4Z9K0H6L3F4U5,2024029,수의사 면허증 대여 알선 금지 및 동물진료업 과징금 제도 신설 한글화
20,개인정보 보호법 일부개정법률안(대안),PRC_L1Y9A1T1D2G5C1D8U1C3A3N5L7A6C1,2024495,가명정보 활용 및 개인정보 보호위원회 기능 강화 데이터 활용과 보호 균형 도모
20,대기환경보전법 일부개정법률안(대안),PRC_M1W7A0A9E2O1M1R4K4J6E0P3O4H6O9,2010044,냉매회수업 등록제 도입 황함유 연료 제재 강화 등 대기환경 관리 강화
20,항공보안법 일부개정법률안(대안),PRC_X1Z7Y0K7A0G5Z1V6Z3N6Y2W0N5P3K5,2008046,상용화주의 보안검색 책임 명확화 및 항공보안정보화체계 구축 근거 신설
20,소상공인 보호 및 지원에 관한 법률 일부개정법률안(대안),PRC_H1R8Z1H1C2H8I1G4A1Z3L3T3M7F9D9,2017141,소상공인폐업지원센터 설치 소상공인연합회 사업 확대 운영비 지원 근거 신설
20,보험업법 일부개정법률안(대안),PRC_V2H0P0U3I0I4E1M1J0M8G3S0A4V9Q7,2024886,보험회사 해외자산 운용 규제 완화 보험안내자료 이해도 평가 도입 금리인하요구권 과태료 제도 정비
20,어촌·어항법 일부개정법률안(대안),PRC_C2J0A0H3Q0D5G1D1Y0Z0D1E2I5O5M5,2024771,어항기능시설 운영관리시설 추가 기본계획 주기 10년 조정 여성임직원 처우위원회 신설 한글화
20,치료감호 등에 관한 법률 일부개정법률안,ARC_C1X8D0Q7M0T2I1Z6F3M6X1B8W3S6B1,2014169,법무부 치료감호심의위원회에 고위공무원 임명 근거 신설
20,해수욕장의 이용 및 관리에 관한 법률 일부개정법률안(대안),PRC_T1Z8H1R1G2P8X2T0E2N6Q3C8S0Z7A0,2017122,해수욕장 관리운영권 불법 전대행위 근절 개장기간 외 입수 허용 등 관리 자율성 확대
20,여객자동차 운수사업법 일부개정법률안(대안),PRC_B1D8S0X5G2W4Y1O7W3G7T2V6N0L7X5,2014558,운수종사자 음주여부 확인 기록 의무화 및 보고서류제출 명령 근거 구체화
20,악취방지법 일부개정법률안(대안),PRC_I1Q6K1W1Y2E3G1C1S1B9J3L7L0J6W6,2004216,악취관리지역 지정 요건 법률 직접 규정으로 국민 권리의무 명확화
20,법원조직법 일부개정법률안(대안),PRC_A2J0M0M3T0O3S2E0T4S8T3Z8D0J3R8,2024677,고등법원 부장판사 직위 폐지 법관 임용 결격사유 확대 윤리감사관 제도 개선
20,노숙인 등의 복지 및 자립지원에 관한 법률 일부개정법률안(대안),PRC_M1L8P0C9U0Y6V1Q3F0N9U4J5B6K4Z0,2016555,노숙인 인권침해 예방교육 강화 금지행위 처벌 강화 인권지킴이단 설치 등 인권보호 강화
20,중소기업협동조합법 일부개정법률안,PRC_D1Y7G0Y5O3G0O1Y6F3Y8X4N7Q8A7J3,2007094,소기업과 소상공인의 공제금 수급권 보호를 위해 공제금수급계좌의 예금에 관한 채권은 압류할 수 없도록 압류방지 전용통장 개설 근거를 마련함
20,결혼중개업의 관리에 관한 법률 일부개정법률안,ARC_I1Q7G0N8Q2G8T1M1J3V6X3A0B0U2A7,2008731,국내결혼중개업 신고 또는 변경신고를 받은 경우 30일 내 통지 없으면 신고를 수리한 것으로 간주하는 제도 도입으로 민원 처리 투명성 및 신속성 강화
20,크루즈산업의 육성 및 지원에 관한 법률 일부개정법률안,PRC_T1J8J0Z3O0O9M1T5D2Y0Z3D3Y0D1J1,2012413,크루즈산업 육성 기본계획 및 시행계획을 국회에 제출하고 공표하도록 하여 국회의 기능을 제고하고 국민의 알 권리를 보장함
20,변호사시험법 일부개정법률안,ARC_U1S8X0W4T1X2G1D7H3S5A1V0N2H3G3,2013040,석사학위 취득 예정자가 변호사시험 응시 후 병역의무를 이행하는 경우에도 그 기간을 응시기간에서 제외하도록 하여 응시자 형평성 제고 및 법무부 법무실장 자격 확대
20,민간임대주택에 관한 특별법 일부개정법률안,PRC_G1E6F1Z2Z2L1N1U9U4E4D2I8U0Z8A4,2004721,다가구주택 임대주택 등록 허용 및 임대보증금 보증 가입 대상 확대 등 임차인 보호 강화와 임대주택 제도 미비점 개선
20,교원의 지위 향상 및 교육활동 보호를 위한 특별법 일부개정법률안,ARC_O1R7W0R9M2E1P1Q7R0Z7P4Q4S3Q1B4,2009522,교원소청심사위원회 위원의 결격사유 및 신분보장 규정 신설과 소청심사 결정 유형 법률 상향 등 교원 권익보호 제도 개선
20,농업인등의 농외소득 활동 지원에 관한 법률 일부개정법률안,PRC_I1K8B0B6E2J8F1J7B2J6W3V1M1B9N6,2014077,농촌진흥청장이 농외소득 활동 추진실적을 농림축산식품부장관에게 제출하고 분석 평가 결과를 다음연도 계획에 반영하도록 하여 지원체계 강화
20,한국철도시설공단법 일부개정법률안,PRC_U1Y8I1O1J0I6T1H7T4Z3H4T0U9E5F2,2016362,공단의 사업 영역에 북한철도 건설 및 철도국유재산 개발 운영을 추가하여 남북철도망 사업 및 자산 활용 근거를 명확히 함
20,토양환경보전법 일부개정법률안,PRC_X1H7S0S9W2H0E1Z1C2X3T0X9E2M7O5,2010043,토양오염 이력정보를 환경부장관이 종합 관리하도록 하고 오염토양 인수인계서 제출을 정보시스템으로 일원화하는 등 관리체계 개선
20,빈집 및 소규모주택 정비에 관한 특례법 일부개정법률안,PRC_T1H9F0K2V2Z2A1I5D1T7K1O3U0M5R4,2018781,건축협정 사도 개설허가 등 인허가 의제대상 확대와 사업대행자 방식 도입 등 소규모주택정비사업 추진 절차 개선
20,선박관리산업발전법 일부개정법률안,PRC_V1F6D1T2I1D5E1M5I5D9V1L8P9J6M2,2004398,선박관리산업정책위원회 폐지 및 한국선박관리산업협회 임직원도 벌칙 적용에서 공무원 의제 대상에 포함
20,지방공무원법 일부개정법률안,PRC_C1H6F0S7W2D1O1J4X5M8E5C0Z9K6X8,2001036,소방청 설치에 따라 지방소방공무원을 국가공무원으로 전환하고 관련 규정 정비
20,국제문화교류 진흥법안,ARC_I1H6F0H9H0G9M1L7P4K6T5G9L0J2Y0,2002261,국제문화교류 진흥 종합계획 수립 시행 및 전문인력 양성 전담기관 지정 등 국가와 지자체의 진흥 책임 및 지원 근거 마련
20,국민연금법 일부개정법률안,PRC_H1I8Y0U2P2M1I1I9K5C9X3D0C2I4A1,2017742,연금액 조정 시기를 1월로 앞당기고 연기금전문인력 양성 및 연기금전문대학원 설치 근거 마련
20,농어업재해대책법 일부개정법률안,PRC_T1S6T1D1A2H1U1E6C3I3P2P0B2Q0U3,2003751,이상수온 등 어업재해로 인한 어류 긴급 방류시에도 입식비 지원 근거 신설
20,지방세징수법 일부개정법률안,PRC_A1T9P0J6S2C6D1U7R2V1V1O6V2I5B2,2023992,외국인 체류기간 연장 등 신청시 납세증명서 제출의무 신설 및 세무공무원 권한남용 금지 규정 도입
20,국회사무처법 일부개정법률안,PRC_O2U0F0S5H1R9D2T1C4V9I2Q9X4C6E3,2024970,국회 대변인 제도를 공보수석비서관제도로 환원하여 대언론 지원기능 체계화
20,여성기업지원에 관한 법률 일부개정법률안,PRC_G1Y7A0V9C2I7D1N5B3I8Y2H4D3T1D9,2009622,여성기업제품의 의미를 물품 용역 공사 모두 포함하도록 명확히 하여 판로확장 근거 마련
20,정부출연연구기관 등의 설립·운영 및 육성에 관한 법률 일부개정법률안,PRC_E1O8X1K1S3Y0B1I1E2G3T5P9U4H7U2,2016938,경제인문사회연구회 책무를 연구기관 지원 중심으로 개정하고 결산서 국회 제출 의무화 등 연구기관 독립성 및 투명성 강화
20,민간임대주택에 관한 특별법 일부개정법률안,PRC_M1M7C1B2I1N4W1B2R5K7E3W2C6N7Y6,2010966,공공지원민간임대주택 정의 신설 및 임대료 신고제도 사전신고로 변경 등 임차인 권리보호 강화
20,산지관리법 일부개정법률안,PRC_C1O9H0C7W1Q2C1M7R2I3K4F4R9A6E3,2023064,보전산지 태양에너지 발전시설 설치 제한 및 산지전용허가 변경신고 간주제도 도입 등 산지관리계획 체계 강화
20,폐광지역 개발 지원에 관한 특별법 일부개정법률안,PRC_C1K6C1X0N2E7O1R6A0F2R3T4U2G2P5,2002960,폐광지역진흥지구 지정 및 개발 관련 조항을 지역개발사업구역 등으로 재정비
20,신문 등의 진흥에 관한 법률 일부개정법률안,ARC_Y1W9I0E3Z0I7F1B4C3B6N5U5S3E2U0,2019016,한국언론진흥재단 사업계획 및 결산보고서 변경승인 등 법률에 직접 규정
20,한국농어촌공사 및 농지관리기금법 일부개정법률안,PRC_E1B6K1T1W0T1V1R8Q2A6M1V1A2Y0A6,2003183,벌금액을 징역 1년당 1천만원 비율로 개정하여 형벌 현실화 및 범죄억지력 확보
20,방송통신위원회의 설치 및 운영에 관한 법률 일부개정법률안,PRC_V1F9N0N9J2B4V1M8H4Z3X2E3J7D8T9,2023859,어려운 한자용어와 일본식 용어를 알기 쉬운 우리말로 정비하고 방송통신심의위원회 서면 전자문서 의결 근거 신설
20,이중상환청구권부 채권 발행에 관한 법률 일부개정법률안,PRC_R1C7M0I2W0N9U1D6L5D1B1C1P2U8K8,2005524,폐지된 한국정책금융공사 관련 규정 삭제로 국민 혼란 해소
20,모자보건법 일부개정법률안,PRC_F1X7K1X2X1Q8L1Z6S1J7M0M4S9A9E5,2012032,난임시술기관 평가결과 공개 및 산모 신생아 건강관리 강화와 위반시 공표 과태료 상향 등 제도 보완
20,제조물 책임법 일부개정법률안,PRC_L1M7S0I2T2Q4T1N0A1F3T4N1X2I0B5,2006505,소비자 입증책임 경감 및 징벌적 손해배상제 도입 등 피해자 보호 강화
20,전기사업법 일부개정법률안,PRC_U1Y8Q0B1Y1Q0I1M4D5J3H4M0V1P6J5,2011339,전통시장 개별점포 전기설비 안전점검 확대 및 전기설비 안전점검 재원 지원 근거 마련
20,기상산업진흥법 일부개정법률안,ARC_K1S8P0G8F2O3E1V3B5Y6H1S5T4Z5T8,2015006,기상산업 실태조사의 범위 및 절차 대통령령 위임 등 실태조사 체계화
20,국회법 일부개정법률안,PRC_L1D8F0W2C2Z2P1D7G2R2W3P2Z5C1F2,2012747,국회공보를 국회 홈페이지에 게재하고 국회방송심의소위원회 삭제 등 운영체계 및 용어 한글화
20,도시공원 및 녹지 등에 관한 법률 일부개정법률안,PRC_E1Z8Q0R3Y1U6M1K7Q1D3Y1Y6T7W0L9,2013798,공원 부지 사용계약 허용 및 도시자연공원구역 내 수목장림 범위 확대
20,민간인 통제선 이북지역의 산지관리에 관한 특별법 일부개정법률안,ARC_X1E6C0M6A2O9D1J6B3X9R0U3I1T6H3,2000560,산지관리종합계획 수립주기 10년으로 변경 및 보전산지 내 저수지 공원 등 설치 허용
20,부패방지 및 국민권익위원회의 설치와 운영에 관한 법률 일부개정법률안,PRC_E1T7M0X9K2N1K1A4P3R9A1P6R8N6K1,2009687,부패행위신고자 인적사항 공개 시 권익위의 경위 확인 및 징계요구권 부여 벌금 상향 등 신고자 보호 강화
20,철도산업발전기본법 일부개정법률안,PRC_C1U6B1O1X0X9N1Y8P0V0Z1B3U0W6C3,2003440,철도 관련 협회 설립 및 지원 근거 신설로 철도산업 경쟁력 및 해외진출 지원
20,사회기반시설에 대한 민간투자법 일부개정법률안,PRC_X1N7P1V1G0B7C1G1E1V3R2P2Y5X7P3,2010024,사회기반시설에 지방경찰청 경찰서 및 노후 경찰 소방 수련원 포함 근거 신설
20,경륜·경정법 일부개정법률안,PRC_L1E8I0K1U0X9Q0R9Q4T4I2V7K6P0Y3,2011319,경륜·경정 선수 도핑 검사 의무화로 공정성 및 신뢰성 확보
20,민방위기본법 일부개정법률안,PRC_L1Y6G1P1B1G0L1Q7V2G8B0Q5I2G8Q5,2003825,‘시달’을 ‘통보’로 변경 등 용어 순화와 국회의원 등 민방위대 편성 대상 포함
20,해사안전법 일부개정법률안,PRC_T1N8S0W2J2V7K1L6B1B2W0G9T9V8F6,2012770,연안 시운전 금지해역 설정 및 음주운항 처벌 강화 등 해사안전 관리체계 보완
20,우편환법 일부개정법률안,PRC_F1C8I0A4B3T0T1Y5Y2V8P1N3E9K7F7,2013319,민법 개정에 따라 무능력자를 제한능력자로 변경
20,여객자동차 운수사업법 일부개정법률안,PRC_E1Y9K1W1H0E4H1M6X3A2R2B6U0Q2O6,2023569,버스 운전인력 양성 지원 근거 마련 및 대폐차시 차령 기준 완화
20,택시운송사업의 발전에 관한 법률 일부개정법률안,PRC_X1M6I1E0G3D1C1N5Q3M2E4I1L2B2G0,2003087,콜서비스 시스템 등 차량 내부 장비 설치비 운영비 운송비용 전가 금지 항목 추가
20,선박직원법 일부개정법률안,PRC_W1R9J1U1N2C0V1C7A0Z4U1G2A7J8W5,2024055,술에 취한 상태 선박운항 처분 근거 법률화 및 자격증 대여알선 금지 해기사 실습생 권리보호 등 제도 보완
20,건강가정기본법 일부개정법률안,PRC_V2M0D0X2V2U4A0W9I5R0X2I4E5H8F0,2024911,한국건강가정진흥원 정관 기재사항 추가 및 건강가정지원센터 비용 지원 근거 신설
20,생명윤리 및 안전에 관한 법률 일부개정법률안,PRC_L1E7C0T6H0O2F1A5P0C9V5O5C4R9L5,2007189,치료 진단 목적 남은 검체 인체유래물은행 제공시 서면동의 생략 허용 등 질병 연구 활성화
20,중소기업 기술혁신 촉진법 일부개정법률안,PRC_U1C7X0K2D2X1L1S3X2K1B5N0K8O3I0,2005906,국가연구개발사업 참여제한 기간 10년 확대 및 품질인증제도 폐지 등 연구개발 관리 강화
20,공익신고자 보호법 일부개정법률안,PRC_X2X0E0G3I0O4G1B3N2V3X5N3P6W3T2,2024884,공익침해행위 대상 법률 182개 추가 및 별표 현행화로 공익신고 활성화
20,사행행위 등 규제 및 처벌 특례법 일부개정법률안,PRC_R1B7U1U1D1Y6D1U7E3N3E3I3V4I0B9,2010200,정신보건법 인용 조항을 정신건강증진 및 정신질환자 복지서비스 지원에 관한 법률로 대체
20,여객자동차 운수사업법 일부개정법률안,ARC_C1C7I0T8R2I8Q2M1P5Z2I3X4Y9C3X4,2008816,여객자동차터미널 등 인허가 민원 처리 간주제도 도입으로 민원처리 신속성 제고
20,독립유공자예우에 관한 법률 일부개정법률안,PRC_F1R7W1Z1T3J0U2T0Y1D3X0P0T1I7N8,2010948,영주귀국 독립유공자 유족 주택 우선공급 및 결혼목적 약취 유인 인신매매 범죄자 적용대상 배제
20,장애인활동 지원에 관한 법률 일부개정법률안,PRC_Z1H6Y0F8I2U9S1I9I3H2A2T6G9Y1F7,2001933,벌금형 기준을 징역 1년당 1천만원으로 개정해 범죄억지력과 형벌의 기능을 회복함
20,노숙인 등의 복지 및 자립지원에 관한 법률 일부개정법률안(대안),PRC_K1Y8X1U2F0X5W1R3G2R1S3O8M4J7V6,2017761,노숙인 복지시설 신고 수리 명시 국가와 지자체의 성별특성 반영 여성노숙인 위생물품 지원 근거 신설 등 보호 강화
20,치매관리법 일부개정법률안(대안),PRC_S1Q8H0H2W2G1F2Z0B0G1Z1D3J3L1K0,2013784,치매관리 정의에 보호지원 명시 치매안심병원 치매안심센터 공립요양병원 설치근거 마련 위탁계약 갱신 등 국가책무 강화
20,승강기시설 안전관리법 전부개정법률안(대안),PRC_Q1N7H1J1U2D7W2K1C2V0T0B5Z6Z5L4,2012187,승강기부품 제조업 등록제 도입 안전인증 통합 및 관리 강화 사고배상보험 가입주체 변경 등 안전관리체계 일원화
20,교육기본법 일부개정법률안,PRC_X1Z6I1L2I0E8C1A7L5W8Q2Q9I3O1V2,2004248,교육통계조사 법적근거 신설 국가와 지자체가 통계조사 시책 마련 의무화로 교육정책 수립·평가 지원
20,자동차손해배상 보장법 일부개정법률안(대안),PRC_Z1E9Q1E1S2C8U0Z8U3A2V0Y6P0T1O2,2024696,정비요금 공표제 폐지 자동차보험정비협의회 신설 자율주행차 사고책임 원칙 및 피해구제체계 마련
20,대부업 등의 등록 및 금융이용자 보호에 관한 법률 일부개정법률안(대안),PRC_H1Q7Y0F2U2U4D1Q0T1T7S2Q0R7H1V1,2006495,과징금·과태료 상한 인상 조기상환수수료율 등 표시 의무화 실태조사 절차 규정 등 소비자 보호 및 제재 실효성 강화
20,수상레저안전법 일부개정법률안(대안),PRC_B2O0N0B3U0G3F1N5E5T9Y1J9B7L1A9,2024896,등록대상 외 수상레저기구 10해리 이상 운항 금지 임시운항허가제 신설 사업자 준수사항 및 제재 근거 강화
20,특정 범죄자에 대한 보호관찰 및 전자장치 부착 등에 관한 법률 일부개정법률안,PRC_X1L6F0T8T0P2N0V9F3Z3P5X7K5C2K9,2001336,전자장치 부착명령 해제 후에도 보호관찰 계속 가능하도록 하여 재범방지 지도감독 공백 해소
20,급경사지 재해예방에 관한 법률 일부개정법률안(대안),PRC_N1Z7X0V2R2T2J1S8L2U3A3N8T6P5E0,2005890,재난 예방·대비 주체 변경 안전점검 연 2회 이상 강화 계측업자 결격사유 개선 등 관리 내실화
20,금융지주회사법 일부개정법률안,ARC_Q1P6W1G1Q3I0T2S0L1I2Y2Q8Z1U3Z7,2004025,조건부자본증권 발행 근거 과징금·과태료 상한 인상 영업정지 갈음 과징금제 신설 등 자본확충 및 제재 강화
20,성폭력방지 및 피해자보호 등에 관한 법률 일부개정법률안,PRC_D1Z6N1G1L1U5E1X0F3M8U4R1U1G9Z6,2003571,성폭력 신고시 경찰 현장출동 의무화 현장 출입 등 초기 대응권한 명시로 피해자 보호 강화
20,별정우체국법 일부개정법률안,PRC_Y1U6C0W8W2K9H1C8M0R3B2D4H3H0G8,2001903,교육위원회 및 교육의원 제도 삭제로 현행 법률 체계 정비
20,신행정수도 후속대책을 위한 연기·공주지역 행정중심복합도시 건설을 위한 특별법 일부개정법률안(대안),PRC_H1G7T0P9A2V0D1V3M4F7H0Q6T1T2S0,2009678,행정안전부 명칭 변경 공동캠퍼스 설립 근거 신설 개발계획 변경시 지자체 협의 의무화 등 혁신도시 행정체계 개선
20,기술보증기금법 일부개정법률안,PRC_A1U8D1Q2R3H1D1V8A0U1E4C1T0H4N7,2017975,기금 재무건전성 유지 의무 명시 정부 손실보전 규정 보완
20,어장관리법 일부개정법률안,PRC_U1T6H1N1R0U1H1B8U2O5Q2G0W1C9Q7,2003182,벌금형 기준을 징역 1년당 1천만원으로 개정해 범죄억지력과 형벌의 기능을 회복함
20,한국농어촌공사 및 농지관리기금법 일부개정법률안,PRC_E1S6O0U9Q2W7V1M6V5J4R0E0V4R6S4,2002489,가축분뇨처리시설 설치 지원사업 및 생태계 보전 복원사업 추가 농지관리기금 과세정보 열람근거 신설
20,식품·의약품 등의 안전기술 진흥법 일부개정법률안,PRC_F1R7E0P2F2H7X1A8F2D4N4X5L4P0G3,2005816,안전기술위원회 설치 근거 신설 연구개발사업 부정행위자 참여제한 등 제재 근거 강화
20,전통 소싸움경기에 관한 법률 일부개정법률안,PRC_N1P9N1B1H0V7I1L7C3E2Z0M5N5O4C8,2023663,어려운 한자어 일본식 표현 한글화로 법률용어 알기 쉽게 개정
20,중소기업 기술혁신 촉진법 일부개정법률안,PRC_C1Y7C1H2K2B1B1P7U3P1Q0J0Q7T9N5,2010964,중소기업 전담 공공연구기관 지정 및 기술인력 지원 근거 신설 산학연 협력 및 인력공급 체계화
20,동물보호법 일부개정법률안(대안),PRC_J1J7V1Q1B3K0L1J8P3W1R3D9A6X0Z2,2012207,맹견 정의 및 관리의무 신설 미성년자 동물해부실습 금지 동물보호센터 재지정 제한기간 연장 등 동물복지 강화
20,지능형 로봇 개발 및 보급 촉진법 일부개정법률안,PRC_H1J8P0W5J2R3T1T6I1I5K2U4Z7Y5I6,2013702,일본식 한자어 준공확인필증을 준공확인증명서로 개정해 용어 순화
20,녹색건축물 조성 지원법 일부개정법률안,ARC_H1Y8R0Y1G0K3E1Z4F4B6Z2K5V1I0S1,2011223,파산선고자도 건축물에너지평가사 자격 취득 허용 결격사유 해소시 자격취득 가능 등 자격제도 합리화
20,구강보건법 일부개정법률안,PRC_P1S6K0I6N1T5C1O7P5N6R2X8A9O9V7,2000275,치아우식증 용어를 충치와 병기해 알기 쉽게 표기하도록 법률용어 순화
20,보호시설에 있는 미성년자의 후견 직무에 관한 법률 일부개정법률안,PRC_C1F6M1W1C2Y3J1K3H5O7E3T0I8E8I7,2003786,성폭력피해자 보호시설과 성매매피해자 지원시설을 보호시설에 포함해 미성년자 후견인 역할 보장
20,관광진흥법 일부개정법률안(대안),PRC_M1V8I1X1F2N7Q1D7T4L3Y2Y3Q6G1L7,2017099,관광산업 창업지원 전문인력 양성 지역특화상품 발굴 등 명시 관광특구 지정절차 보완
20,항공사업법 일부개정법률안,PRC_L1L7R0N9B1F1V1Z2B1O1R3L9P4F4J5,2009225,결격사유 해소시 면허·등록 가능하도록 개선해 직업선택 자유 보장
20,지방세징수법 일부개정법률안(대안),PRC_A1J7W1B1K3I0U1K0J5X0V0S6C3T0M1,2010703,예술품 매각 전문기관 대행 허용 출국금지 기준 체납액 하향 등 세수확보 및 체계정비
20,특수임무유공자 예우 및 단체설립에 관한 법률 일부개정법률안,PRC_Q1K7A1O1H3C0G1W6K5S8E4W7L4Q8Q3,2010524,특수임무유공자 고용명령 위반 과태료 상한 1천만원으로 상향 의무고용 실효성 강화
20,재해경감을 위한 기업의 자율활동 지원에 관한 법률 일부개정법률안,ARC_B1B7B1V1N3D0V1M4C4Q3X4B5I8K9D0,2010489,재해경감활동 위탁기관 임직원 공무원 의제 거짓수행시 벌칙 신설 신고 간주제 도입 등 책임 및 관리 강화
20,지속가능 교통물류 발전법 일부개정법률안,PRC_R1Y7O0G9N1A4M1T5T4S0A2S5Q1J0D9,2009364,온실가스 감축 등 교통물류체계 개선 위한 지자체 지원 공공기관 자료제출 요청 근거 등 정책 실효성 강화
20,지방교육재정교부금법 일부개정법률안,ARC_V1F6Q0T6I2S4J1M7I3J8Y5B0J5M9M6,2000480,법령 한글화 어려운 용어 순화 어문규범 준수 체계정비 등 국민 이해도 제고
20,농약관리법 일부개정법률안(대안),PRC_Y1O7V0L2L2V2K1F9X5D9J1R3N8N5E6,2005900,농약원제 개발 지원 근거 신설 등록취소 농약 회수폐기 명령 근거 강화 부정농약 근절
20,한국장학재단 설립 등에 관한 법률 일부개정법률안,PRC_T1H9E0K8S0B6W1E2U3F3M0E9K9U0O2,2021857,학자금 전환대출 신청기한 1년간 재설정해 고금리 상환부담 경감
20,지방공기업법 일부개정법률안,PRC_Y1F6T1M1R2X8T1X4E5Y4E3E7G3N9W1,2003891,지방공사·공단 임직원 수사 개시·종료 통보 규정 신설로 사전통제 및 제재 효율성 강화
20,노숙인 등의 복지 및 자립지원에 관한 법률 일부개정법률안,PRC_K1P6Z0B8W2X9R1B9T5D7O3Z0D6C7H0,2001938,벌금형 기준을 징역 1년당 1천만원으로 개정해 범죄억지력과 형벌의 기능을 회복함
20,금융혁신지원 특별법안,PRC_A1E8I0G3X0T6M1P7N4T0Q1K4P8D3D2,2012338,혁신금융서비스 지정 및 규제특례 도입 혁신금융심사위원회 신설 배타적 운영권 및 손해배상책임 규정 등 혁신성장 지원
20,재난적의료비 지원에 관한 법률안(대안),PRC_D1E7R1I1J2M3U1N3Z4A2R1F6D5T4C2,2010940,재난적의료비 지원사업 도입 지원대상자 기준 및 지급절차 심의위원회 설치 등 의료비 부담 경감
20,농어촌주민의 보건복지 증진을 위한 특별법 일부개정법률안,PRC_T1C6U0Y7F1K4U1P0D4L4N3Q6I1V3C8,2000862,농어촌 보건복지 기본계획 수립시 관계부처 협의 의무화 저출산·고령사회정책 우선 시행 및 장기요양보험료 지원 근거 신설
20,지역보건법 일부개정법률안,PRC_A1X9L0C4X1B9Q1W4H2W1I0C7X8U4N1,2019906,보건소 업무에 난임 예방 및 관리 명시 난임 여성 의료서비스 접근성 제고
20,농수산물 품질관리법 일부개정법률안,ARC_D1M6V1U2V2P9G1I8L0L5S3D9I3T9N1,2004793,농산물우수관리 인증업무 일원화 인증기관 지정취소 근거 신설 등 제도 효율성 및 신뢰성 강화
20,전자금융거래법 일부개정법률안(대안),PRC_L2B0M0H3T0F4T1L1T0K4O3U7D5Y2R1,2024887,보이스피싱 처벌 강화 접근매체 양수도·대여 등 금지 본인확인조치 근거 신설 등 금융사기 예방
20,군사정전에 관한 협정 체결 이후 납북피해자의 보상 및 지원에 관한 법률 일부개정법률안(대안),PRC_P1X8N1V1F2Y9W1J0R2S9B0P2R5K1E7,2017190,납북피해자보상심의위 통일부 소속 변경 보조기구 용어 한글화 피해위로금 신청기간 3년으로 변경 벌금형 기준 정비
20,경제교육지원법 일부개정법률안,PRC_Q1H7L0J8G2R8K1C5F1F1N4R4G6R0K6,2008762,지역경제교육센터 지정대상에 특별자치시 추가로 법 해석상 혼란 방지
20,장애아동 복지지원법 일부개정법률안,PRC_F1L6Y0Y9A2F0H1B4Y4A5U5F5R6T4W8,2002341,벌금형 기준을 징역 1년당 1천만원으로 개정해 범죄억지력과 형벌의 기능을 회복함
20,벤처기업육성에 관한 특별조치법 일부개정법률안,ARC_Y1I8Q0O1F0F3Z1A6E5F1S0U6D2V2R9,2011257,신기술창업전문회사 임원 결격시 3개월 유예기간 부여로 법인 책임 완화
20,저탄소 녹색성장 기본법 일부개정법률안(대안),PRC_O1E7V0J2O2B4Y1S0P1R0N4D0H9C7H6,2006492,친환경에너지 용어 삭제 온실가스 감축목표 변경시 공청회 등 의견수렴 절차 명문화
20,국제개발협력기본법 일부개정법률안(대안),PRC_M1Y8L1K1V2V9H1A0S3E3L4C7D8P8U0,2017187,국제개발협력 인권향상 대상에 청소년 명시 지속가능발전목표 명시 및 국민참여 확대 근거 신설
20,성폭력범죄자의 성충동 약물치료에 관한 법률 일부개정법률안,PRC_Y1Z6A1J2F1Q3H1W4D0W3P3H2G0S9X8,2004338,장애인 아동청소년 간음추행죄 성충동 약물치료 대상에 추가해 재범방지 강화
20,후계농어업인 육성 및 농어업분야 청년 취업·창업 지원에 관한 법률안,PRC_E1W9L1W1W0P5E1L5Y3Q5Z0Z1R8R0H6,2023604,후계농어업인 및 청년농어업인 육성 지원정책 기본계획 수립 실태조사 및 종합정보시스템 구축 근거 신설
20,지방자치단체에 두는 국가공무원의 정원에 관한 법률 일부개정법률안,PRC_U1Q6Y0I7C2Y1H1O4J4O7G1V9F5R0F6,2001032,소방청 신설에 따라 지방자치단체에 두는 국가소방공무원 정원 규정 삭제 및 관련 법률안 의결 전제 조정 규정 신설
20,김치산업 진흥법 일부개정법률안,PRC_Q1I7P0E9N1B2E1Q3M5S1C4P2S9A9Q3,2009294,민간위원 및 수탁단체 임직원을 공무원으로 의제하는 규정 도입으로 청렴성 강화 및 형평성 확보
20,동·서·남해안 및 내륙권 발전 특별법 일부개정법률안,ARC_V1I6X1O2V2V1Y1S6S0V8H0M7Q6D5R0,2004533,인허가 민원 처리절차 명확화와 협의기간 내 미회신시 간주제 도입으로 민원처리 신속화 및 적극행정 유도
20,농수산물 품질관리법 일부개정법률안,ARC_U1H6S1E2C2D6B1A4N4Q8F4C9Q0S1X8,2004607,수산특산물 품질인증제도 폐지로 인증제도 일원화 및 생산자 비용부담 경감 소비자 혼란 방지
20,엽연초생산협동조합법 일부개정법률안(대안),PRC_R1X9H1H1C2F8N1G9Q4C6S2E2V7D1E0,2024765,선거절차 법률화 선거범죄 벌칙 강화 임원 결격사유 신설 감사 소집요구권 등 조합 운영 투명성 및 공정성 강화
20,생활화학제품 및 살생물제의 안전관리에 관한 법률안(대안),PRC_M1C8T0X2T0A5R0C9N0J5A1F3U3O6P2,2012220,살생물제 승인제 도입 생활화학제품 안전관리체계 신설 위해성평가 표시기준 등 국민 안전 확보
20,교육시설 등의 안전 및 유지관리 등에 관한 법률안(대안),PRC_Z1G9T0Q9W2T3P1T6H1Q7P3H9K2Q4M9,2023279,교육시설 안전관리체계 구축 안전진단 인증제 도입 공제사업 법정기관화 환경개선기금 신설 등 학생 복리 증진
20,예술인 복지법 일부개정법률안(대안),PRC_V1K9T0X7S1H7K1U7A0P3R2D7A8M5D4,2023211,예술인 복지정책 기본계획 수립 실태조사 및 서면계약 의무화로 복지사업 체계화와 창작환경 공정성 강화
20,한국국제보건의료재단법 일부개정법률안(대안),PRC_R1D8W1F2Q0B5I1T3X3P4M5B5N0C5M7,2017754,재외동포 정의 명확화 개발도상국 파견직원 안전보장 과태료 관련 규정 정비로 운영 효율성 제고
20,물가안정에 관한 법률 일부개정법률안(대안),PRC_S1I9D1M1L2Q8P1O9K4I2W4L5L9W1V9,2024762,특별자치시장 명시 벌금형 현실화로 법 해석 혼란 방지 및 형벌 실효성 강화
20,농업협동조합법 일부개정법률안(대안),PRC_O1S7Y1M1A3E0H1H8E2C5C5D4H5M8G0,2010937,지역농협 중소기업 간주 특례 신설로 공공조달시장 참여 확대 및 농업인 소득 증대 지원
20,전자상거래 등에서의 소비자보호에 관한 법률 일부개정법률안,PRC_E1J6C1H2V2Q9G1V5J5C7C4W7B5C5Y7,2004753,동일 위반행위에 대해 과징금과 과태료 병과 금지로 과잉금지 원칙 준수 및 제재 합리화
20,소방기본법 일부개정법률안(대안),PRC_V1R8G0E2M2U2G1X2O2T3I5C0L8B5S0,2012189,소방활동 방해 차량 견인 지원근거 신설 벌금형 상향 등 소방활동 공익성 및 처벌 실효성 강화
20,특정 범죄자에 대한 보호관찰 및 전자장치 부착 등에 관한 법률 일부개정법률안,PRC_E1L8D0L2E0K8O1K5P1P2Q0A2H6Z8N9,2011850,전자장치 부착명령 해제 후 보호관찰 지속 및 미성년자 성범죄자 1대1 보호관찰 의무화로 재범방지 강화
20,한국마사회법 일부개정법률안,PRC_Y1Q6F0D7R2A1S1V2Y4U0V3O6N8H5T1,2001024,마권환급금 소멸시효 1년 연장으로 고객 환급기회 확대 및 미환급금 발생 방지
20,주세법 일부개정법률안,ARC_Q1V7X0P9X0X1R1L1Z3G1C3G4Q2B5A2,2008932,주류 제조면허 조건 위반시 면허취소 규정 신설 맥주 재료 범위 확대 등 제도 미비점 개선
20,유선 및 도선 사업법 일부개정법률안(대안),PRC_W1O7S1Y1N3K0X1U3Y1Z4O0L5G2E7P0,2012188,승객 안전매뉴얼 비치 신분확인 방법 다양화 신고 간주제 도입 등 유도선사업 관리체계 개선
20,제주특별자치도 설치 및 국제자유도시 조성을 위한 특별법 일부개정법률안,PRC_S1T8Q0P2C2Q8D1S4U5M6X4Z1G2F8D2,2012301,도의회의원 정수 조정으로 선거 원활화 및 인구증가 반영
20,천연물신약 연구개발 촉진법 일부개정법률안,PRC_W1S8E0W9F0F3C1M5P5M9K1S0S3W5E2,2015279,어려운 한자어 일본식 표현 한글화 등 법률용어 알기 쉽게 개정
20,개발제한구역의 지정 및 관리에 관한 특별조치법 일부개정법률안(대안),PRC_S1E7J0V7X0S5D1V6V2I6Q2T6Z4D8A5,2008050,행위허가 제한 관리공무원 배치 공무원 의제 규정 신설 보전부담금 부과율 하향 등 관리체계 개선
20,항로표지법 전부개정법률안(대안),PRC_U1W7L0F9O1H3D1T3E4Z9O4R5B6D8D8,2009703,항로표지 전문인력 양성 및 한국항로표지기술원 설립 근거 신설 지상파항법시스템 설치 등 해상안전 강화
20,관광기본법 일부개정법률안,PRC_P1P7R0P5I3T1I1N4T1N3S3P7I2C7J8,2007122,관광 여건 조성 위한 숙박 교통 휴식시설 개선 등 시책 마련 의무화로 국민관광 발전 기반 강화
20,관세사법 일부개정법률안(대안),PRC_P1Y7V1L1W3U0S2W3E2J3V1B5D4D3U8,2010941,관세사 직무범위 명확화 결격사유 강화 분사무소 설치 허용 보수 규정 신설 등 전문성 및 공정성 제고
20,주택법 일부개정법률안(대안),PRC_A1S9C1A2L0B5K1X8V4E0Z3K0W4O8O7,2024487,주택조합 설립인가 및 조합원 모집 요건 강화 리모델링 사업 권리관계 명확화 품질점검단 설치 등 입주자 권리 보호
20,건설기술 진흥법 일부개정법률안(대안),PRC_L1E8F1K1B2C7O1F5M1T7G2S5O8K8N7,2017115,건설사업관리계획 수립 의무화 신기술사용협약 근거 신설 건설사업관리자 권한 및 책임 강화
20,수산업협동조합법 일부개정법률안(대안),PRC_H1U9Z0Q7P1D2F1F7P2R9Y0O9Z2I3K7,2023028,조합원 당연탈퇴사유를 성년후견개시로 변경 민법 개정 반영 등 입법 미비점 정비
20,첨단의료복합단지 지정 및 지원에 관한 특별법 일부개정법률안(대안),PRC_L1Z7R0R9C2S0I1F7X3F3C2K7D0J7B4,2009645,첨단의료복합단지 종합계획 수립주기 5년 연장 진흥재단 설립근거 명확화 연구원 겸직 허용 등 제도 정비
20,벤처투자 촉진에 관한 법률안,ARC_C1R8B1H1F2Q6H1S8W3X0C3T1T2T8U7,2016810,벤처투자제도 통합 전문개인투자자 등록제 도입 의무투자비율 산정기준 변경 벤처투자조합 일원화 등 투자활성화 기반 마련
20,자살예방 및 생명존중문화 조성을 위한 법률 일부개정법률안,PRC_I1Z9N0V4N1F7N1T4O1X1S2Y4P2B1Z2,2019858,홍보영상 송출범위 확대 등 자살예방 정책 실효성 강화 및 생명존중문화 조성
20,국군간호사관학교 설치법 일부개정법률안,PRC_Q1M9N0O2U1O3I1W4W5Q9B2C0S7P6Y8,2018611,교과과정 학위수여 요건 명확화로 교육과정 질적 향상 및 학위수여 근거 강화
20,소방공무원법 전부개정법률안(대안),PRC_X1D9C0H6G2E6A1I7G2C6F3I9J4A8E2,2023888,소방공무원 국가직 일원화 인사제도 및 징계체계 개선 교육훈련기관 설치 등 소방서비스 편차 해소
20,어촌·어항법 일부개정법률안(대안),PRC_A1L8O0Z9Y1G9W1G2N3M7L4U1S8N2E5,2016591,어항개발 준공 전 허가신청 간주제 도입 어항시설 사용허가기간 5년 확대 등 사용 편의성 강화
20,식생활교육지원법 일부개정법률안,PRC_C1D9S1R1W1O1D1H5E2H2O5E1B6X3T4,2023714,어려운 한자어 일본식 표현 한글화 등 법률용어 알기 쉽게 개정
20,에너지이용 합리화법 일부개정법률안,PRC_F1S6N0D9C2T3I1I4A2R4M3G2U4P9Z6,2002431,수입 열사용기자재 제조검사 의무화로 안전관리 강화 및 국민 생명 재산 보호
20,농어업재해대책법 일부개정법률안,PRC_J1X6P0J9K3V0L1M4G5Y3J2J7R0E8F0,2002549,농업재해대책 심의위원회 등 민간위원 공무원 의제 신설로 직무수행 책임성 및 공공성 강화
20,축사의 부동산등기에 관한 특례법 일부개정법률안,PRC_E1P8N1G0M1M6C1F7U5R4W5Z4D8U2T5,2015992,동일지번 내 전체 축사 연면적 200㎡ 초과시 등기 허용으로 축산농가 재산권 보장 강화
20,재해경감을 위한 기업의 자율활동 지원에 관한 법률 일부개정법률안,PRC_L1H6H1U2X2M9J1H6Y4N3G1F7L5M2X8,2004763,중소기업제품 구매촉진 및 판로지원에 관한 법률 인용조항 개정으로 법 체계 정비
20,여수세계박람회 기념 및 사후활용에 관한 특별법 일부개정법률안,PRC_D1C7X1Q2U1M4P1J5B5X6O5Y2P9F6Q9,2010831,국가 및 지자체를 박람회 시설 사후활용 사업시행자에 추가 지정권자 일원화 등 관리체계 개선
20,산림복지 진흥에 관한 법률 일부개정법률안,ARC_M1M7K0W8S1Q8R1N5D4R5T5L7A3I1X1,2008586,산림복지진흥계획 타 정책과 연계 산림복지전문업 평가 포상제 도입 인증제도 폐지 등 관리 강화
20,해사안전법 일부개정법률안(대안),PRC_F1U8H1E1J2O8J1K7M4P8A2W0M1N6Q9,2017163,기본계획 시행계획 국회제출 및 공표 항행방법 위반 과태료 상향 등 해양안전 강화
20,산림기본법 일부개정법률안,ARC_R1D7E0I8L0X9Y1I3G2O4E3Y3C9J5L1,2008443,산림기본계획 수립주기 20년으로 조정 장기전략 수립 및 산림분야 계획 연계 강화
20,환경분야 시험·검사 등에 관한 법률 일부개정법률안(대안),PRC_K2E0Y0P2F1F8C1W7Q1C9B3E2F5X6P9,2024726,측정대행계약관리기관 지정 측정값 조작 등 위반시 자격정지 및 처벌 강화 불공정 계약구조 개선
20,매장문화재 보호 및 조사에 관한 법률 일부개정법률안(대안),PRC_U1L9M0C7N1N7V1Q7W3Y3K4D4G7E3A2,2023203,발굴조사 현장점검 근거 신설 발굴신고제 도입 용어 한글화 등 조사 절차 투명성 및 공공성 강화
20,군인복지기금법 일부개정법률안,PRC_V1M8M0L3X0N7W1G4G4L3L2A6L3Z4E8,2012355,전세대부계정 명칭을 주거지원계정으로 변경 보증금 대부 등 다양한 주거지원 근거 신설
20,자전거 이용 활성화에 관한 법률 일부개정법률안,PRC_U1T6V1P2Z1H9A1S6P3V6G4O2A2S3T8,2004460,자전거 통행원칙 안전거리 확보 등 교통안전교육 강화로 자전거 이용자 안전 도모
20,한국전문대학교육협의회법 일부개정법률안,PRC_H1P8L0Y3M2Z3G1X8D0K7E0T8U5Y5T4,2012640,과태료 금액 상향 조정 및 공공기관 유사명칭 사용 등 범죄 처벌 강화
20,국제상거래에 있어서 외국공무원에 대한 뇌물방지법 일부개정법률안(대안),PRC_T1Y9I1U1P2K2P1E9E5Z7B2G6D3B7K6,2023983,벌금형 상한 상향 뇌물공여액 기준 처벌 신설 법인 범죄이익 기준 처벌 도입 등 실효성 강화
20,산업표준화법 일부개정법률안(대안),PRC_I1B6D1D1T0O9I2L0T4G9D3W2S3Y9K4,2003656,이전심사 의무화 인증 취소 후 1년 내 승계 금지 인증표시 위반시 처벌 강화 등 인증 신뢰성 제고
20,축산법 일부개정법률안(대안),PRC_R1R7U0I2F2V3T1G0X0Z6Y5Q0U1K8F4,2005883,염소와 양 구분 명확화 가축인공수정사 면허관리 강화 과태료 부과절차 일원화 등 제도 정비
20,재난 및 안전관리 기본법 일부개정법률안(대안),PRC_V1I6B1R2N2G0C1Z6F4L2W3T3J8G4G8,2004712,시설물 안전관리 국토부 일원화 사회재난 복구비 선지급 안전취약계층 보호 등 재난관리체계 강화
20,소비자기본법 일부개정법률안(대안),PRC_Z1X7X0L9C2F1U1J4V4I3E2P9D6Q1G5,2009690,소비자중심경영인증제도 법적 근거 신설 및 소비자정책위원회 국무총리 소속 전환 소비자분쟁조정위원회 위원 증원 등 소비자보호와 분쟁조정 신속성 강화
20,해양수산생명자원의 확보·관리 및 이용 등에 관한 법률 일부개정법률안(대안),PRC_B1M8Y1T2G1J2D1N6M0N7V0Q9L5C0G8,2017775,해양수산생명자원 국외반출 신고 간주제 도입 및 기본계획 국회 제출 의무화 등 자원관리 체계 강화
20,자연재해대책법 일부개정법률안(대안),PRC_O1T7F0A9J2H0X1G8K4G4T1W6M6N6Y0,2009668,재해영향평가 협의 기준을 사업 규모 단계별로 차등 적용하고 자연재해저감 종합계획 도입 지역자율방재단 보상근거 신설 등 재해예방 및 대응체계 개선
20,행정심판법 일부개정법률안,ARC_Y1I6U0J8I2A6R1W7L5F1C1K6A8C0J0,2001864,행정심판 인용재결 미이행시 간접강제 도입 및 재결취지에 따른 재처분 의무 강화로 행정심판 실효성 제고
20,공연법 일부개정법률안(대안),PRC_M1N7U0T9P2U7O1Z7Q3A2Q2D5K1R5U7,2010052,공연장 안전진단 결과 보완조치 이행 의무화 및 피난안내도 영상물 상영 의무화로 공연장 안전 강화
20,벤처기업육성에 관한 특별조치법 일부개정법률안(대안),PRC_E1G9Z1A1E2Z1C1H8P5H2P2K7M0Y4X9,2024061,벤처기업 확인요건 개선 창업휴직 대상 확대 및 민간주도 벤처기업 확인기관 도입 등 창업지원 체계 강화
20,부동산등기 특별조치법 일부개정법률안,PRC_E1A7Y0W7E0J4Y1D5K0A4G4D7V9R5Z2,2007772,과태료 부과 징수 절차를 질서위반행위규제법과 일치하도록 정비해 법적 혼란 해소
20,지방분권 및 지방행정체제개편에 관한 특별법 일부개정법률안,PRC_R1K7N0L2C0G9P1M6C4M2R5H5B5M6A3,2005518,지역개발 관련 법률명 변경 반영으로 국민 혼란 방지 및 지정절차 명확화
20,산림문화·휴양에 관한 법률 일부개정법률안(대안),PRC_B1V9R1F1Y2R0E1Q6J3M6Q2Y5O8K2Q7,2024022,산림문화휴양계획 변경 근거 신설 산림치유지도사 자격증 대여알선 금지 자연휴양림 휴식년제 고지 의무화 등 산림자산 관리 강화
20,박물관 및 미술관 진흥법 일부개정법률안,PRC_P1A9A0A1M2D5S1Y5U1A3N5D9F1F5D6,2018333,기증자 예우 규정 신설로 민간 기증 활성화 및 박물관 미술관 자원확보 기반 강화
20,산업재해보상보험법 일부개정법률안(대안),PRC_O1A7P0M6X1F6W1F2R3X5Q2Y2S3G4H9,2009651,출퇴근재해 업무상재해 인정 및 구상금조정협의기구 도입 등 근로자 복지 증진
20,성별영향분석평가법 일부개정법률안,ARC_U1B6P1J0P0J6K1T3K3H1C4H4J6R7N2,2002588,성별영향분석평가 자료제출 요청권 강화 정책개선 권고 및 의견표명 근거 신설로 실효성 제고
20,산림조합법 일부개정법률안(대안),PRC_L1C6D1P1H2I8A1T6T4P9M2B9M3D2Y4,2004192,비회원 대출취급 근거 신설 재생에너지 사업 추가 임원 결격사유 분리선고 벌금현실화 등 조합운영 투명성 강화
20,중재법 일부개정법률안,ARC_N1V7J0M9M0J8L1S7D0K1Q4K7D3E0Q4,2009209,중재산업 진흥 기본계획 수립 및 상사중재기관 지정권자에 법무부장관 추가로 중재산업 진흥체계 강화
20,해저광물자원 개발법 일부개정법률안,PRC_Z1B7C0H1W0U2U2B0Y3F4R0R1M4V4L9,2004940,벌금 기준을 징역 1년당 1천만원으로 조정해 법정형 편차 해소 및 형사처벌 공정성 제고
20,지방교육재정교부금법 일부개정법률안,PRC_V1E9N0U4Y1X5D1Z8L0I7U2G8M6N7U1,2019826,고등학교 무상교육 재원 확보 위한 국가·지자체 증액교부 근거 신설 및 교육비특별회계 전출 규정
20,항공안전법 일부개정법률안(대안),PRC_Z1U6A1E2B2Z1A2G0R0N1F2B0R7N5A9,2004720,중소형 항공기 안전장비 설치 의무화 포장용기검사기관 관리감독 강화 항공안전기술원 연구업무 위탁 근거 신설 벌금기준 현실화
20,귀농어·귀촌 활성화 및 지원에 관한 법률 일부개정법률안(대안),PRC_A1A8Z1J1T2G8C1L5J5R8H1B0J1G3I3,2017123,귀농어귀촌 지원금 부정수급 환수 및 제재 강화 귀농어업인 정의 확대 등 정책 사후관리 체계화
20,대한적십자사 조직법 일부개정법률안,PRC_D1B6P0I6U2W0L1J1U3V2C4D9S8U4Z7,2000342,‘총재’ 명칭을 ‘이사장’으로 변경해 권위주의 탈피 및 국민과의 친밀도 향상
20,공중위생관리법 일부개정법률안(대안),PRC_O1Y8W1T2K0I5D1W3T1K4J3V7L6B6C5,2017765,공중위생영업소 과징금 상한 1억원으로 상향해 제재 실효성 강화
20,무형문화재 보전 및 진흥에 관한 법률 일부개정법률안,PRC_X1R7M0Z1F2O0N1C1C0M3N0Q5M2H8Q7,2005177,무형문화재 전수교육 이수자 지원 근거 신설로 전승활동 활성화 및 보전 강화
20,대중문화예술산업발전법 일부개정법률안,PRC_F1Y6I1R2N0H8Y1P9J3E7U3U2K9L1L4,2004270,벌금형 상한을 2천만원으로 상향해 형벌 현실화 및 범죄억지력 강화
20,유아교육지원특별회계법 일부개정법률안,PRC_R1B9S0I5K3A0G0I9F5Y8Z2C4D1L4R1,2020698,유아교육지원특별회계 효력 연장으로 누리과정 재원 안정성 및 정책 일관성 확보
20,군 사망사고 진상규명에 관한 특별법안,PRC_E1Z7P0J6J1O4U1C4W2J4W4C2Q4W3M3,2007387,군 사망사고 진상규명위원회 설치 및 조사권한 명확화로 피해자 명예회복과 신뢰회복 도모
20,행정규제기본법 일부개정법률안(위원회안),PRC_O1V7Z0L9O2G1H1J4U4E1Y4M2U8F6X3,2010087,벌금 부과 관련 규정 법 적용 대상에서 제외해 형평성 제고
20,전통무예진흥법 일부개정법률안,PRC_C1Z6A1P1J2K4I1F7X0N8C0G1W9W3E9,2003840,유네스코 국제무예센터 설립 근거 신설로 전통무예 보존 및 진흥 기반 강화
20,식품위생법 일부개정법률안(대안),PRC_H1G7Y1D1V2F3H1M9Q1H2Y3O9L7W7V7,2010533,영업자 준수사항 법률 상향 및 동업자조합 공제회 법인화 근거 신설로 제도 미비점 개선
20,농업협동조합법 일부개정법률안(대안),PRC_Q1N7P0A9C2E0I1J8G5M2F2V3Y3Q1I2,2009656,농협금융지주회사 의결권 규제 완화 및 인가 간주제 도입 전화 컴퓨터통신 선거운동 허용 등 민원처리 및 선거제도 개선
20,소하천정비법 일부개정법률안(대안),PRC_U1Z9O1C0X1V7B1N9X1Q4O3O4L3M1H0,2023886,소하천정비 인허가 민원 신속처리 및 신고수리 간주제 도입으로 행정 효율성 제고
20,국민영양관리법 일부개정법률안,PRC_H1E9H0S3Q0G8T1V7U5H8A1E1Q7W9C0,2019057,영양사 임상영양사 자격증 대여알선 금지 및 위반시 벌칙 신설로 자격제도 신뢰성 강화
20,도시재정비 촉진을 위한 특별법 일부개정법률안,PRC_B1D8U1M1R0P2A1J9U0O5O2D2S6K3Y5,2016324,재정비촉진사업 행정조사 사전통지 의무화 및 총괄사업관리자 자료요구 근거 신설로 국민 부담 경감
20,방문판매 등에 관한 법률 일부개정법률안,PRC_A1I6J1D2U2Z9F1I6B1P9L4U1L3H9I2,2004761,동일 위반행위에 대해 과징금과 과태료 병과 금지로 과잉제재 방지
20,중소기업 기술혁신 촉진법 일부개정법률안,PRC_Q1E8S0Z2J0S1G1S5X3L0I0L1A5J4W8,2011708,기술진흥 전문기관 지정취소 업무정지 근거 신설 및 위탁업무 범위 명시로 사후관리 강화
20,사립학교교직원 연금법 일부개정법률안,PRC_R1A7D0V1H0E9T1H6V2B2W4A8U3S3V5,2005021,연금공단의 의료기관 자료제공 요청 근거 신설로 급여 지급 심사 효율화
20,산림보호법 일부개정법률안(대안),PRC_L1U7H1U2B0N1C1Y0R3V0N4V5C3G1O3,2012201,산불 대응 협조체계 강화 산불진화 지시 위반시 통보 의무화 산림보호구역 허가 간주제 도입 등 산불예방 및 대응체계 개선
20,제대군인지원에 관한 법률 일부개정법률안(대안),PRC_H1R8H0M3Y1O3Z1M0T0L3C1K9Y4T3N7,2013773,벌금형 상한 상향 및 제대군인 고용명령 위반 과태료 인상으로 고용의무 실효성 강화
20,산림문화·휴양에 관한 법률 일부개정법률안,PRC_M1A9R1B1Z2D0E1L7W1S1I5F2Q9D0I6,2023916,산림레포츠 내연기관 레포츠 진입 제한 등 보행자 보호 및 산림피해 방지
20,보험업법 일부개정법률안(대안),PRC_C1I7C1W2X0L1V1H1P0F1U2S2Q0A6F2,2011636,손해사정서 보험계약자 등 교부 의무화 손해사정사 금지행위 신설로 계약자 권익 보호
20,도시개발법 일부개정법률안,PRC_X1V6P1N2E0F1W1Q6H3Z0N5Z1Q8G9J6,2004042,금치산자 한정치산자 용어를 피성년후견인 피한정후견인으로 변경해 민법 개정 반영
20,의료기사 등에 관한 법률 일부개정법률안,PRC_C1Y8Y0S7J1I3F1H3E4O3M0I9P4S7O2,2014386,의료기사 국가시험 외국학교 인정기준 고시 근거 신설로 응시자 권리 보호 강화
20,한국해양진흥공사법 일부개정법률안,PRC_E1Z8Z1P2X3J1T1U6I1S3W1P8O2F1X2,2017955,한국해양진흥공사 재무건전성 유지 의무 명시로 공사 경영 건전성 확보
20,자율주행자동차 상용화 촉진 및 지원에 관한 법률안(대안),PRC_L1B9J0G3N2C8D1M1H0R9G3G5M8J1P9,2019619,자율주행자동차 상용화 촉진 위한 시범운행지구 도입 안전구간 지정 보험가입 의무화 등 제도 기반 마련
20,여성폭력방지기본법안,PRC_S1F8R0R2C2H1B1M6Y4A5A3H3U2Y6V9,2012065,여성폭력방지정책 국가책임 명확화 피해자 지원체계 및 통계구축 등 여성폭력 피해자 보호 강화
20,건강가정기본법 일부개정법률안,PRC_T1X6H0Y7P0A1E1A5I5S6C0I7Z7D0Q1,2000629,일본식 한자어 ‘당해’를 ‘해당’으로 용어 순화해 국민 이해도 제고
20,경제자유구역의 지정 및 운영에 관한 특별법 일부개정법률안,PRC_Y1D6M0S8L0A4J1M8X1J2C1N7P0B2F3,2001423,경제자유구역 내 개발완료 단위사업지구는 기초지자체가 행정사무 수행할 수 있도록 권한 이양 근거 신설
20,도서개발 촉진법 일부개정법률안,PRC_I1F7R0M3W0N6T1R6J2Q9P3H6M5E5B3,2006006,섬의 날 제정으로 섬의 가치 제고 및 중요성 기념
20,고등교육법 일부개정법률안,PRC_U1W8H1O1W2G6D1J4T2R3H3G9S5P2A9,2016796,입시부정시 대학입학허가 취소 근거 신설로 입시 공정성 강화
20,문화유산과 자연환경자산에 관한 국민신탁법 일부개정법률안,PRC_U1M7G0C9Z0J1A1X8Z0V1M5C2J2Q9F8,2009004,시행계획 추진실적 제출 및 점검평가 환류절차 신설로 보전관리 계획의 체계성 및 실효성 강화
20,아동복지법 일부개정법률안(대안),PRC_L1T8H0G9V0B6P1M3U1D5P0E2H5E5A2,2016595,아동학대범죄자 취업제한 명령 법원 선고로 위헌성 해소 및 취업제한기관 범위 확대 수수료 면제 근거 신설
20,산림기본법 일부개정법률안(대안),PRC_A1L9P0Z7O1T2N1S7V2J0Y0B4J2W1K3,2023021,남북 산림교류협력 근거 신설 산림기본계획 국회 제출 및 공표 등 국민 알 권리 및 국제협력 강화
20,영유아보육법 일부개정법률안,PRC_R1J8O1P2W0S5X1T7R1S4P5E3C6N9B6,2017782,표준보육비용을 3년마다 조사하고 중앙보육정책위원회 심의를 거쳐 결정하며 어린이집 설치인가 시 보육수요를 고려하고 부정수급 비용 환수 근거를 신설함
20,갯벌의 지속가능한 관리와 복원에 관한 법률안,PRC_O1V7F0X8C2O3F1S5H1B7P2Z4P0M1F0,2008658,갯벌의 지속가능한 이용과 복원을 위해 국가와 지자체의 관리책임을 명확히 하고 갯벌생태공원 지정 복원 생태관광 진흥 등 종합적 관리체계를 신설함
20,할부거래에 관한 법률 일부개정법률안,PRC_P1K7J0I4I0A3X1V6K2Y9I2Q1R4I3A8,2006571,공정위가 사업자단체에 위탁하는 업무를 대통령령으로 정하는 사무로 한정하여 위탁 범위와 기준을 명확히 함
20,송유관 안전관리법 일부개정법률안,PRC_T1D6Q0F6C2G8C1Y3Z0P1G3P5D9E3Q6,2000518,송유관 안전관리자 직무대리자 미지정시 300만원 이하 과태료 부과 등 안전관리 공백 방지 벌칙조항 신설
20,경찰공무원 보건안전 및 복지 기본법 일부개정법률안,PRC_V1R7M1P0F2J0W1K4O3O3Z4Q2T4J8Y2,2009890,경찰공무원 의료지원에 심리치료를 포함하도록 명시해 심리치료 활성화 및 건강관리 강화
20,한국석유공사법 일부개정법률안,PRC_R1O7Z0Q3L2B0Z1P3T4N1H1V7X8K5S0,2006281,한국석유공사 자산 매각 등 주요 사업 추진시 재무건전성 국가경제 영향 평가위원회 심의 의무화로 내부 의사결정 절차 강화
20,군인 재해보상법안(대안),PRC_O1T9X0K9R2K4C1E9Q4V8P1C1W7R2M6,2023843,군인 재해보상제도를 별도 법률로 분리해 공무상 재해보상 급여수준 상향 및 심사체계 개선 분할연금제 도입 등 보상 강화
20,대한민국 재외공관 설치법 일부개정법률안,ARC_Y1Y9L0F8P2R3N1C6B1M3F0S8Z5R2N2,2022093,공사관 영사관 제도 정비 및 대표부 설치시 국제기구와의 관계 고려 등 공관 설치기준 명확화
20,송유관 안전관리법 일부개정법률안,PRC_G1N7H0C6F0K9L1V5F3O8J0B2S8X5T9,2007305,절취한 석유의 취득 양도 운반 알선 등 행위에 대한 처벌 규정 신설로 범죄예방 실효성 강화
20,신용정보의 이용 및 보호에 관한 법률 일부개정법률안,PRC_G1N8F0W2R0U1P1P8S0I3Z0K8U0E2O4,2011717,전자거래기본법 명칭을 전자문서 및 전자거래 기본법으로 개정해 법령 용어 혼란 해소
20,농어촌마을 주거환경 개선 및 리모델링 촉진을 위한 특별법 일부개정법률안,PRC_U1Y7A0H6P0A1I1E2E0E8K4I1C6V0L2,2007164,소방시설 설치유지법 제명 변경 반영 및 인용조문 정비로 법률 체계 명확화
20,계량에 관한 법률 일부개정법률안,PRC_M1J6Q1A1B1Z1V1P8D1T1L5C1S5I2G3,2003514,형식승인기관 지정취소 등 처분시 지체 없이 공고 의무화로 계량기 제조수입자 알권리 보장
20,전자문서 및 전자거래 기본법 일부개정법률안(대안),PRC_F1Z7A0F9Y1Z9J1Z9N4N9N2H5Z0E3B3,2009650,우수전자거래사업자 인증제 폐지 및 분쟁조정위원회 위원 해촉기준 신설 등 인증제도 정비
20,건축사법 일부개정법률안,ARC_P1B8T0G1M0N3X1Z4X4V5H4E9I5X1W7,2011226,피성년후견인 등 결격사유 해소시 즉시 자격등록 허용으로 자격제도 합리화
20,의사상자 등 예우 및 지원에 관한 법률 일부개정법률안(대안),PRC_P1H7S0U3I2I2U1H5T1Y5X4O3C7E6P1,2006470,의사상자심사위원회 민간위원 공무원 의제 및 부정수급시 벌칙 신설로 제재 강화
20,군인의 지위 및 복무에 관한 기본법 일부개정법률안(대안),PRC_R1T9K0Q8R2Q1W1V1I1Q9I4P2A5J6Y0,2023247,미세먼지 위험시 외부활동 제한 기본권교육 실시 군기훈련 법적근거 신설 유족 법률조력 보장 등 복무환경 개선
20,디엔에이신원확인정보의 이용 및 보호에 관한 법률 일부개정법률안(대안),PRC_A2Q0P0J1F0E8H2H3Z0Q1V0L4S1J5L6,2024488,디엔에이감식시료채취영장 청구시 의견진술 기회 및 불복절차 신설로 헌법불합치 해소
20,하도급거래 공정화에 관한 법률 일부개정법률안,PRC_K1W8J1U2R2P7Q1Q0N3J9P4K9Q0Z4D7,2019581,원사업자 귀책사유 없는 임금자재대금 직접지급 중지 요청시 발주자 직접지급 금지로 수급사업자 보호
20,장기등 이식에 관한 법률 일부개정법률안(대안),PRC_C1R8F0F9J0C6E1I3P2D1A3Z2T5G8T7,2016571,장기등이식윤리위원회 민간위원 과반수 및 장기기증자 예우 표준지침 신설 등 제도 개선
20,공탁법 일부개정법률안,PRC_J1V7Z0S6P1B2Q1S4U4J7P2I3C0B0V5,2007332,공탁금 수령 회수권리 시효 완성 전 안내 근거 신설로 미수령 공탁금 국고귀속 방지
20,문화재보호법 일부개정법률안,PRC_J1W6T1C2R0U8I1S8P5V7B4I3X6G8N8,2004259,시도등록문화재 제도 도입으로 지역문화유산 보호 및 국가와 지자체의 관리책임 강화
20,석탄산업법 일부개정법률안,PRC_Z1E8S1B0V3P1L1Q1G4R2F0U3E5K5H7,2016152,석탄산업 실태조사 근거 신설로 장기계획 수립 및 추진 효율성 강화
20,선원법 일부개정법률안(대안),PRC_R1W8Q1D2K1D2I1W6N1E0O5J3J0P4K0,2017780,선원 전차금 상계 금지 감봉상한 신설 선원정책계획 국회 제출 등 선원 근로조건 및 임금보장 강화
20,금융실명거래 및 비밀보장에 관한 법률 일부개정법률안(대안),PRC_T1F9R0Q8X2R2H1N4Z4A1Q4N1Q8F5I9,2023238,체납액 5천만원 이상시 체납자 배우자 친족 금융정보 제공 근거 신설로 조세정의 강화
20,선주상호보험조합법 일부개정법률안,ARC_H1M9Z1H0T0H7Y1N1D2L1A2Y7X0U6Z8,2022821,과태료 상한액을 위반행위별로 차등화해 책임 정도에 비례한 제재 실효성 강화
20,농어촌도로 정비법 일부개정법률안(대안),PRC_F1I7T0S2I2A2F1H8I1J7I4T6O8Y2Y7,2005894,특별자치시 특별자치도 적용 확대 도로정비사업 지원 근거 및 준공검사 절차 간소화
20,재외동포의 출입국과 법적 지위에 관한 법률 일부개정법률안,PRC_K1Z7C1L1M2P7V1G6Q0L6C1W2J1E3Q4,2010442,병역기피 목적 외국국적 취득자 재외동포체류자격 부여 기준 명확화로 법 해석 혼란 해소
20,세종특별자치시 설치 등에 관한 특별법 일부개정법률안,PRC_J1D6Q0V8Z2U9X1S7D5X9L3N4H8E6W3,2001900,교육위원회 및 교육의원 제도 삭제로 현행 법률 체계 정비
20,약사법 일부개정법률안(대안),PRC_G1O8A0S9B0A6Q1J3V1R7M0D6T2B3T0,2016589,처방전 알선 담합행위 규정 임상시험 보험가입 의무화 수입의약품 해외제조소 등록제 도입 등 의약품 유통 안전성 강화
20,스마트도시 조성 및 산업진흥 등에 관한 법률 일부개정법률안(대안),PRC_C1I9M0B3L2M5F1X0L1U0E4V8M0L9N2,2019616,스마트도시건설 면적제한 삭제 민간제안제도 도입 국가시범도시 특례 신설 등 사업추진 유연성 강화
20,산림보호법 일부개정법률안(대안),PRC_U1G6K1U1A2Q8S1E6O4M8A3C7N4X2M8,2004191,나무의사 자격제도 도입 산림보호구역 관리체계 개선 및 벌금액 상향 등 산림병해충 관리 전문화
20,지방행정동우회법안,PRC_H1K8O0R9V1J8W1M6Z3S0P2B1T7L9Z3,2015611,지방행정동우회 설립 및 운영 근거 신설로 전직 지방공무원 전문성 활용과 복지 증진
20,채무자 회생 및 파산에 관한 법률 일부개정법률안,PRC_Z1S9P0O6Q0S5B1F1U2R3U0B8R2G7X4,2020845,개인회생 변제기간 단축 규정 소급적용 명문화로 채무자 사회복귀 촉진 및 형평성 제고
20,농지법 일부개정법률안(대안),PRC_A1R9E1X1L1G9W1T9C0U6G1P0T9H2W9,2024011,농업경영계획서 보존기간 10년으로 연장 임대 허용범위 확대 등 농지이용 효율화
20,통신비밀보호법 일부개정법률안(대안),PRC_K1A8L0R2L2H7R1B4L0E7B2T6F4E4X1,2012221,실효된 조문 삭제 및 일본식 한자어 한글화 등 법률용어 정비
20,도시가스사업법 일부개정법률안,PRC_O1J8V1R2N2N8U1A7A2Y3D0J6P3G0G8,2017876,선박용천연가스사업 신설 및 등록제 도입으로 벙커링 시장 활성화와 제도적 불확실성 해소
20,선원법 일부개정법률안,PRC_Q1D7A0C3J0I9M1V8K1C7V2V2O5M2U6,2006100,외국인 선원 인권침해 예방 위해 불만처리절차 다국어 게시 의무화 등 권리보호 강화
20,마약류 관리에 관한 법률 일부개정법률안(대안),PRC_Z1K9L1L1G2O9C1A1J0M1D1U4O0Z4D5,2024670,마약류 광고 대상을 전문가로 명확히 하고 제품설명회 허용 출입검사권 확대 등 불법유통 대응 강화
20,군보건의료에 관한 법률 일부개정법률안,PRC_P1W9L0Z1N0U2I0S9R5J2J2U4Y4O7I1,2017987,군 예방접종 이력 등 정보 공유 근거 신설로 중복접종 방지 및 감염병 관리 강화
20,가맹사업거래의 공정화에 관한 법률 일부개정법률안(대안),PRC_K1V7S0F2Z2L4L1Z6K5J4H3Z1S8P7W1,2006491,징벌적 손해배상제 도입 분쟁조정신청 시효중단 효력 신설 등 가맹사업자 권익보호 강화
20,대체역의 편입 및 복무 등에 관한 법률안(대안),PRC_F1R9R1W1S1X9N1D1W3U4A1S0J2P0B1,2024050,양심적 병역거부자 대체복무제 도입 심사위원회 구성 및 복무기간 36개월 등 제도화
20,국립묘지의 설치 및 운영에 관한 법률 일부개정법률안,PRC_G1R6Y0T6T0M7B1B7S3H4S3V0N8U6S7,2000123,소방공무원 순직자 안장대상 범위 현행 소방기본법 반영 등 법률 체계 정비
20,농어촌정비법 일부개정법률안,PRC_M1P6B0I9P2P7Z1O7D0V3M0L7C8S3Q8,2002490,농업생산기반시설 사용허가 명칭 정비 토지수용 재결절차 도입 등 사업시행 효과 조기화
20,콘텐츠산업 진흥법 일부개정법률안,PRC_C1V8J0D9J1H3Y1R0M1S7Z4R5L4O2D2,2015481,콘텐츠사업자 청약철회 등 관련 준용조문 삭제로 법률 체계 일치 및 국민 혼란 방지
20,농수산물의 원산지 표시에 관한 법률 일부개정법률안(대안),PRC_A1F8C1M1H2N8F1L7J1F1J4L1L2B0O5,2017162,원산지 표시 단속계획 수립 및 평가 의무화로 제도 실효성 확보
20,농업·농촌 및 식품산업 기본법 일부개정법률안(대안),PRC_B1X7E0C2C2R2O1Y9F5M7X1D2W4N5U6,2005875,농업경영비 절감계획 및 올바른 농식품 정보제공 의무화로 농업경영 안정성 강화
20,여객자동차 운수사업법 일부개정법률안(대안),PRC_X1C9V0G7W1L1U1R3A2G3N0L8C7N3Y2,2021777,유상카풀 출퇴근 시간 명확화 택시 운송수입금 전액관리제 법적 근거 신설로 운수종사자 처우 개선
20,법률용어 정비를 위한 기획재정위원회 소관 33개 법률 일부개정을 위한 법률안,PRC_X1P9O1F1D2J8J1V3B0K8X4Z4E4J6D9,2024958,어려운 한자어 일본식 표현 한글화 등 법률용어 정비로 국민 이해도 및 신뢰 제고
20,방사성폐기물 관리법 일부개정법률안,PRC_L1V7B0O2H2J8D1V6Z4V7Z5X7V3H5N5,2005852,과태료 징수 등 절차를 질서위반행위규제법으로 일원화해 절차 명확성과 예측가능성 제고
20,문화산업진흥 기본법 일부개정법률안(대안),PRC_D1K8R0G9K1F1L2W0N2E4T4A9P2Y5Y2,2015662,유통전문회사 신고 간주제 도입으로 행정절차 투명성 및 산업진흥 지원
20,하천편입토지 보상 등에 관한 특별조치법 일부개정법률안,PRC_P1I9P0S1S2P2H1Z0K1Y9G4J2E1W8A4,2018276,하천구역 편입 사유토지의 미보상 문제 해결을 위해 보상청구권 소멸시효를 2023년 12월 31일까지 연장하여 소유자 권익을 보호함
20,전기사업법 일부개정법률안,PRC_J1S6P1A0J1Q8T1A3F5V4H1J1X5O1Z7,2002671,전력구매 시 경제성 안정성 환경 국민안전 등 종합적 검토 의무를 신설해 온실가스 감축과 국민안전 강화
20,법무사법 일부개정법률안,PRC_D1X8R0I1E1L0H1B6V4H8F4J9W1N2W8,2011344,법무사 업무범위 명확화와 부당사건유치 금지 등 국민 법률서비스 접근성과 편의성 제고 및 처벌 강화
20,수도권정비계획법 일부개정법률안,PRC_J1L7N0C6X2W6F1N4B1W8S2K3K6W3S4,2007583,수도권정비위원회 심의로 허용된 개발행위 집계 및 공개 의무화로 권역별 행위제한 실효성 및 투명성 제고
20,유아교육법 일부개정법률안,PRC_Z1M7O0U2K0B6J1D6P1F3Z3U5B7Y6N6,2005444,유아교육법 내 비교육적 용어 ‘수용’을 ‘배치’로 개정해 교육적 조문 정비
20,재난 및 안전관리 기본법 일부개정법률안(대안),PRC_S1C9M0N8O1J4O1R6I5D3H0N2D3M6Y9,2023139,국가핵심기반 정의 신설 안전정보 적극 공개 안전취약계층 지원 근거 등 재난관리 체계 전반 개선
20,감염병의 예방 및 관리에 관한 법률 일부개정법률안(대안),PRC_T1I6M1L1R0I4M1P7R3V6R2B4W6W7V9,2003659,C형간염 등 항생제 내성균 감염증 전수감시 전환 및 내성균 관리대책 실태조사 법적 근거 신설 인플루엔자 정기예방접종 명시
20,보건의료기본법 일부개정법률안,PRC_V1R8X0G6M2W1C1J4J3V3B5J1O5C9V1,2013974,보건의료정책심의위원회 민간위원 과반수 규정 신설로 민관 균형 및 정책 심의 전문성 강화
20,소규모 공공시설 안전관리 등에 관한 법률 일부개정법률안,ARC_P1W8Z0C9G2X7I1Y5A2L3P3P6J5S1B7,2015754,소규모 공공시설 관리청 일치화 및 위험시설 정비사업 전문성 강화로 안전관리 효율성 제고
20,의료기기법 일부개정법률안(대안),PRC_J1T9S0N3T2V6X2M0S1W3S2H6E7G0H9,2019600,의료기기위원회 민간위원 과반수 명시 및 허가자료 전자문서 통지 허용 등 심의 전문성 민원 편의 강화
20,주차장법 일부개정법률안(대안),PRC_D1D9M1C1Y2C8S0O8K3M3U4T1Z7M4A2,2024072,경사진 주차장 안전설비 설치 의무화 및 주차장 안전관리 실태조사 근거 신설로 사고 예방 강화
20,소비자생활협동조합법 일부개정법률안(대안),PRC_U1U8A1K1I2O7L1E3F3Y2O1X4W3D9E1,2017140,성범죄 임원 선임 제한 및 집행유예 결격기간 명확화로 임원 결격사유제도 합리화
20,산림보호법 일부개정법률안(대안),PRC_B1C8P1L1L2Q8E1D7W3M3N2G2J9E7M1,2017134,보호수 지정대상 확대 및 관리계획 국회 제출 산림항공기 범위 명확화 산불경보 발령권 일원화 등 관리체계 개선
20,국립생태원의 설립 및 운영에 관한 법률 일부개정법률안,PRC_T1B7Y1Y1B1D6B1Q3D5X3R4K8R1R6C0,2010188,국립생태원 내 멸종위기종복원센터 설치 및 기능 구체화로 멸종위기종 보전 복원 체계 강화
20,고엽제후유의증 등 환자지원 및 단체설립에 관한 법률 일부개정법률안(대안),PRC_V1Z7Y1A1Q3F0Q2P0M0L6E5E5N6R8G1,2012016,고엽제전우회 물품 양여 무상 명확화 결혼목적 약취 인신매매자 적용대상 배제 등 지원대상 기준 정비
20,신에너지 및 재생에너지 개발·이용·보급 촉진법 일부개정법률안,PRC_U1C6J1P0R2P4B1A3N5V3P2A9Y7W3P7,2002835,신재생에너지 실행계획 추진실적 평가 및 결과 공개 의무화로 정책 실효성 강화
20,해외이주법 일부개정법률안,ARC_H1A7T0Z8Z2W8N1R5H4D2S3U0J2B0V2,2008772,해외이주알선업 신고 수리 간주제 도입으로 민원처리 신속성 및 행정 투명성 제고
20,교통약자의 이동편의 증진법 일부개정법률안,PRC_F1I7H0S5I2M4W1W1O1C3I1M6I0J8N4,2007006,교통약자 승하차 환경 개선 및 위치안내 서비스 도입 등 이동권 보장 강화
20,중소기업진흥에 관한 법률 일부개정법률안(대안),PRC_Y2N0J0D2V1T9T1N6I5R8N1P6O9G9I4,2024691,자격증 대여 알선행위 처벌 강화 지방중소기업특별지원지역 제도 확대 향토기업 보증제도 신설 등 지원체계 개편
20,신용협동조합법 일부개정법률안,PRC_O1T6E0N6T1A5F1O7L2C4C1Z7W1O8K0,2000266,일본식 표현 ‘시달’을 ‘작성하여 보급’으로 변경 등 법률용어 순화 및 국민 이해도 제고
20,임업 및 산촌 진흥촉진에 관한 법률 일부개정법률안(대안),PRC_B1D7G0K2H2W3L1S0G0J8S4C3O0K3P8,2005879,임업분야 교육지원 품질인증제도 도입 특별관리임산물 유통관리 강화 등 임업인 작업안전 및 생산성 향상
20,건축법 일부개정법률안,PRC_I1K7W0O6P3Z0L1M7P0B1P1X9V9L2R8,2007733,건축물 소유정보 제공제도 및 건축물대장 주소정비 의무화로 상속인 권리보호 및 행정 효율성 강화
20,군인공제회법 일부개정법률안,PRC_W1L8J1T0P3F1F1I7G2Y3A1O1F0Y1Q0,2016193,‘잔임기간’을 ‘남은 임기’로 용어 정비해 국민 이해도 제고
20,부동산투자회사법 일부개정법률안,PRC_H1L8W1J2X2X9A1G7T0Y0K4N7V1F9P7,2017916,중요계약 기준 명확화 임대주택 공급 관련 공모의무 예외 등 투자자 보호와 제도 효율성 강화
20,경찰공무원법 일부개정법률안(대안),PRC_H1B9E0Y8U1G4L1C6Y5S8C3J0J3X9W8,2023140,성범죄 등 임용결격 당연퇴직 사유 확대 및 관련 법률 간 규율 형평성 제고
20,일제하 일본군위안부 피해자에 대한 보호ㆍ지원 및 기념사업 등에 관한 법률 일부개정법률안(대안),PRC_Z2P0M0E5M0Y6S1I5W5F0U3S8E2Z3T2,2024984,생활안정지원대상자 의료비 지원 및 실태조사 의무화로 피해자 복지 강화
20,행정절차법 일부개정법률안,ARC_U1Z9F0C2D2J2C1S0Y5Q5F4P0M2A1I8,2018762,공청회 개최 의무화 청문 주재자 제한 및 행정예고 확대 등 행정절차 투명성 및 국민참여 강화
20,만화진흥에 관한 법률 일부개정법률안,PRC_K1W7L0B9O2T7E1Q5J5J6I0M4C1L3W4,2009627,전문인력 양성기관 지정취소 및 업무정지 근거 신설로 교육생 피해 예방 및 예산 낭비 방지
20,치료감호 등에 관한 법률 일부개정법률안(대안),PRC_Z1M7T1V1H2V0J1M6J3K0O5W5I1I6T9,2010381,마약류 습벽자 치료명령대상 포함 보호관찰제도 도입 등 치료감호자 권리 및 재범방지 강화
20,장애인연금법 일부개정법률안,PRC_U1T7A0Z3F2O1H1M7F0Y3A0F7P3O4R3,2006318,장애등급 용어를 장애정도로 변경하고 연금 수급권 소멸사유 명확화로 제도 일관성 및 권리 보호
20,부정청탁 및 금품등 수수의 금지에 관한 법률 일부개정법률안,PRC_S1V8N1O0D3H0S1I5M2C2L0M4D6S8B4,2016124,사례금 수수 외부강의만 사후 신고로 규정해 과도한 명세 신고 규제 완화
20,국토기본법 일부개정법률안,PRC_I1I7K0A9P2W9T1Q7R3K4E0O2P1M9F9,2009795,환경정의 개념 도입으로 국토의 지속가능한 발전과 형평성 있는 자원배분 보장
20,군용항공기 비행안전성 인증에 관한 법률 일부개정법률안(대안),PRC_N1F9A0M3I2F8A1F2O5U2W1I9B0S1S9,2019591,감항인증 주관기관 지정 및 심의위원회 확대 등 군용항공기 안전성 인증체계 효율화
20,영화 및 비디오물의 진흥에 관한 법률 일부개정법률안,PRC_Q1T8N1F0O3W1M1D7N4N6L1U1U7G7Y0,2016224,어려운 한자식 용어 ‘잔임기간’을 ‘임기 중 남은 기간’으로 정비해 국민 이해도 제고
20,근로기준법 일부개정법률안(대안),PRC_O2M0G0I2M1W7Q1O6X5W7Q2T2M9H6W7,2024716,도급인 연대책임 명확화 1년 미만 근로자 연차휴가 사용촉진제도 적용 등 근로자 권익 보호
20,전기공사업법 일부개정법률안,PRC_H1C6V1O2Q2H0A1W7M0F1C0R1G5A6D5,2004505,10억원 미만 소규모 전기공사 중소업체 우선 발주 의무화로 중소 전기공사업자 시장보장
20,실종아동등의 보호 및 지원에 관한 법률 일부개정법률안(대안),PRC_A1Q7O0U9I2J0O1N7B3J2T1D7H5D2O0,2009643,실종아동 위치확인 정보요청 및 지문정보 전산등록 등 조기발견 체계 강화
20,도시가스사업법 일부개정법률안,PRC_C1R8Q1M2Y0G6L1I5N5T7Y4R5Z7Z7R2,2017204,액화천연가스냉열이용사업 허가제 도입 및 부생 천연가스 공급 허용으로 융복합 에너지 신산업 기반 마련
20,계량에 관한 법률 일부개정법률안(대안),PRC_F1B7B0F9H2X6S1J9P0P4B3S0U1N7X8,2010373,계량기 등록변경 신고 간주제 도입 및 폐업신고 등 행정 효율화
20,석면피해구제법 일부개정법률안(대안),PRC_M1Z7N0M9H2O0V1W1T1B9V5U6Q5B4H7,2010045,석면피해 구제업무 환경산업기술원 이관 및 석면환경보건센터 관리체계 강화
20,건강기능식품에 관한 법률 일부개정법률안,PRC_I1O7U1N2D1U8L1Y8O3L0F0Y7T2B8Y5,2012025,건강기능식품 표시광고 기준 삭제 등 관련 조문 정비
20,沒收金品等處理에關한臨時特例法 일부개정법률안,PRC_X1F7O0C9E1L5D1C7V4H9O3L5P6G0U2,2009441,일본식 한자어 ‘게기’를 ‘규정된’으로 정비해 국민이 쉽게 이해할 수 있도록 용어 순화
20,국적법 일부개정법률안,PRC_E1D7Z1N2V2G7N1N5A0D7R2C5N6X5U4,2011044,국적업무 수수료 법률 상향 규정으로 국민 재산권 보호 및 행정 투명성 제고
20,임업 및 산촌 진흥촉진에 관한 법률 일부개정법률안,PRC_W1T7N0S9Q2V1G1F5E2T3I1D5M5Y6D7,2009512,임업진흥계획 산림기본계획 포함시 행정절차 간소화 및 관리 효율화
20,농어업인 삶의 질 향상 및 농어촌지역 개발촉진에 관한 특별법 일부개정법률안(대안),PRC_V1U6P1O1P1R0V1S7U0F4V1N1F2E8P4,2003652,농산물대금 선지급제 법적 근거 마련으로 농업인 소득안정 지원
20,건축물관리법 일부개정법률안,PRC_L1H9I0V7H1D9N1T7A0A4T1C7F2N1S3,2021565,건축물 해체 허가대상 확대 및 현장점검 의무화로 해체안전 확보
20,소방공무원법 일부개정법률안,ARC_D1T6V1F2M2T6Q1A4B5W1R5Z7O9J5O1,2004608,시보소방공무원 면직요건 확대 신규채용후보자 자격상실 규정 신설 등 인사제도 강화
20,군인의 지위 및 복무에 관한 기본법 일부개정법률안(대안),PRC_C1L8Z1A1X2C9N1L9M0L0U0K0S2G9W4,2017171,종교의식 강요 금지 및 피해자 보호조치 통보의무 신설 등 군내 기본권 및 복무환경 개선
20,문화다양성의 보호와 증진에 관한 법률 일부개정법률안,PRC_L1G9G0H9D1P0U1K7Q1H1H3Y3X4U9P8,2022429,문화다양성위원회 소관을 문화부장관으로 이관 위원장 및 당연직 위원 구성 변경으로 심의 효율성 제고
20,대한무역투자진흥공사법 일부개정법률안,PRC_R1H6J1H1G2Q3S1Q3O1A6W0E7V0P1Q0,2003781,법정 자본금 규모 3천억원으로 상향조정해 해외투자유치 및 수출진흥 역량 강화
