url,bill_title
http://likms.assembly.go.kr/bill/billDetail.do?billId=PRC_A2D0Q0P6Z0D1G1U1P4G5G5Z7O1V1M9,[2100016] 고위공직자범죄수사처장후보추천위원회의 운영 등에 관한 규칙안(백혜련의원 외 12인)입법예고중
http://likms.assembly.go.kr/bill/billDetail.do?billId=PRC_A2B2M0A9A2K9T1S8D1R6V3G7Y5Z0I3,[2117640] 국군부대의 소말리아 아덴만 해역 파견연장 동의안(정부)입법예고중
http://likms.assembly.go.kr/bill/billDetail.do?billId=PRC_A2C1D0G9N0Q3S1Y1A0O3E3B4A9J8V0,[2112424] 2022년도 무역보험계약 체결 한도에 대한 동의안(정부)입법예고중
http://likms.assembly.go.kr/bill/billDetail.do?billId=ARC_X2K3J0G7K2B6W1P8H0E1F0X0V2R5N2,[2123469] 주타이베이 대한민국 대표부와 주한국 타이베이 대표부 간의 소득에 관한 조세의 이중과세 방지와 탈세 예방을 위한 약정의 이행에 관한 법률안(정부)입법예고중
http://likms.assembly.go.kr/bill/billDetail.do?billId=PRC_A2H2A0J7T2U0C0J8Q4K0I5O7D3J7T6,[2116534] 민생경제안정 특별위원회 구성의 건(의장)입법예고중
http://likms.assembly.go.kr/bill/billDetail.do?billId=PRC_A2B1F0Z7J0E2C0C9Z4P7S1W3Y6O2K5,[2111285] 2021년도 공공자금관리기금운용계획변경안(정부)입법예고중
http://likms.assembly.go.kr/bill/billDetail.do?billId=PRC_A2M0T0R9I0X3N1Z0W0T5D1U1W0B5O0,[2103479] 2021년도에 발행하는 위기극복과고용을위한기간산업안정기금채권에 대한 국가보증동의안(정부)입법예고중
http://likms.assembly.go.kr/bill/billDetail.do?billId=PRC_A2J0E0P6T0I4Z0M9P5L2I3P2Y1K1D6,[2100153] 2020년도 산업재해보상보험및예방기금운용계획변경안(정부)입법예고중
http://likms.assembly.go.kr/bill/billDetail.do?billId=PRC_A2Y0G0D6D0I4Y0A9Z4L9W5H8U0V3M8,[2100146] 2020년도 기술보증기금운용계획변경안(정부)입법예고중
http://likms.assembly.go.kr/bill/billDetail.do?billId=PRC_A2R1N0U4P2F8F1R0G1I6J0S8U6A6W4,[2109766] 대한민국 정부와 인도네시아공화국 정부 간의 포괄적경제동반자협정 비준동의안(정부)입법예고중
http://likms.assembly.go.kr/bill/billDetail.do?billId=PRC_A2K1Z0O5N3K1U1U4E2O9R0P0L5Z4H1,[2110475] 2020회계연도 예비비지출 승인의 건(정부)입법예고중
http://likms.assembly.go.kr/bill/billDetail.do?billId=PRC_A2Y1L0V9Z1V0W1K1V0A0N1S0J3E2E0,[2112509] 아프가니스탄 평화정착 및 인권 보호 촉구 결의안(대안)(외교통일위원장)입법예고중
http://likms.assembly.go.kr/bill/billDetail.do?billId=PRC_B2K0T0U6X0E1U1U5H1Z0Z5J1F3S5Q9,[2100029] 2019회계연도 한국방송공사 결산 승인안(방송통신위원회)입법예고중
http://likms.assembly.go.kr/bill/billDetail.do?billId=PRC_B2M0L0R6E0B4E0F9W3K9X4C0T7I7N6,[2100121] 2020년도 보훈기금운용계획변경안(정부)입법예고중
http://likms.assembly.go.kr/bill/billDetail.do?billId=PRC_B2H0Q0X6N0P4W0F9E4U7I4F8H9F6H4,[2100140] 2020년도 농산물가격안정기금운용계획변경안(정부)입법예고중
http://likms.assembly.go.kr/bill/billDetail.do?billId=PRC_B2M1X0T3J0K4L0W9V1O8K2U8P0O9Z1,[2108504] 2021년도 고용보험기금운용계획변경안(정부)입법예고중
http://likms.assembly.go.kr/bill/billDetail.do?billId=PRC_B2M3N1C1E0X9X1G4O1M4R4H6E2F4Z1,[2125316] 의사일정 변경동의의 건(박주민의원 등 168인)입법예고중
http://likms.assembly.go.kr/bill/billDetail.do?billId=PRC_B2O3L0Y4M2Z7O1W3Z1S2Q5O3P2D1H3,[2121686] 연금개혁 특별위원회 활동기간 연장의 건(의장)입법예고중
http://likms.assembly.go.kr/bill/billDetail.do?billId=PRC_B2O2A0K9H0A8P1H5B2I4A3A6O6Y5P8,[2117320] 2022년도 무역보험계약 체결 한도 조정에 대한 동의안(정부)입법예고중
http://likms.assembly.go.kr/bill/billDetail.do?billId=PRC_B2P2P0E9E0J8I1V5Z2H5U2X3D3H6L1,[2117321] 2023년도 무역보험계약 체결 한도에 대한 동의안(정부)입법예고중
http://likms.assembly.go.kr/bill/billDetail.do?billId=PRC_B2Q0S0H6E0R4G0R9J4K7L1T4T5M3I4,[2100139] 2020년도 농업·농촌공익기능증진직접지불기금운용계획변경안(정부)입법예고중
http://likms.assembly.go.kr/bill/billDetail.do?billId=PRC_B2Q0E0Q6W0K4Z0A9E4E4T4H3H8R2U6,[2100132] 2020년도 국민체육진흥기금운용계획변경안(정부)입법예고중
http://likms.assembly.go.kr/bill/billDetail.do?billId=PRC_B2V0G0Q7U0E3X1S0B4I9V3V7D6I1E4,[2101372] 대한민국 정부와 필리핀공화국 정부 간의 사회보장에 관한 협정 비준동의안(정부)입법예고중
http://likms.assembly.go.kr/bill/billDetail.do?billId=PRC_B2Y2Z1P1K2I1K1D3S1X2S1Z0M7F7M6,[2118345] 직업계고등학교의 안전한 현장실습 확보와 정부(공공기관) 현장실습 활성화를 위한 국회 결의안(대안)(교육위원장)입법예고중
http://likms.assembly.go.kr/bill/billDetail.do?billId=PRC_C2B3C1A0A1Z0Z1H0I2G5F2F2D0E8A9,[2125113] 러시아 연방공화국과 북한 간의 무기 거래 및 유엔 안보리 결의에 위반하는 무기 기술협력 중단 촉구 결의안(태영호의원 등 10인)입법예고중
http://likms.assembly.go.kr/bill/billDetail.do?billId=PRC_B2R1J0T7D0C2Y0B9Z4U7G4A7G5Z9I3,[2111286] 2021년도 정보통신진흥기금운용계획변경안(정부)입법예고중
http://likms.assembly.go.kr/bill/billDetail.do?billId=PRC_C2F0F0X7T0M3W1X0I5A6W2J3H6P3M6,[2101379] 대한민국과 중화인민공화국 마카오특별행정구 간의 형사 사법공조 협정 비준동의안(정부)입법예고중
http://likms.assembly.go.kr/bill/billDetail.do?billId=PRC_C2G2L0W5Q1P3N0K9P5J4D1X8U1I5Z7,[2115582] 2022년도 농지관리기금운용계획변경안(정부)입법예고중
http://likms.assembly.go.kr/bill/billDetail.do?billId=PRC_C2J2J0J4A2J9G1A2K3I8Z2W2M9D4D0,[2115456] 사법개혁 특별위원회 구성결의안(국회운영위원장)입법예고중
http://likms.assembly.go.kr/bill/billDetail.do?billId=PRC_C2P1D0N9H2W9D2H0H1J0W1M7H5K1X0,[2112744] 언론·미디어 제도개선 특별위원회 구성의 건(의장)입법예고중
http://likms.assembly.go.kr/bill/billDetail.do?billId=PRC_C2Q1H1U2H3N1V0X9V2P1V5J1B5V7X2,[2114227] 국회 2030 부산세계박람회 유치지원 특별위원회 구성의 건(의장)입법예고중
http://likms.assembly.go.kr/bill/billDetail.do?billId=PRC_C2M3I0Y5N1Y7A1K0U2L8M1B6J0Z4P2,[2122083] 국회의원의 가상자산 자진신고 및 조사에 관한 결의안(정무위원장)입법예고중
http://likms.assembly.go.kr/bill/billDetail.do?billId=PRC_C2R3E0N5D3R0M1L4K0G5W2M2O2Y0C5,[2122362] 의사일정 변경동의의 건(송기헌의원 등 167인)입법예고중
http://likms.assembly.go.kr/bill/billDetail.do?billId=PRC_C2R3E0T8F2W9C0G9B3Q8F4H1H7J3E0,[2124604] 국회세종의사당의 설치 및 운영 등에 관한 규칙안(국회운영위원장)입법예고중
http://likms.assembly.go.kr/bill/billDetail.do?billId=PRC_C2X0O0R6R0N8P1B5U2A0W3Z8F2J8J1,[2100265] 국회상임위원회 위원 정수에 관한 규칙 개정 특별위원회 구성의 건(의장)입법예고중
http://likms.assembly.go.kr/bill/billDetail.do?billId=PRC_C2V1E0B2B1T8T1R5I4G6V3Y2N1C3T3,[2108341] 지방대학 및 지역균형인재 육성에 관한 법률 일부개정법률안(대안)(교육위원장)입법예고중
http://likms.assembly.go.kr/bill/billDetail.do?billId=PRC_D2A3L1K1L1K0I0Q9P3O7P4N2V1U2S2,[2125542] 한-독 수교 140주년 기념 양국 관계 지속적 발전을 위한 특별 결의안(이상민의원 등 10인)입법예고중
http://likms.assembly.go.kr/bill/billDetail.do?billId=PRC_C2U1J0H5U3G1N1H3S3B9T0Y0X7M0G8,[2110474] 2020회계연도 결산(정부)입법예고중
http://likms.assembly.go.kr/bill/billDetail.do?billId=PRC_D2B0M0D6H0J4Q0L9I5Q2B1R3A7C4F3,[2100152] 2020년도 장애인고용촉진및직업재활기금운용계획변경안(정부)입법예고중
http://likms.assembly.go.kr/bill/billDetail.do?billId=PRC_D2C3F0L1O1U2T1V4Q5D5S0N1Y5E4S2,[2119451] 대한민국 정부와 우즈베키스탄공화국 정부 간의 투자의 상호 증진 및 보호에 관한 협정 비준동의안(정부)입법예고중
http://likms.assembly.go.kr/bill/billDetail.do?billId=PRC_D2I0F0T6N0L4W0G9U4B5E2K1S9R3S7,[2100134] 2020년도 관광진흥개발기금운용계획변경안(정부)입법예고중
http://likms.assembly.go.kr/bill/billDetail.do?billId=PRC_D2I0V0C6K0D4R0L9Q4E1K0J7O2X1A0,[2100124] 2020년도 복권기금운용계획변경안(정부)입법예고중
http://likms.assembly.go.kr/bill/billDetail.do?billId=PRC_D2K2A0N2J1W0N1P0B2R4C1P8I9R0D0,[2114733] 오대산사고본 조선왕조실록과 의궤 제자리 찾기를 위한 국립조선왕조실록전시관 설립 촉구 결의안(대안)(문화체육관광위원장)입법예고중
http://likms.assembly.go.kr/bill/billDetail.do?billId=PRC_D2M0F0V6J0R4V0T9D4C0M2H1G0Y7K7,[2100122] 2020년도 농림수산업자신용보증기금운용계획변경안(정부)입법예고중
http://likms.assembly.go.kr/bill/billDetail.do?billId=PRC_D2Q0E0Q6W0J4U0J9K4F6T0B5R1Z5W3,[2100136] 2020년도 농지관리기금운용계획변경안(정부)입법예고중
http://likms.assembly.go.kr/bill/billDetail.do?billId=PRC_D2P3R1W1N0J9T1A4P1I4G0L3L6N9K3,[2125313] 의사일정 변경동의의 건(박주민의원 등 168인)입법예고중
http://likms.assembly.go.kr/bill/billDetail.do?billId=PRC_D2P1K1A0R0M1V1R4U5R3A0V2G6X6J5,[2112767] 역내포괄적경제동반자협정 비준동의안(정부)입법예고중
http://likms.assembly.go.kr/bill/billDetail.do?billId=PRC_D2T2L0B7Y2N1W1Y7D2H6V2N7S0U0H9,[2116599] 국제항로표지기구에 관한 협약 비준동의안(정부)입법예고중
http://likms.assembly.go.kr/bill/billDetail.do?billId=PRC_D2W4M0Y5X2S8S1O7X4L7I3M8B3M1R0,[2126701] 의사일정 변경동의의 건(박성준의원 등 155인)입법예고중
http://likms.assembly.go.kr/bill/billDetail.do?billId=PRC_E2C2M0L5W2F0I1T8X0C6D0N7O1P0K5,[2115681] 의사일정 변경동의의 건(박홍근의원 등 167인)입법예고중
http://likms.assembly.go.kr/bill/billDetail.do?billId=PRC_E2D0I0P6O0X4E0H9E4V6C2C3X9G9L0,[2100137] 2020년도 축산발전기금운용계획변경안(정부)입법예고중
http://likms.assembly.go.kr/bill/billDetail.do?billId=PRC_E2C1Z0S7F0Y2Z0W9S5Q1H3Z1M8M8K8,[2111292] 2021년도 산업재해보상보험및예방기금운용계획변경안(정부)입법예고중
http://likms.assembly.go.kr/bill/billDetail.do?billId=PRC_E2L0Z1Y2I0L1U0I0V0T1Z0X7V7X5J1,[2105944] 소득세법 일부개정법률안(대안)(기획재정위원장)입법예고중
http://likms.assembly.go.kr/bill/billDetail.do?billId=PRC_E2J0E0H6B0H4K0V9W4Z2B1M5U1O6I0,[2100127] 2020년도 국유재산관리기금운용계획변경안(정부)입법예고중
http://likms.assembly.go.kr/bill/billDetail.do?billId=PRC_E2S0C0X7A1N5Y1U4T2R4T5I1T5P9R8,[2101983] 일본 정부의 ‘후쿠시마 방사능 오염수’의 안전한 처리 및 국제적 동의 절차 확립 촉구를 위한 결의안(이원욱의원 등 11인)입법예고중
http://likms.assembly.go.kr/bill/billDetail.do?billId=PRC_E2T0O1K1V2L5K1G1Q1B5M5Q6K7F3B7,[2106054] 학교용지 확보 등에 관한 특례법 일부개정법률안(대안)(교육위원장)입법예고중
http://likms.assembly.go.kr/bill/billDetail.do?billId=PRC_E2T1E0I8E1J8L1K4Y1K6W2J7M6X8G2,[2112202] 국회법 일부개정법률안(대안)(국회운영위원장)입법예고중
http://likms.assembly.go.kr/bill/billDetail.do?billId=PRC_F2A2P0W8N1W1Z1U7P5Q4A4V9O4U7V8,[2117250] 워싱턴 추모의 벽 건립 기념과 이를 계기로 한 한미동맹 지속 발전 촉구 결의안(이헌승의원 등 55인)입법예고중
http://likms.assembly.go.kr/bill/billDetail.do?billId=PRC_F2F1R1Y2G0H1M2U1P3E0G2X6N6L7V1,[2113802] 국회청원심사규칙 일부개정규칙안(국회운영위원장)입법예고중
http://likms.assembly.go.kr/bill/billDetail.do?billId=PRC_F2H3O0U4T1T3G1X5F2J6P1X1J5J4O4,[2121341] 의사일정 변경동의의 건(진성준의원 등 169인)입법예고중
http://likms.assembly.go.kr/bill/billDetail.do?billId=PRC_F2G1L0O2S1A9B1B1S3B8M5A7P0L1R7,[2108394] 혈액관리법 일부개정법률안(대안)(보건복지위원장)입법예고중
http://likms.assembly.go.kr/bill/billDetail.do?billId=PRC_F2O1R0R6S2B9R0T8X3P1J3T5I4T1L9,[2111177] 일본 정부의 ‘후쿠시마 방사성 오염수’ 해양방출 결정 규탄 및 오염수의 안전성 확보를 위한 적극적인 대책 촉구 결의안(대안)(외교통일위원장)입법예고중
http://likms.assembly.go.kr/bill/billDetail.do?billId=PRC_F2K2M1J1B3R0X1H1G1N4Z0P0K6N4J3,[2119185] 고용보험 및 산업재해보상보험의 보험료징수 등에 관한 법률 일부개정법률안(대안)(환경노동위원장)입법예고중
http://likms.assembly.go.kr/bill/billDetail.do?billId=PRC_F2N0T0T6K0N4K0W9P4D2N4S8J1U0A7,[2100128] 2020년도 정보통신진흥기금운용계획변경안(정부)입법예고중
http://likms.assembly.go.kr/bill/billDetail.do?billId=PRC_F2O4R0S5L2F8D1N7D4K9Q5U0N8K8M2,[2126704] 의사일정 변경동의의 건(박성준의원 등 155인)입법예고중
http://likms.assembly.go.kr/bill/billDetail.do?billId=PRC_F2Y2P0J5N1N3U0P9U5Y3H0S1J9D1X0,[2115580] 2022년도 공무원연금기금운용계획변경안(정부)입법예고중
http://likms.assembly.go.kr/bill/billDetail.do?billId=PRC_G2B0T0L6W0W4B0R9K4A8J0M7E7F4N3,[2100141] 2020년도 수산발전기금운용계획변경안(정부)입법예고중
http://likms.assembly.go.kr/bill/billDetail.do?billId=PRC_G2B2S0Y5H1S3W0E9J5V6N2G8T5B6S0,[2115584] 2022년도 자유무역협정이행지원기금운용계획변경안(정부)입법예고중
http://likms.assembly.go.kr/bill/billDetail.do?billId=PRC_G2B2Z0N9M2D1O1Z5F4X9M4B3D4Y7D1,[2120226] 부정경쟁방지 및 영업비밀보호에 관한 법률 일부개정법률안(대안)(산업통상자원중소벤처기업위원장)입법예고중
http://likms.assembly.go.kr/bill/billDetail.do?billId=PRC_F2Z3T0Y5Z3G1K1L3U2H1U4S2B5Q8V1,[2122387] 2022회계연도 예비비지출 승인의 건(정부)입법예고중
http://likms.assembly.go.kr/bill/billDetail.do?billId=PRC_G2E4H0U1N2S9B1X7D4J1B0G3H9X3B7,[2126423] 2024년도에 발행하는 공급망안정화기금채권에 대한 국가보증동의안(정부)입법예고중
http://likms.assembly.go.kr/bill/billDetail.do?billId=PRC_G2J2U1Y2Q0U5E1C0Y0K5Y5H6R7X8P8,[2118696] 이란 여성 인권 시위에 대한 폭력적 진압 규탄 및 평화적 사태 해결 촉구 결의안(대안)(외교통일위원장)입법예고중
http://likms.assembly.go.kr/bill/billDetail.do?billId=PRC_G2E2S0C5Z1F3W0N9X5C0D1N8Y6M8B8,[2115575] 2022년도 공공자금관리기금운용계획변경안(정부)입법예고중
http://likms.assembly.go.kr/bill/billDetail.do?billId=PRC_G2J3V0O9M1L4M1X3I3R2B1L1P7C2E2,[2124454] 국제철도여객운송협정 가입동의안(정부)입법예고중
http://likms.assembly.go.kr/bill/billDetail.do?billId=PRC_G2K0C0F6Q0V4S0I9J4I4H0X5S4W1D0,[2100131] 2020년도 남북협력기금운용계획변경안(정부)입법예고중
http://likms.assembly.go.kr/bill/billDetail.do?billId=PRC_G2N1Q0R7J0M2Y0R9L4D6J1F1Q7W1M0,[2111282] 2021년도 제2회 추가경정예산안(정부)입법예고중
http://likms.assembly.go.kr/bill/billDetail.do?billId=PRC_G2Q2Y1U1O2A4Y1P6I1W4M5U8S1Q8S4,[2118461] 용산 이태원 참사 진상규명과 재발방지를 위한 국정조사계획서 승인의 건(용산 이태원 참사 진상규명과 재발방지를 위한 국정조사특별위원장)입법예고중
http://likms.assembly.go.kr/bill/billDetail.do?billId=PRC_G2R0N0Z7F0X3M1W0Q5U2S4G0S2Q7C3,[2101375] 1994년 5월 20일 하노이에서 서명된 대한민국 정부와 베트남사회주의공화국 정부간의 소득에 대한 조세의 이중과세회피와 탈세방지를 위한 협정을 개정하는 제2의정서 비준동의안(정부)입법예고중
http://likms.assembly.go.kr/bill/billDetail.do?billId=PRC_G2T1G0O7N0H2O0O9Y5F3S0L5R1W3F1,[2111296] 2021년도 중소벤처기업창업 및 진흥기금운용계획변경안(정부)입법예고중
http://likms.assembly.go.kr/bill/billDetail.do?billId=PRC_G2U2Y0V5Q1K3I0X9R5K1W5W8B3C6K0,[2115578] 2022년도 국유재산관리기금운용계획변경안(정부)입법예고중
http://likms.assembly.go.kr/bill/billDetail.do?billId=PRC_G2V0W0B9X2Z3W1C6J5O9H0N8Y3P7I5,[2104150] 4·16세월호참사 증거자료의 조작·편집 의혹 사건 진상규명을 위한 특별검사 임명 국회 의결 요청안(가습기살균제사건과 4·16세월호참사 특별조사위원회)입법예고중
http://likms.assembly.go.kr/bill/billDetail.do?billId=PRC_G2Y3J0F5S3U1F1Y7W3D3H1K3G1D2C7,[2122416] 2022회계연도 한국방송공사 결산 승인안(방송통신위원회위원장)입법예고중
http://likms.assembly.go.kr/bill/billDetail.do?billId=PRC_G2Y1Q0I2O1J9E1A3X1H0T0A0Q5J1L6,[2108396] 공공보건의료에 관한 법률 일부개정법률안(대안)(보건복지위원장)입법예고중
http://likms.assembly.go.kr/bill/billDetail.do?billId=PRC_G2Y0B0S6Y0D1R1C4U1L6C5P4T4Q6Q7,[2100027] 2019회계연도 결산(정부)입법예고중
http://likms.assembly.go.kr/bill/billDetail.do?billId=PRC_G2W2H0J5V1M3I1O0N0I0K0W2S9E0T1,[2115589] 2022년도 고용보험기금운용계획변경안(정부)입법예고중
http://likms.assembly.go.kr/bill/billDetail.do?billId=PRC_G2Z1J0E7F0T2P0I9R5L3D4G2H9N3H0,[2111297] 2021년도 소상공인시장진흥기금운용계획변경안(정부)입법예고중
http://likms.assembly.go.kr/bill/billDetail.do?billId=PRC_H2H3Q0P3W1P5L1S0Q1N8E4L9J8O8U8,[2120677] 2030 부산세계박람회의 성공적 유치 및 개최를 위한 결의안(국회 2030 부산세계박람회 유치지원 특별위원장)입법예고중
http://likms.assembly.go.kr/bill/billDetail.do?billId=PRC_H2I1C0U3H2Z2J1A8K1B2X4H0G1B9W8,[2109132] 인종차별과 혐오로 희생된 교민에 대한 추모와 아시아계에 대한 차별금지 촉구 결의안(김주영의원등80인)입법예고중
http://likms.assembly.go.kr/bill/billDetail.do?billId=PRC_H2G3G0C9C0A5B1A5Y1Z5G0H7F0G5E6,[2124297] 동해 표기 촉구 결의안(이용선의원 등 10인)입법예고중
http://likms.assembly.go.kr/bill/billDetail.do?billId=PRC_H2H3C1Z2U1U2E1T6P0F4E2R2Z8M6F7,[2126021] 2022회계연도 결산 관련 감사원에 대한 감사요구안(예산결산특별위원장)입법예고중
http://likms.assembly.go.kr/bill/billDetail.do?billId=PRC_H2K4V0R5I0R2O1O3I5H7Y2M7E1Z6H0,[2126663] 의사일정 변경동의의 건(박주민의원 등 142인)입법예고중
http://likms.assembly.go.kr/bill/billDetail.do?billId=PRC_H2P3O0O4N2L5T1S7T0S3Q5Z2X4Y8S3,[2121884] 한국ㆍ캐나다 수교 60주년 기념 양국 관계 지속발전을 위한 특별 결의안(양정숙의원 등 10인)입법예고중
http://likms.assembly.go.kr/bill/billDetail.do?billId=PRC_H2U3K1C1V1Q6X1H8P2Y6W3D2X6U4P3,[2125509] 기후위기 특별위원회 활동기간 연장의 건(국회운영위원장)입법예고중
http://likms.assembly.go.kr/bill/billDetail.do?billId=PRC_H2W0Z0G7K0B3M1N0J5I5Q1Q7D2Q4G4,[2101378] 대한민국 정부와 캄보디아왕국 정부 간의 소득에 대한 조세의 이중과세 방지와 탈세 및 조세회피 예방을 위한 협정 비준동의안(정부)입법예고중
http://likms.assembly.go.kr/bill/billDetail.do?billId=PRC_I2A1R0Y2B1X9W1A5K4T1J4B3N4W5T7,[2108397] 감염병의 예방 및 관리에 관한 법률 일부개정법률안(대안)(보건복지위원장)입법예고중
http://likms.assembly.go.kr/bill/billDetail.do?billId=PRC_I2A0S1X2K0A1G0V8X5I6O2T4C3S4G2,[2105945] 주류 면허 등에 관한 법률안(대안)(기획재정위원장)입법예고중
http://likms.assembly.go.kr/bill/billDetail.do?billId=PRC_I2F2R0A7U0B6S1J3E3Q7S1H7P7K9Y5,[2116324] 발달장애인 참사 대책 마련을 위한 촉구 결의안(강선우의원 등 178인)입법예고중
http://likms.assembly.go.kr/bill/billDetail.do?billId=PRC_I2G3S1H1S0V9F1Q4S1K3W5D9Q1U9X9,[2125314] 의사일정 변경동의의 건(박주민의원 등 168인)입법예고중
http://likms.assembly.go.kr/bill/billDetail.do?billId=PRC_I2G3N1G1O0Z9X1E4N1V5P1F3U1K2V1,[2125315] 의사일정 변경동의의 건(박주민의원 등 168인)입법예고중
http://likms.assembly.go.kr/bill/billDetail.do?billId=PRC_I2R1X0N4I1Y3T1K1S4Q0Y1I6L7T0P5,[2109425] 대한민국과 아메리카합중국 간의 상호방위조약 제4조에 의한 시설과 구역 및 대한민국에서의 합중국군대의 지위에 관한 협정 제5조에 대한 특별조치에 관한 대한민국과 미합중국 간의 협정 비준동의안(정부)입법예고중
http://likms.assembly.go.kr/bill/billDetail.do?billId=PRC_I2S1R0F9K1T0H1I8F0M6P2R1T7H3O8,[2112511] 일본 정부의 '군함도 등 일본 근대 산업시설 한국인 강제노역'에 대한 유네스코 세계유산위원회 권고이행 및 후속조치 재이행 촉구 결의안(대안)(외교통일위원장)입법예고중
http://likms.assembly.go.kr/bill/billDetail.do?billId=PRC_I2L0E0A6G0S4W0T9W5O4K0R6H6X4O9,[2100157] 2020년도 양성평등기금운용계획변경안(정부)입법예고중
http://likms.assembly.go.kr/bill/billDetail.do?billId=PRC_I2V3N0A2D1C3R1Y9H4H0F4O9J9S6Q8,[2119997] 튀르키예ㆍ시리아 지진 피해 희생자 추모 및 복구 지원 촉구 결의안(대안)(외교통일위원장)입법예고중
http://likms.assembly.go.kr/bill/billDetail.do?billId=PRC_I2S1T1J2D0M1D2X1H3H3L3H2Y2M6N4,[2113795] 국회정보공개규칙 일부개정규칙안(국회운영위원장)입법예고중
http://likms.assembly.go.kr/bill/billDetail.do?billId=PRC_I2W0H0K9K1W1N0K9V1A1Y5J2E7J6E3,[2103754] 2020년도 고용보험기금운용계획변경안(정부)입법예고중
http://likms.assembly.go.kr/bill/billDetail.do?billId=PRC_J2A3X1W0H1M8R0R9X4X0D0Y4D9W9V8,[2125121] 국군부대의 아랍에미리트(UAE)군 교육훈련 지원 등에 관한 파견연장 동의안(정부)입법예고중
http://likms.assembly.go.kr/bill/billDetail.do?billId=PRC_J2F3P1L0I1Y8E0C9X4F1G1E4U6X5U0,[2125122] 국군부대의 소말리아 아덴만 해역 파견연장 동의안(정부)입법예고중
http://likms.assembly.go.kr/bill/billDetail.do?billId=PRC_J2F2T0Q5A3V1B1Q7A2I9H3E3K4C6I4,[2115802] 2021회계연도 예비비지출 승인의 건(정부)입법예고중
http://likms.assembly.go.kr/bill/billDetail.do?billId=PRC_J2N2E0R2M2Q3Y1M4M1U3T1S9K8J8G6,[2114818] 대한민국 정부와 캄보디아왕국 정부 간의 자유무역협정 비준동의안(정부)입법예고중
http://likms.assembly.go.kr/bill/billDetail.do?billId=PRC_J2S1D1N2H0O1R2K1A3Z4U4E5B7B5P5,[2113794] 공직자윤리법의 시행에 관한 국회규칙 일부개정규칙안(국회운영위원장)입법예고중
http://likms.assembly.go.kr/bill/billDetail.do?billId=PRC_J2R1X0T7I1K6D1M8D2T1J0X0W8U3N0,[2111585] 국가정보기관의 불법사찰성 정보 공개 및 진상 규명과 재발 방지를 위한 특별 결의안(대안)(정보위원장)입법예고중
http://likms.assembly.go.kr/bill/billDetail.do?billId=PRC_J2T0K1E2D0J8O1U6S0O0J2K3V1E4D5,[2106279] 고용보험 및 산업재해보상보험의 보험료징수 등에 관한 법률 일부개정법률안(대안)(환경노동위원장)입법예고중
http://likms.assembly.go.kr/bill/billDetail.do?billId=PRC_J2V1C0H1E1T1T1A0J0O7H0N1D4V5R9,[2107518] 유엔 강제실종보호협약 비준동의안 제출 촉구 결의안(전용기의원등10인)입법예고중
http://likms.assembly.go.kr/bill/billDetail.do?billId=PRC_J2V1U1N0M2U1K1Z4G2Z9D3K1G1B4K0,[2112912] 국군부대의 아랍에미리트(UAE)군 교육훈련 지원 등에 관한 파견연장 동의안(정부)입법예고중
http://likms.assembly.go.kr/bill/billDetail.do?billId=PRC_J2X2N1I2P0J8U1X2L4B0I0L4J0H8X1,[2118807] 인구위기 특별위원회 구성의 건(의장)입법예고중
http://likms.assembly.go.kr/bill/billDetail.do?billId=PRC_J2X1E1B0Y2F1E1V4K2X8F2E0K9V9E1,[2112911] 국군부대의 소말리아 아덴만 해역 파견연장 동의안(정부)입법예고중
http://likms.assembly.go.kr/bill/billDetail.do?billId=PRC_J2Z1M0L9Z2Q9S1O5V3Y2M2A7M3E0V2,[2112736] 국군부대의 「국제연합 레바논 평화유지군(UNIFIL)」 파견연장 동의안(정부)입법예고중
http://likms.assembly.go.kr/bill/billDetail.do?billId=PRC_K2A4M0S5C2L8V1E3V4Q6P1U7N1Z5U6,[2126688] 의사일정 변경동의의 건(박성준의원 등 155인)입법예고중
http://likms.assembly.go.kr/bill/billDetail.do?billId=PRC_K2B0G0K6P0E1C1Y5S1L3J4L1S6D8Q9,[2100031] 2019회계연도 한국교육방송공사 결산 승인안(방송통신위원회)입법예고중
http://likms.assembly.go.kr/bill/billDetail.do?billId=PRC_K2C0J0Q6N0F4Y0Q9Q4O1K5U0D5Z3W2,[2100126] 2020년도 산업기반신용보증기금운용계획변경안(정부)입법예고중
http://likms.assembly.go.kr/bill/billDetail.do?billId=PRC_K2E3C0B9A0W1I1P0A4U2O0P5D3P2L2,[2124133] 2024년도 임대형 민자사업(BTL) 한도액안(정부)입법예고중
http://likms.assembly.go.kr/bill/billDetail.do?billId=PRC_K2G2J0X5N1L3R0D9D5B9Z3H3L4B8I4,[2115588] 2022년도 소상공인시장진흥기금운용계획변경안(정부)입법예고중
http://likms.assembly.go.kr/bill/billDetail.do?billId=PRC_K2H3P0K2E1X7X1Q0Z0A6Y1K8G7U9J8,[2120073] 한미동맹 70주년 기념 양국 관계 지속발전 촉구 특별 결의안(위원회안)(외교통일위원장)입법예고중
http://likms.assembly.go.kr/bill/billDetail.do?billId=PRC_K2P4E0G5I2B8Z1Z3R5J0X5D5P0F8C2,[2126692] 의사일정 변경동의의 건(박성준의원 등 155인)입법예고중
http://likms.assembly.go.kr/bill/billDetail.do?billId=PRC_K2K1L1C1Y2N4A1B6R5J7L2U7B9N7B2,[2113548] 2030 세계박람회 부산 유치지원 촉구 결의안(대안)(산업통상자원중소벤처기업위원장)입법예고중
http://likms.assembly.go.kr/bill/billDetail.do?billId=PRC_K2Q0L0N6P0J9A1M8O2D3J1I7W6R0H2,[2100322] 국회상임위원회 위원 정수에 관한 규칙 일부개정규칙안(국회상임위원회 위원 정수에 관한 규칙 개정 특별위원장)입법예고중
http://likms.assembly.go.kr/bill/billDetail.do?billId=PRC_K2R0K1L0F2V1C1I5B2G8Z4Z3Y9P4P2,[2104590] 국군부대의 「국제연합 남수단 임무단(UNMISS)」 파견연장 동의안(정부)입법예고중
http://likms.assembly.go.kr/bill/billDetail.do?billId=PRC_K2S1Y0G9N2R9A1W5K3F2O4M7Q4I4I3,[2112737] 국군부대의 「국제연합 남수단 임무단(UNMISS)」 파견연장 동의안(정부)입법예고중
http://likms.assembly.go.kr/bill/billDetail.do?billId=PRC_K2V0K0V6D0O4Y0I9G4X9P3S8D3W3Z3,[2100145] 2020년도 중소벤처기업창업및진흥기금운용계획변경안(정부)입법예고중
http://likms.assembly.go.kr/bill/billDetail.do?billId=PRC_K2U1M0P3R0R4D0W9W1E5G1C4P7Y2M8,[2108498] 2021년도 공공자금관리기금운용계획변경안(정부)입법예고중
http://likms.assembly.go.kr/bill/billDetail.do?billId=PRC_K2V3W0A5S3Z1Y1Y7Z2R1X1Y0G7Y6J7,[2122413] 2022회계연도 한국교육방송공사 결산 승인안(방송통신위원회위원장)입법예고중
http://likms.assembly.go.kr/bill/billDetail.do?billId=PRC_K2V0S0W6L2C6I1S6F3A4H1U4C4S9H7,[2101081] 기상산업진흥법 일부개정법률안(정부)입법예고중
http://likms.assembly.go.kr/bill/billDetail.do?billId=PRC_L2K3S0R2Z0X9Y1X6W0E3D2B0A2W0X8,[2120017] 느린학습자(경계선 지능인) 교육지원 종합대책 마련을 위한 촉구 결의안(안민석의원 등 15인)입법예고중
http://likms.assembly.go.kr/bill/billDetail.do?billId=PRC_K2W0P0V7Y0B3N1P0S5P7T1T3J7V6V9,[2101380] 대한민국과 중화인민공화국 마카오특별행정구 간의 도망범죄인 인도 협정 비준동의안(정부)입법예고중
http://likms.assembly.go.kr/bill/billDetail.do?billId=PRC_L2E4N0E2V2X2R1D8R1T7Q5Q4S1W4Y3,[2126577] 공공기관의 운영에 관한 법률 일부개정법률안(대안)(기획재정위원장)입법예고중
http://likms.assembly.go.kr/bill/billDetail.do?billId=PRC_L2L1Z1S2Y2C8C1I1W1V9U1T1M3H6L1,"[2114120] 1985년 10월 8일 서울에서 서명되고 2001년 5월 28일 서울에서 서명된 의정서를 통하여 개정된, 대한민국과 오스트리아공화국 간의 소득 및 자본에 대한 조세의 이중과세회피와 탈세방지를 위한 협약의 개정을 위한 제2의정서 비준동의안(정부)입법예고중"
http://likms.assembly.go.kr/bill/billDetail.do?billId=PRC_L2U0Z1B2Z0L9C0J2K1G3S3H9N1D9J4,[2106282] 공무원의 노동조합 설립 및 운영 등에 관한 법률 일부개정법률안(대안)(환경노동위원장)입법예고중
http://likms.assembly.go.kr/bill/billDetail.do?billId=PRC_L2V2E0Y7M2Q2T1R3H4O6O4C9I7M6H3,[2116615] 사법개혁 특별위원회 명칭 등 변경 및 활동기간 연장의 건(의장)입법예고중
http://likms.assembly.go.kr/bill/billDetail.do?billId=PRC_L2Z3E0W9K2B0K2M0B1A1Y5L5N6U0Z8,[2125087] 대한민국의 명백한 독도영유권을 확인하고 일본의 독도영유권 주장 및 교과서 역사왜곡을 규탄하는 결의안(대안)(외교통일위원장)입법예고중
http://likms.assembly.go.kr/bill/billDetail.do?billId=PRC_L2X3B1W0B1P3N1E0K0P7G2L6I9Z3V8,[2125099] 국군부대의 「국제연합 남수단 임무단(UNMISS)」 파견연장 동의안(정부)입법예고중
http://likms.assembly.go.kr/bill/billDetail.do?billId=PRC_M2B0Y0X9A2F1D1I1R0M7L5P7V7G3G1,[2104073] 쌍용자동차 국가손해배상 사건 소취하 촉구 결의안(이은주의원 등 117인)입법예고중
http://likms.assembly.go.kr/bill/billDetail.do?billId=PRC_M2D3D0I8X2Q4G1J3M4X9Q2K6B1H5F0,[2124003] 제409회국회(임시회) 회기결정의 건(의장)입법예고중
http://likms.assembly.go.kr/bill/billDetail.do?billId=PRC_M2B2I0X5D1I3H0P9R4Q9I1W5E9R8I1,[2115573] 2022년도 신용보증기금운용계획변경안(정부)입법예고중
http://likms.assembly.go.kr/bill/billDetail.do?billId=PRC_M2K3S0R3S0Q9P1X6Y2X9Y3W1F8D7C3,[2120611] 일본 정부의 한일대륙붕공동개발협정의 조속한 이행 및 실질적인 이행 방안 마련 촉구 결의안(이용선의원 등 29인)입법예고중
http://likms.assembly.go.kr/bill/billDetail.do?billId=PRC_M2J0Q0J6B0N4R0A9C4H8M5Q4Y7U0E7,[2100143] 2020년도 무역보험기금운용계획변경안(정부)입법예고중
http://likms.assembly.go.kr/bill/billDetail.do?billId=PRC_M2M0R0X7Y0N3G1O0H5H0Z2F8F8I2F2,[2101373] 대한민국 정부와 뉴질랜드 정부 간의 사회보장에 관한 협정 비준동의안(정부)입법예고중
http://likms.assembly.go.kr/bill/billDetail.do?billId=PRC_M2Z2W0Z5V1H3L0H9W5N1H1D9N1X8C4,[2115577] 2022년도 기후대응기금운용계획변경안(정부)입법예고중
http://likms.assembly.go.kr/bill/billDetail.do?billId=PRC_M2T3V0T9T1S1Q1R0Y2Z4X5Y8W1X9V9,[2124426] 관동(關東) 대지진 조선인 학살사건에 대한 일본 정부의 진상규명 및 사죄 촉구 결의안(이용선의원 등 19인)입법예고중
http://likms.assembly.go.kr/bill/billDetail.do?billId=PRC_N2D2Z1J1Q0N8K2I0M2K7J1B2A5H2V8,[2118228] 만인의총 역사 교과서 등재 촉구 결의안(문화체육관광위원회)(문화체육관광위원장)입법예고중
http://likms.assembly.go.kr/bill/billDetail.do?billId=PRC_N2A1F0F2E2F5S1S5I4X7O5A3K3B1F4,[2108338] 미얀마 군부 쿠데타 규탄 및 민주주의 회복과 구금자 석방 촉구 결의안(대안)(외교통일위원장)입법예고중
http://likms.assembly.go.kr/bill/billDetail.do?billId=PRC_N2F0J0A7L1L4W1E0P1E6A4X4P4T9E0,[2101881] 강제 또는 의무 노동에 관한 협약 비준동의안(정부)입법예고중
http://likms.assembly.go.kr/bill/billDetail.do?billId=PRC_N2D2K0J5T3U1D1H7L2F8C2F4M5I8J6,[2115801] 2021회계연도 결산(정부)입법예고중
http://likms.assembly.go.kr/bill/billDetail.do?billId=PRC_N2M0K1K2E0Z4T1Y2Y0Z2Q2D9C9I9H8,[2106291] 국회사무처행정심판위원회규칙 일부개정규칙안(국회운영위원장)입법예고중
http://likms.assembly.go.kr/bill/billDetail.do?billId=PRC_N2N3C1Y0C3X1Y0V9W2G7M3L5Y7M4Y5,[2125218] 연금개혁 특별위원회 활동기간 연장의 건(의장)입법예고중
http://likms.assembly.go.kr/bill/billDetail.do?billId=PRC_N2N1N0K7J0O2B0U9V4F8S1Z1X3H0T9,[2111287] 2021년도 국민체육진흥기금운용계획변경안(정부)입법예고중
http://likms.assembly.go.kr/bill/billDetail.do?billId=PRC_N2S2P0T5P1A3U0K9F5M4P5Q2N6E0O7,[2115583] 2022년도 축산발전기금운용계획변경안(정부)입법예고중
http://likms.assembly.go.kr/bill/billDetail.do?billId=PRC_N2S1Q0V7U0F2D0M9M5B2C0T9I7M6B5,[2111293] 2021년도 장애인고용촉진 및 직업재활기금운용계획변경안(정부)입법예고중
http://likms.assembly.go.kr/bill/billDetail.do?billId=PRC_N2T0U0U6W0B4O0C9T5C0U2J1S3R1I6,[2100147] 2020년도 소상공인시장진흥기금운용계획변경안(정부)입법예고중
http://likms.assembly.go.kr/bill/billDetail.do?billId=PRC_O2B2D0N5A1G3A0D9U5U9O0M4P5B1K0,[2115587] 2022년도 전력산업기반기금운용계획변경안(정부)입법예고중
http://likms.assembly.go.kr/bill/billDetail.do?billId=PRC_O2J3M0W9K0N1Y1O5B4T5S5O7S1P2P1,[2124161] 2024년도에 발행하는 한국장학재단채권에 대한 국가보증동의안(정부)입법예고중
http://likms.assembly.go.kr/bill/billDetail.do?billId=PRC_O2F0U0G6U0Z4D0P9Z4N1T2J8J0T5R5,[2100125] 2020년도 공공자금관리기금운용계획변경안(정부)입법예고중
http://likms.assembly.go.kr/bill/billDetail.do?billId=PRC_O2L1H0R3O1W5J1D8T0W6L4Y0I9A4U3,[2109233] UN 장애인권리협약 선택의정서 비준 촉구 결의안(김예지의원등74인)입법예고중
http://likms.assembly.go.kr/bill/billDetail.do?billId=PRC_O2Q1N1Z1K0D9X1N6I1W6Q3K6J7X4H1,[2113244] 정치개혁 특별위원회 구성결의안(국회운영위원장)입법예고중
http://likms.assembly.go.kr/bill/billDetail.do?billId=PRC_O2X2Q0T1B2U6Z1K0I3S1Y5C2Y9A9H6,[2114564] 대한민국 정부와 이스라엘국 정부 간의 자유무역협정 비준동의안(정부)입법예고중
http://likms.assembly.go.kr/bill/billDetail.do?billId=PRC_O2Z1X1Z2P3W0K2B1R2T8O3H6R0L6I7,[2114349] 건축물관리법 일부개정법률안(대안)(국토교통위원장)입법예고중
http://likms.assembly.go.kr/bill/billDetail.do?billId=PRC_O2Y2C0F7B2M1A1L7B2A3Y5R7S3D4A7,[2116598] 강제실종으로부터 모든 사람을 보호하기 위한 국제협약 비준동의안(정부)입법예고중
http://likms.assembly.go.kr/bill/billDetail.do?billId=PRC_O2Q1S0A7E0B2V0O9P5R4N3H6V7M7F1,[2111299] 2021년도 신용보증기금운용계획변경안(정부)입법예고중
http://likms.assembly.go.kr/bill/billDetail.do?billId=PRC_O2P0Z0U6G0L1I1P4A3K8M2P3T7H7H8,[2100028] 2019회계연도 예비비지출 승인의 건(정부)입법예고중
http://likms.assembly.go.kr/bill/billDetail.do?billId=PRC_P2A2L1N1Y0T8K2Z1X2K1H4X3J6Z9N3,[2118181] 윤리특별위원회 구성결의안(국회운영위원장)입법예고중
http://likms.assembly.go.kr/bill/billDetail.do?billId=PRC_P2N2X0A5S1B3M1Q0U0A0A3N2G2V0I0,[2115590] 2022년도 주택도시기금운용계획변경안(정부)입법예고중
http://likms.assembly.go.kr/bill/billDetail.do?billId=PRC_P2E0D0H6T0M4W0N9E5K0S3W9U7H0E2,[2100148] 2020년도 국민건강증진기금운용계획변경안(정부)입법예고중
http://likms.assembly.go.kr/bill/billDetail.do?billId=PRC_P2S2Y1I2G0U8T1N2W4O2Y3D6E4E7E1,[2118809] 첨단전략산업 특별위원회 구성의 건(의장)입법예고중
http://likms.assembly.go.kr/bill/billDetail.do?billId=PRC_P2P0W0T6R0U4J0H9G4N0Y4I3V9X2G9,[2100123] 2020년도 신용보증기금운용계획변경안(정부)입법예고중
http://likms.assembly.go.kr/bill/billDetail.do?billId=PRC_P2S3X0G1B3Z0O1R1T3B4U0K1U4G3I9,[2119685] 형사사법체계개혁 특별위원회 활동기간 연장의 건(의장)입법예고중
http://likms.assembly.go.kr/bill/billDetail.do?billId=PRC_Q2A0W0H7N0P3A1R0B0Y8G5E4H1M1C3,[2101367] 기초연구진흥 및 기술개발지원에 관한 법률 일부개정법률안(조명희의원 등 19인)입법예고중
http://likms.assembly.go.kr/bill/billDetail.do?billId=PRC_Q2E2S1S1Y1S7Q1V6O5Z1R2I8C4K0Z8,[2118430] 예비군법 일부개정법률안(대안)(국방위원장)입법예고중
http://likms.assembly.go.kr/bill/billDetail.do?billId=PRC_P2Y2Y0F5J1C3N0J9I3G8H0Y2E5V2K8,[2115572] 2022년도 제2회 추가경정예산안(정부)입법예고중
http://likms.assembly.go.kr/bill/billDetail.do?billId=PRC_Q2G0J0H6G0E4S0F9T4G5J4F4E2H3N3,[2100135] 2020년도 영화발전기금운용계획변경안(정부)입법예고중
http://likms.assembly.go.kr/bill/billDetail.do?billId=PRC_Q2H4P0F5K2F8K1L3Z5O1L3Y6I0H8C6,[2126693] 의사일정 변경동의의 건(박성준의원 등 155인)입법예고중
http://likms.assembly.go.kr/bill/billDetail.do?billId=PRC_Q2D1O0X7G0D2W0I9A4I9Z3T9G8H3V2,[2111288] 2021년도 문화예술진흥기금운용계획변경안(정부)입법예고중
http://likms.assembly.go.kr/bill/billDetail.do?billId=PRC_Q2X0R0C9S1A1G0H9B0K8T1S1P4Q1X2,[2103749] 2020년도 신용보증기금운용계획변경안(정부)입법예고중
http://likms.assembly.go.kr/bill/billDetail.do?billId=PRC_Q2U0W0O6H0L4C0H9C4B3X3L9E1R5M6,[2100130] 2020년도 국제교류기금운용계획변경안(정부)입법예고중
http://likms.assembly.go.kr/bill/billDetail.do?billId=PRC_Q2W0Q0N9D1Q1K0J9M1Z0P3O4I0A2L0,[2103752] 2020년도 기술보증기금운용계획변경안(정부)입법예고중
http://likms.assembly.go.kr/bill/billDetail.do?billId=PRC_Q2X3M0D9M0O1W1X5I5K1E1I1N8M5M3,[2124162] 2024년도 무역보험계약 체결 한도에 대한 동의안(정부)입법예고중
http://likms.assembly.go.kr/bill/billDetail.do?billId=PRC_Q2L1H1R2N2D8M1P1I2C1X0S2E1C9D8,[2114121] 대한민국 정부와 베트남사회주의공화국 정부 간의 사회보험에 관한 협정 비준동의안(정부)입법예고중
http://likms.assembly.go.kr/bill/billDetail.do?billId=PRC_Q2Z2V0V2Y0Y7O1O5R4V6O5K9T5N7V3,[2114734] 일본 정부의 사도 광산 세계유산 등재 추진 결정 철회 촉구 결의안(문화체육관광위원장)입법예고중
http://likms.assembly.go.kr/bill/billDetail.do?billId=PRC_Q2Y2P0D7S2W2Y1P3W4D7A2D3R6N7P5,[2116616] 정치개혁 특별위원회 구성의 건(의장)입법예고중
http://likms.assembly.go.kr/bill/billDetail.do?billId=PRC_R2B0R0Q9Y1M1T0G9A0Z9S5D3U2O7S3,[2103751] 2020년도 중소벤처기업창업 및 진흥기금운용계획변경안(정부)입법예고중
http://likms.assembly.go.kr/bill/billDetail.do?billId=PRC_R2C3H0N4F0B6J1D6H5D0H4X3T9F6E7,[2122782] 國會議員手當등에관한規則 전부개정규칙안(국회운영위원장)입법예고중
http://likms.assembly.go.kr/bill/billDetail.do?billId=PRC_R2E0O0B7K0L3X1H0F5B1X2K1N2A2V0,[2101374] 대한민국 정부와 노르웨이왕국 정부 간의 사회보장에 관한 협정 비준동의안(정부)입법예고중
http://likms.assembly.go.kr/bill/billDetail.do?billId=PRC_R2G0N0V6V2I3X1Z4W3G6I0A1D1O8J4,[2100888] 일본의 하시마(군함도) 탄광 등 한국인의 본인 의사에 반한 강제노동 동원에 대한 UNESCO 세계유산위원회의 권고와 일본이 약속한 후속조치의 성실한 이행 촉구 결의안(전용기의원 등 103인)입법예고중
http://likms.assembly.go.kr/bill/billDetail.do?billId=PRC_R2K1P0Q2J1Q9L1I5Q4L5R5V1P3H8O0,[2108393] 응급의료에 관한 법률 일부개정법률안(대안)(보건복지위원장)입법예고중
http://likms.assembly.go.kr/bill/billDetail.do?billId=PRC_R2N1Z1P2N0D2N1B4W2K4D2H8I3Z9M4,[2113686] 2020회계연도 결산 관련 감사원에 대한 감사요구안(예산결산특별위원장)입법예고중
http://likms.assembly.go.kr/bill/billDetail.do?billId=PRC_R2P3T1S2B2F0M1E3S0S3Z4X9P2J8I5,[2126018] 아일랜드산 쇠고기 수입위생조건안 심의결과보고서 채택의 건(농림축산식품해양수산위원장)입법예고중
http://likms.assembly.go.kr/bill/billDetail.do?billId=PRC_R2T1D0E4E2Z7L0F9P2W5Z3E7G7M0Y6,[2111118] 국회사무처행정심판위원회규칙 일부개정규칙안(국회운영위원장)입법예고중
http://likms.assembly.go.kr/bill/billDetail.do?billId=PRC_R2S1C0Q3J0W4K0F9R1G8N5C4K0H0Y0,[2108505] 2021년도 근로복지진흥기금운용계획변경안(정부)입법예고중
http://likms.assembly.go.kr/bill/billDetail.do?billId=PRC_R2S1L0U3S0E4M0Q9W1M7M3F8O6L3M1,[2108502] 2021년도 농지관리기금운용계획변경안(정부)입법예고중
http://likms.assembly.go.kr/bill/billDetail.do?billId=PRC_R2V0H1Z1S2W5A1V1A1X6L3G2F9L5W8,[2106065] 정신건강증진 및 정신질환자 복지서비스 지원에 관한 법률 일부개정법률안(대안)(보건복지위원장)입법예고중
http://likms.assembly.go.kr/bill/billDetail.do?billId=PRC_R2X0E0C6E0A4Q0C9Q5G1S0M0I4A3Z4,[2100149] 2020년도 응급의료기금운용계획변경안(정부)입법예고중
http://likms.assembly.go.kr/bill/billDetail.do?billId=PRC_R2W0P1E2A0Q7H2S1T0U5W0F4U3D6N0,[2106280] 고용보험법 일부개정법률안(대안)(환경노동위원장)입법예고중
http://likms.assembly.go.kr/bill/billDetail.do?billId=PRC_R2X2W0U5X1G3G0V9T5I3Q4P7K0F0U3,[2115581] 2022년도 관광진흥개발기금운용계획변경안(정부)입법예고중
http://likms.assembly.go.kr/bill/billDetail.do?billId=PRC_S2B0M0R7G1O4V1S0I1R7B3C6V3C5P4,[2101883] 단결권 및 단체교섭권 원칙의 적용에 관한 협약 비준동의안(정부)입법예고중
http://likms.assembly.go.kr/bill/billDetail.do?billId=PRC_S2B4F0A5U2N8Z1K7L4C9T1O6Z9A9K1,[2126703] 의사일정 변경동의의 건(박성준의원 등 155인)입법예고중
http://likms.assembly.go.kr/bill/billDetail.do?billId=PRC_S2B0A0B6W0W4N0N9Q0J7M2V5C8B5K5,[2100120] 2020년도 제3회 추가경정예산안(정부)입법예고중
http://likms.assembly.go.kr/bill/billDetail.do?billId=PRC_S2D2E0O5B2S7A1T7O4Y9L1C6Z1H4S2,[2115783] 2021회계연도 한국방송공사 결산 승인안 (방송통신위원회위원장)입법예고중
http://likms.assembly.go.kr/bill/billDetail.do?billId=PRC_S2E0Q0S7S1F4K1H0X1P7P1M0U2Z7W0,[2101882] 결사의 자유 및 단결권 보호에 관한 협약 비준동의안(정부)입법예고중
http://likms.assembly.go.kr/bill/billDetail.do?billId=PRC_S2I1K0U7S0A2T0Q9C5F0J3B5O3Q8Q9,[2111290] 2021년도 영화발전기금운용계획변경안(정부)입법예고중
http://likms.assembly.go.kr/bill/billDetail.do?billId=PRC_S2L2I0H5H2R7E1L7B4P8B1Z6L1L6K0,[2115782] 2021회계연도 한국교육방송공사 결산 승인안 (방송통신위원회위원장)입법예고중
http://likms.assembly.go.kr/bill/billDetail.do?billId=PRC_S2O0C1C0N2I1A1L5R2F8J1O4R9K7W6,[2104589] 국군부대의 「국제연합 레바논 평화유지군(UNIFIL)」 파견연장 동의안(정부)입법예고중
http://likms.assembly.go.kr/bill/billDetail.do?billId=PRC_S2M0U0Y7M0R3S1B0G5C4F2M7F3D7M8,[2101376] 대한민국 정부와 캄보디아왕국 정부 간의 형사 사법공조 조약 비준동의안(정부)입법예고중
http://likms.assembly.go.kr/bill/billDetail.do?billId=PRC_S2O3Z1S0E3J1F0G9R2U6Y4Y3N8B5F1,[2125217] 정치개혁 특별위원회 활동기간 연장의 건(의장)입법예고중
http://likms.assembly.go.kr/bill/billDetail.do?billId=PRC_S2O0Y0V6S0W4L0T9V4S8Q2T7R1O2R3,[2100142] 2020년도 전력산업기반기금운용계획변경안(정부)입법예고중
http://likms.assembly.go.kr/bill/billDetail.do?billId=PRC_S2T0I1R2H0U2F1Q2O1A8H3E4Y9V4B0,[2106085] 미국 신행정부 출범에 즈음한 한미동맹의 미래 발전을 위한 특별결의안(대안)(외교통일위원장)입법예고중
http://likms.assembly.go.kr/bill/billDetail.do?billId=PRC_S2Q2L1E1L0R4O0E9K1Y2U3B7X5X0Z7,[2118120] 북한 탄도미사일 도발 규탄 및 중단 촉구 결의안(국방위원장)입법예고중
http://likms.assembly.go.kr/bill/billDetail.do?billId=PRC_S2W2S0Y7V2G2S1S3D4M9R0U7E1E0H5,[2116617] 연금개혁 특별위원회 구성의 건(의장)입법예고중
http://likms.assembly.go.kr/bill/billDetail.do?billId=PRC_S2Q0X0V6U0L4V0E9F4G5T0K2A4U6Q2,[2100133] 2020년도 문화예술진흥기금운용계획변경안(정부)입법예고중
http://likms.assembly.go.kr/bill/billDetail.do?billId=PRC_S2U2S0Y5S1N3M0H9R4F9R4I4V9P3W2,[2115574] 2022년도 복권기금운용계획변경안(정부)입법예고중
http://likms.assembly.go.kr/bill/billDetail.do?billId=PRC_S2Y3X0W1T2B7I1G3F3O6L5J2G4F2E8,[2119672] 일본 정부의 사도 광산 세계유산 등재 재신청 철회 및 일본 근대산업시설 유네스코 권고 이행 촉구 결의안(안민석의원 등 24인)입법예고중
http://likms.assembly.go.kr/bill/billDetail.do?billId=PRC_S2Y1Q0N9V0Q3A1J1N0O1G0H1S3B3K3,[2112422] 2022년도에 발행하는 한국장학재단채권에 대한 국가보증동의안(정부)입법예고중
http://likms.assembly.go.kr/bill/billDetail.do?billId=PRC_T2H0T1N1B1K1G1I2X4Q1X4L5Q7G8P7,[2105317] 2019회계연도 결산 관련 감사원에 대한 감사요구안(예산결산특별위원장)입법예고중
http://likms.assembly.go.kr/bill/billDetail.do?billId=PRC_T2G1E1S2E0P1O2E1B3D3E0T6D7M7K7,[2113796] 국회에서의중계방송등에관한규칙 일부개정규칙안(국회운영위원장)입법예고중
http://likms.assembly.go.kr/bill/billDetail.do?billId=PRC_T2B3P0I6J3E0W1G5I1I2D3E7N8X8A9,[2123013] 의사일정 변경동의의 건(송기헌의원 등 167인)입법예고중
http://likms.assembly.go.kr/bill/billDetail.do?billId=PRC_T2J1I0D9B0L3D1W1R0F2A2E3E4T1I9,[2112423] 2022년도에 발행하는 위기극복과고용을위한기간산업안정기금채권에 대한 국가보증동의안(정부)입법예고중
http://likms.assembly.go.kr/bill/billDetail.do?billId=PRC_T2R4D0L5X2E8X1N7Q4D8K3V1A2S6R2,[2126702] 의사일정 변경동의의 건(박성준의원 등 155인)입법예고중
http://likms.assembly.go.kr/bill/billDetail.do?billId=PRC_T2U3X0Q4P2G4L1K7P3H2F4A5F3W7Y4,[2123477] 주민조례발안에 관한 법률 일부개정법률안(대안)(행정안전위원장)입법예고중
http://likms.assembly.go.kr/bill/billDetail.do?billId=PRC_T2R0D0V6Q0A4U0A9R5P3K2P1P7K7B1,[2100155] 2020년도 주택도시기금운용계획변경안(정부)입법예고중
http://likms.assembly.go.kr/bill/billDetail.do?billId=PRC_T2R3R0Q8O1P8W1X7W5W3U3V5U3B7C9,[2124010] 급경사지 재해예방에 관한 법률 일부개정법률안(박성민의원 등 15인)입법예고중
http://likms.assembly.go.kr/bill/billDetail.do?billId=PRC_T2W1E0I4W2D8K1Y0P0O5I2G4R6G5B9,[2109763] 대한민국 정부와 아시아산림협력기구 간의 본부협정 비준동의안(정부)입법예고중
http://likms.assembly.go.kr/bill/billDetail.do?billId=PRC_T2X2S1A2H0W8F1Y2D4G1I0G2R5I0O1,[2118808] 기후위기 특별위원회 구성의 건(의장)입법예고중
http://likms.assembly.go.kr/bill/billDetail.do?billId=PRC_U2H3N0C1X1Y7P2G2I4H9T2G3X1M4K7,[2119529] 용산 이태원 참사 진상규명과 재발방지를 위한 국정조사 결과보고서 채택의 건(용산 이태원 참사 진상규명과 재발방지를 위한 국정조사특별위원장)입법예고중
http://likms.assembly.go.kr/bill/billDetail.do?billId=PRC_U2K4F0P5T2I8D1B3S5Y0R0X9V1Z9I0,[2126691] 의사일정 변경동의의 건(박성준의원 등 155인)입법예고중
http://likms.assembly.go.kr/bill/billDetail.do?billId=PRC_U2J1N0Z2W1R8D2K0D5Y5K2R7P3Q9U0,[2108389] 의료기기법 일부개정법률안(대안)(보건복지위원장)입법예고중
http://likms.assembly.go.kr/bill/billDetail.do?billId=PRC_U2O3I1X0L1A3U1C0L0Y9P2Z4H6C8B6,[2125100] 국군부대의 「국제연합 레바논 평화유지군(UNIFIL)」 파견연장 동의안(정부)입법예고중
http://likms.assembly.go.kr/bill/billDetail.do?billId=PRC_U2P0J0C9Q1X1E0J8S5O9Q3S0J8N2K7,[2103748] 2020년도 제4회 추가경정예산안(정부)입법예고중
http://likms.assembly.go.kr/bill/billDetail.do?billId=PRC_U2P3P1D2R0R8X1F1A1F3N3R9P5O6G6,[2125870] 이스라엘-하마스 무력충돌 관련 민간인 보호와 사태의 평화적 해결 촉구 결의안(대안)(외교통일위원장)입법예고중
http://likms.assembly.go.kr/bill/billDetail.do?billId=PRC_U2P4U0T5I2C8Z1U3G5X2D1X7S5D1E4,[2126694] 의사일정 변경동의의 건(박성준의원 등 155인)입법예고중
http://likms.assembly.go.kr/bill/billDetail.do?billId=PRC_U2Q1S0E2T0N2I1S3N4Z9V2M7M5W1W9,[2107857] 윤리특별위원회 운영 등에 관한 규칙 일부개정규칙안(김성원의원 등 12인)입법예고중
http://likms.assembly.go.kr/bill/billDetail.do?billId=PRC_U2S1W0G7J0K2R0G9O5J0O5R8Z8D5J4,[2111291] 2021년도 고용보험기금운용계획변경안(정부)입법예고중
http://likms.assembly.go.kr/bill/billDetail.do?billId=PRC_U2S3J0A1W0Q5E1Z8Z1I2F4C8O0P9T5,[2119350] 용산 이태원 참사 진상규명과 재발방지를 위한 국정조사특별위원회 활동기간 연장의 건(용산 이태원 참사 진상규명과 재발방지를 위한 국정조사특별위원장)입법예고중
http://likms.assembly.go.kr/bill/billDetail.do?billId=PRC_U2T2C0E9M2O9P1R8W1Q3D4D9H3S8U6,[2117639] 국군부대의 「국제연합 남수단 임무단(UNMISS)」 파견연장 동의안(정부)입법예고중
http://likms.assembly.go.kr/bill/billDetail.do?billId=PRC_U2Y4W0M5M2E8I1X3D4H7C1K8W1V8I1,[2126689] 의사일정 변경동의의 건(박성준의원 등 155인)입법예고중
http://likms.assembly.go.kr/bill/billDetail.do?billId=PRC_U2T3T0B7B1A9Y1Z1X4Y5G0E6F3D9E7,[2123596] 대덕특구 조성 50주년 기념 연구개발특구 지원 촉구 결의안(조승래의원 등 51인)입법예고중
http://likms.assembly.go.kr/bill/billDetail.do?billId=PRC_U2Y0W0L6T0A4S0R9Z5Q1G4F7B1L7R8,[2100151] 2020년도 고용보험기금운용계획변경안(정부)입법예고중
http://likms.assembly.go.kr/bill/billDetail.do?billId=PRC_V2C1S0G2F1L8F1A4O3E9L0J1N7W4C7,[2108342] 교원의 지위 향상 및 교육활동 보호를 위한 특별법 일부개정법률안(대안)(교육위원장)입법예고중
http://likms.assembly.go.kr/bill/billDetail.do?billId=PRC_V2B1V0O3N0D4J0V9E1O5K4Z5H7O6B5,[2108499] 2021년도 정보통신진흥기금운용계획변경안(정부)입법예고중
http://likms.assembly.go.kr/bill/billDetail.do?billId=PRC_V2F2S0P5B1K3O0Z9J5G7M4G7Y2G5H2,[2115586] 2022년도 수산발전기금운용계획변경안(정부)입법예고중
http://likms.assembly.go.kr/bill/billDetail.do?billId=PRC_V2H3E1T2Z2W0Y1N3C0K4K2H1H6K4H2,[2126019] 프랑스산 쇠고기 수입위생조건안 심의결과보고서 채택의 건(농림축산식품해양수산위원장)입법예고중
http://likms.assembly.go.kr/bill/billDetail.do?billId=PRC_V2G1X0E7A0W2D0K9Y5F0Z0H4M5W3Z9,[2111289] 2021년도 관광진흥개발기금운용계획변경안(정부)입법예고중
http://likms.assembly.go.kr/bill/billDetail.do?billId=PRC_V2K0A1O2Q0V8N2M3D0C3P4H4A9H4U0,[2106284] 근로기준법 일부개정법률안(대안)(환경노동위원장)입법예고중
http://likms.assembly.go.kr/bill/billDetail.do?billId=PRC_V2L2Y0I9C0J2G1J4B4Y7W4V9W6F0Z8,[2117217] 2023년도에 발행하는 위기극복과고용을위한기간산업안정기금채권에 대한 국가보증동의안(정부)입법예고중
http://likms.assembly.go.kr/bill/billDetail.do?billId=PRC_V2S2T0E8L2Y4R1N3I3A9T4Y6L2R7R8,[2117053] 고위공직자범죄수사처와 다른 형사사법기관들의 형사사법정보시스템 간 연계 추진실태에 대한 감사요구안(법제사법위원장)입법예고중
http://likms.assembly.go.kr/bill/billDetail.do?billId=PRC_V2T1X1S2K3W1Q0C9M2W1N1N9Z7Y0X2,[2114226] 언론ㆍ미디어 제도개선 특별위원회 활동기간 연장의 건(의장)입법예고중
http://likms.assembly.go.kr/bill/billDetail.do?billId=PRC_W2E0Q0O9N2C1G1F8S3A2G4P9U0M8K6,[2104133] 기후위기 비상 대응 촉구 결의안(대안)(환경노동위원장)입법예고중
http://likms.assembly.go.kr/bill/billDetail.do?billId=PRC_V2V0Y0T6A0J4N0S9D4J6P4Z7P9C4K3,[2100138] 2020년도 자유무역협정이행지원기금운용계획변경안(정부)입법예고중
http://likms.assembly.go.kr/bill/billDetail.do?billId=PRC_V2Z0H0D9H0E1G1K1U2W2G1B2S8E6I2,[2103379] 윤리특별위원회 구성의 건(의장)입법예고중
http://likms.assembly.go.kr/bill/billDetail.do?billId=PRC_W2F3F1D1E2C8B1B8J3K0I3J5H9H1G3,[2125646] 한ㆍ영 수교 140주년 기념 양국 관계 지속적 발전을 위한 특별 결의안(태영호의원 등 10인)입법예고중
http://likms.assembly.go.kr/bill/billDetail.do?billId=PRC_W2J2L0Z9P2O9A1F0B5P3F3S3D7Z6B9,[2117608] 의사일정 변경동의의 건(박홍근의원 등 169인)입법예고중
http://likms.assembly.go.kr/bill/billDetail.do?billId=PRC_W2R0C0H9Q0L3Z1Z0M0K4H3B9Y5M5O0,[2103478] 2021년도에 발행하는 한국장학재단채권에 대한 국가보증동의안(정부)입법예고중
http://likms.assembly.go.kr/bill/billDetail.do?billId=PRC_W2L1L0S7P0I2D0I9Z5U2K3E8L1B2U8,[2111294] 2021년도 주택도시기금운용계획변경안(정부)입법예고중
http://likms.assembly.go.kr/bill/billDetail.do?billId=PRC_W2I0F0P6X0H4L0B9E5G2Q5Q7B6Q5H9,[2100154] 2020년도 근로복지진흥기금운용계획변경안(정부)입법예고중
http://likms.assembly.go.kr/bill/billDetail.do?billId=PRC_W2R0Z0N9P0J3F1P0G0H4M1Q0R3O6W7,[2103477] 2021년도에 발행하는 예금보험기금채권상환기금채권에 대한 국가보증동의안(정부)입법예고중
http://likms.assembly.go.kr/bill/billDetail.do?billId=PRC_W2L3R0M5C3W1S1Y3H1W8G3X6M1L9A4,[2122386] 2022회계연도 결산(정부)입법예고중
http://likms.assembly.go.kr/bill/billDetail.do?billId=PRC_W2R3V1N1D1Z6I1U8J2Q6N1X0W2C3A3,[2125508] 인구위기 특별위원회 활동기간 연장의 건(국회운영위원장)입법예고중
http://likms.assembly.go.kr/bill/billDetail.do?billId=PRC_W2S1X1N2U2N8N1L1R2A3I2M9Y8T6D8,[2114122] 대한민국과 파키스탄이슬람공화국 간의 수형자 이송에 관한 협정 비준동의안(정부)입법예고중
http://likms.assembly.go.kr/bill/billDetail.do?billId=PRC_W2T3V1U1P1G6B1W8U2D6S5L6Z6J4W6,[2125510] 첨단전략산업 특별위원회 활동기간 연장의 건(국회운영위원장)입법예고중
http://likms.assembly.go.kr/bill/billDetail.do?billId=PRC_W2U3Z0U4A0Q3Y1R8L3Y6T4Z0B8L7W5,[2122783] 국회청원심사규칙 일부개정규칙안(국회운영위원장)입법예고중
http://likms.assembly.go.kr/bill/billDetail.do?billId=PRC_W2W0N0S6A0H4U0G9U5V1F2C1C4O1C2,[2100150] 2020년도 국민연금기금운용계획변경안(정부)입법예고중
http://likms.assembly.go.kr/bill/billDetail.do?billId=PRC_X2H1L0L6O2I9D1C3R4B1L2Y0K3J5U4,[2111183] 윤리특별위원회 활동기간 연장의 건(의장)입법예고중
http://likms.assembly.go.kr/bill/billDetail.do?billId=PRC_X2G2N0A9L2Q9N1H8D0P0U0D0Z4B5H0,[2117637] 국군부대의 「국제연합 레바논 평화유지군(UNIFIL)」 파견연장 동의안(정부)입법예고중
http://likms.assembly.go.kr/bill/billDetail.do?billId=PRC_X2G2K0N5H1M3H0D9U5O7R2E1T1Y3Y2,[2115585] 2022년도 농산물가격안정기금운용계획변경안(정부)입법예고중
http://likms.assembly.go.kr/bill/billDetail.do?billId=PRC_X2I0P1J0J1O2W1P4O5A2T2Z5K3H6J6,[2104481] 국군부대의 소말리아 아덴만 해역 파견연장 동의안(정부)입법예고중
http://likms.assembly.go.kr/bill/billDetail.do?billId=PRC_X2M1F0S3B0R4R0R9J1M6P2N8J2C9L2,[2108500] 2021년도 방송통신발전기금운용계획변경안(정부)입법예고중
http://likms.assembly.go.kr/bill/billDetail.do?billId=PRC_X2M4M0O5Z2R8X1B3A4X9L2H4L2B2L7,[2126690] 의사일정 변경동의의 건(박성준의원 등 155인)입법예고중
http://likms.assembly.go.kr/bill/billDetail.do?billId=PRC_X2O1L0R2G1F8K1K7D3C8H0O6H1A9W4,[2108344] 고등교육법 일부개정법률안(대안)(교육위원장)입법예고중
http://likms.assembly.go.kr/bill/billDetail.do?billId=PRC_X2Q1S0U3G0R4P0N9K1T8Y0I4V9X4X0,[2108503] 2021년도 소상공인시장진흥기금운용계획변경안(정부)입법예고중
http://likms.assembly.go.kr/bill/billDetail.do?billId=PRC_X2R0W0F9L0C3Z1D3T1O8W4N8B6I1W3,[2103492] 2021년도 무역보험계약 체결 한도에 대한 동의안(정부)입법예고중
http://likms.assembly.go.kr/bill/billDetail.do?billId=PRC_X2S0E0Z6T0Z4D0M9S4H3T0Y9U2L4R2,[2100129] 2020년도 방송통신발전기금운용계획변경안(정부)입법예고중
http://likms.assembly.go.kr/bill/billDetail.do?billId=PRC_X2S1P0R2Z2D3L1C9H5D9L1F1T3N0E3,[2108890] 대기관리권역의 대기환경개선에 관한 특별법 일부개정법률안(대안)(환경노동위원장)입법예고중
http://likms.assembly.go.kr/bill/billDetail.do?billId=PRC_Y2A3Q0D2Z0I8D1A3E3A9V5J2X8V8I8,[2119899] 의사일정 변경동의의 건(진성준의원 등 169인)입법예고중
http://likms.assembly.go.kr/bill/billDetail.do?billId=PRC_X2S0S0T9D0B3V0Y9W1Q8O1K3Q3A1E3,[2103475] 2021년도 임대형 민자사업(BTL) 한도액안(정부)입법예고중
http://likms.assembly.go.kr/bill/billDetail.do?billId=PRC_Y2C2B0F5F0L4E1Y5A0V5O1F8J7D2O4,[2115491] 오존층 파괴물질에 관한 몬트리올 의정서 개정 비준동의안(정부)입법예고중
http://likms.assembly.go.kr/bill/billDetail.do?billId=PRC_Y2J3G1K1O3K0F0C9N3J8A2U4R1L8T6,[2125661] 중국의 북한이탈주민 강제북송 중단 촉구 결의안(대안)(외교통일위원장)입법예고중
http://likms.assembly.go.kr/bill/billDetail.do?billId=PRC_Y2L1R0N3D0U4E0C9E1U4J2L2R3E3I5,[2108497] 2021년도 제1회 추가경정예산안(정부)입법예고중
http://likms.assembly.go.kr/bill/billDetail.do?billId=PRC_Y2N3I0O4L2J7K1E3V1W2C3W2L2Z9K7,[2121685] 정치개혁 특별위원회 활동기간 연장의 건(의장)입법예고중
http://likms.assembly.go.kr/bill/billDetail.do?billId=PRC_Y2R2E0Y9C0O2E1Z4P4N6W1A8U1X7N4,[2117216] 2023년도에 발행하는 한국장학재단채권에 대한 국가보증동의안(정부)입법예고중
http://likms.assembly.go.kr/bill/billDetail.do?billId=PRC_Y2T0Z0B9Q1A1P0D9A0E8V4T7G0J2Y8,[2103750] 2020년도 공공자금관리기금운용계획변경안(정부)입법예고중
http://likms.assembly.go.kr/bill/billDetail.do?billId=PRC_Y2U2B0A5J1O3Z0K9B5B0I5Q1X5I3O9,[2115576] 2022년도 대외경제협력기금운용계획변경안(정부)입법예고중
http://likms.assembly.go.kr/bill/billDetail.do?billId=PRC_Y2W3W0V5V1U8U1C6A0B9A5A5Y7Z7V8,[2122636] ‘제천 스포츠센터 화재’ 피해자 보상을 위한 결의안(권은희의원 등 10인)입법예고중
http://likms.assembly.go.kr/bill/billDetail.do?billId=PRC_Y2X0P0O6P0W4L0I9B5M3P4S8N9G7O2,[2100156] 2020년도 청소년육성기금운용계획변경안(정부)입법예고중
http://likms.assembly.go.kr/bill/billDetail.do?billId=PRC_Z2B3Z1M1L0R8V1B0C3W6K2N7L9X0X1,[2125303] 2023년도 문화체육관광위원회 국정감사 결과에 따른 감사원에 대한 감사요구안(문화체육관광위원장)입법예고중
http://likms.assembly.go.kr/bill/billDetail.do?billId=PRC_Z2G0G1Q2K0X9K0M0N4L9E3L9W8D0P0,[2106288] 노동조합 및 노동관계조정법 일부개정법률안(대안)(환경노동위원장)입법예고중
http://likms.assembly.go.kr/bill/billDetail.do?billId=PRC_Z2C0C1T0E1L2C1E4N5K2B4I7T4F6G4,[2104482] 국군부대의 아랍에미리트(UAE)군 교육훈련 지원 등에 관한 파견연장 동의안(정부)입법예고중
http://likms.assembly.go.kr/bill/billDetail.do?billId=PRC_Z2J2D0L5S0L4R1H5H0T8P5G1L5Q3P0,[2115492] 대한민국 정부와 터키공화국 정부 간의 소득에 대한 조세의 이중과세 제거와 탈세 및 조세회피 방지를 위한 협약 비준동의안(정부)입법예고중
http://likms.assembly.go.kr/bill/billDetail.do?billId=PRC_Z2H2B0F5J1D3H0Z9R5A2H3M1P1M0I1,[2115579] 2022년도 방송통신발전기금운용계획변경안(정부)입법예고중
http://likms.assembly.go.kr/bill/billDetail.do?billId=PRC_Z2J2G1I2G0Z5I0V9T5V1P3A1N2A4J2,[2120062] 공공외교법 일부개정법률안(대안)(외교통일위원장)입법예고중
http://likms.assembly.go.kr/bill/billDetail.do?billId=PRC_Z2K2U1Q2X1D1F0J8N5J2H1T3H9K6Q6,[2118866] 공휴일 본회의 개의에 관한 건(의장)입법예고중
http://likms.assembly.go.kr/bill/billDetail.do?billId=PRC_Z2M1H0N6U3T0U1S4Z1E4L1G3P8L2E9,[2111221] 도쿄올림픽조직위원회의 일본 영토지도 내 독도 표기 규탄 결의안(대안)(문화체육관광위원장)입법예고중
http://likms.assembly.go.kr/bill/billDetail.do?billId=PRC_Z2N1S0I3U0Y4B0Q9A1Q7U1P1Q4L0A5,[2108501] 2021년도 국민체육진흥기금운용계획변경안(정부)입법예고중
http://likms.assembly.go.kr/bill/billDetail.do?billId=PRC_Z2V1T1U2K2U8M1L1M0Y7T0J7O9P1L5,[2114119] 장애인의 권리에 관한 협약 선택의정서 가입동의안(정부)입법예고중
http://likms.assembly.go.kr/bill/billDetail.do?billId=PRC_Z2W0U0X9M1R1G0K9I1T1V1P5L9W5N4,[2103753] 2020년도 소상공인시장진흥기금운용계획변경안(정부)입법예고중
http://likms.assembly.go.kr/bill/billDetail.do?billId=PRC_Z2T0W0U6W0Z4E0F9J4E9Q1Y5W4Z1G7,[2100144] 2020년도 방사성폐기물관리기금운용계획변경안(정부)입법예고중
http://likms.assembly.go.kr/bill/billDetail.do?billId=PRC_Z2W2H0V9I2G9H1F8N2H1H3J7D3A1Y3,[2117641] 국군부대의 아랍에미리트(UAE)군 교육훈련 지원 등에 관한 파견연장 동의안(정부)입법예고중
