파일명,의안번호,제안이유,주요내용or주 문
0055E946-A4BE-F114-4002-041B774669FF.pdf,7403,"1. 대통령 관저 공사업체 선정 과정의 투명성에 관한 감사 대통령 관저 공사를 맡은 '21그램' 등의 선정 과정에 대한 의혹이 제기되고 있음. 특히 해당 업체가 김건희 여사가 운영했던 코바나컨텐츠의 전시 후원사였다는 점에서 특혜 의혹이 불거지고 있음. 관련 업체가 관저공사를 맡게 된 구체적 경위․업체 선정 과정에서 김건희 여사와의 연관성 여부․업체 선정 과정에서 경쟁입찰 여부 및 타 업체와의 비교평가 과정․업체 선정에 관여한 관계자들의 역할과 책임 등에 관한 감사가 필요함. 2. 대통령 관저 공사예산 편성 및 집행의 적정성에 대한 감사 대통령 관저 공사 예산이 대폭 증액되는 등, 예산편성 및 집행과정 전반이 불투명하다는 지적이 있음. 공사 과정에서 특정 건설사(현대건설)로부터 계약이 불분명한 공사를 진행하였다는 의혹이 있고, 이는 경우에 따라서는 뇌물로 볼 여지도 있음. 또한, 방탄창호 시공 등과 관련 경호처가 원가 부풀리기 및 허위 견적서 작성을 통한 부당이득을 편취한 사실이 확인되었으므로, 이에 대한 추가적인 조사가 필요하다는 지적이 있음. 예산증액 및 집행 과정의 타당성과 절차의 적법성을 검토하기 위해, 예산 증액의 구체적인 사유와 근거․예산 증액 결정 과정의 적법성 및 타당성․증액된 예산의 세부 사용 내역․예산 증액과 집행 관련 결재 및 승인 절차의 적절성에 대한 감사가 필요함. 3. 대통령실의 공사 감독 책임 소재에 대한 감사 대통령 관저 공사 과정에서 무자격 업체의 참여, 불법 하도급 등 여러 문제점이 드러났음에도 제대로 된 감독이 이루어지지 않았다는 지적이 있음. 특히 실시설계, 과업지시 등 기본적인 설계 서류 없이 공사가 진행되어, 업체별 과업 범위가 명확하지 않고 공사 수행과 감리 감독, 향후 책임소재까지 불분명해지는 결과를 낳음. 따라서, 공사 감독 체계의 구조와 운영 실태․감독 책임자의 지정 및 역할 수행 여부․공사 과정에서 발견된 문제점에 대한 대응 조치 여부 등에 대한 감사가 필요함. 4. 대통령 관저 불법 신축 및 증축 의혹에 대한 감사 대통령 관저 내 70㎡ 규모의 건물이 신축되었으나, 미등기 상태로, 공사비 출처조차 확인되지 않고 있음. 아울러, 감사원이 발표한 대통령 관저이전 공사 감사 결과에 해당 내용이 포함되지 않는 등, 감사가 미흡했던 사실이 밝혀짐. 따라서, 신축공사 과정 전반에 대한 감사 필요성이 제기되고 있음. 또한, 대통령 관저 내 드레스룸, 사우나 등에 대한 불법 증축 의혹에 대해 사실 여부를 확인하고, 관련 인허가 준수 여부를 점검할 필요가 있음. 구체적으로, 증축된 시설의 구체적인 내역과 용도․증축 과정에서의 관련 법규 및 인허가 절차 준수 여부․증축 결정 과정과 관련 책임자의 역할 등에 대한 감사가 필요함. 5. 대통령 관저 공사 수의계약의 적절성에 대한 감사 대통령 관저가 보안시설이라는 이유로 수의계약이 이루어졌으나, 그 필요성과 적절성에 대한 의문이 제기되고 있음. 따라서, 수의계약 결정 과정의 적법성․보안시설로 인한 수의계약의 필요성에 대한 객관적 근거․수의계약 체결 시 관련 법규 준수 여부․유사 사례와의 비교를 통한 수의계약의 타당성 검토․대통령실의 공사 감독 책임에 관한 감사가 필요함. 6. 대통령 관저 내 정자 시공업체의 정부 계약 254억 수주에 대한 감사 광주 비엔날레에 출품돼 김건희 여사가 극찬했던 정자가 대통령 관저에 이전, 설치됐으나 대통령실은 해당 정자의 구입비용과 시공 관련 계약서류 제출을 거부함. 한편, 해당 정자의 시공업체인 원탑종합건설(원탑)은 정자 시공 후 254억원 규모의 법무부 발주 공사를 수주함. 해당 계약의 설계를 코바나콘텐츠 후원사인 ‘희림’이 맡아, 사실상 김건희 여사와의 관련성이 의심되는 바, 법무부 공사 입찰의 전 과정과 정자 구입 과정 및 비용처리 등에 대한 감사가 필요함.",「국회법」 제127조의2에 따라 감사원에 대하여 다음 사항에 대한 감사를 요구한다. 1. 대통령 관저 공사업체 선정 과정의 투명성에 관한 감사 2. 대통령 관저 공사예산 편성 및 집행의 적정성에 대한 감사 3. 대통령실의 공사 감독 책임 소재에 관한 감사 4. 대통령 관저 불법 신축 및 증축 의혹에 대한 감사 5. 대통령 관저 공사 수의계약의 적절성에 대한 감사 6. 대통령 관저 내 정자 시공업체의 정부 계약 254억 수주에 대한 감사
0191FA13-DB6E-E807-5773-CC1D44068B41.pdf,2200467,"일본 정부는 2022년 2월 일제 강점기 당시 한국인 강제 노역 피해 현장인 니가타현 사도시의 ‘사도시마노킨잔’(佐渡島の金山, 일명 사도 광산)의 유네스코 세계유산 등재를 추진하였으나, 유네스코는 추천서 서류 미비 등을 이유로 심사를 보류한 바 있음. 이에 일본 정부는 2023년 1월 19일 사도 광산의 세계유산 등재를 재추진하려고 신청서를 유네스코에 제출하였음. 앞서 2015년 유네스코 세계유산위원회는 수많은 한국인들을 강제 노역에 동원했던 하시마(군함도) 탄광 등 일본 근대산업시설 23곳의 세계유산 등재를 결정하면서 23개 각 시설의 전체 역사를 이해할 수 있는 해석 전략을 준비하도록 권고하였음. 이에 일본 대표는 세계유산위원회의 권고를 충실히 반영하고 1940년대 수많은 한국인과 여타 국민들이 자신들의 의사에 반하여 강제 동원되어 가혹한 조건하에서 강제로 노역한 사실을 설명하고 인포메이션 센터를 설치하는 등 희생자를 기리는 조치를 취할 것임을 발표하였음. 우리 정부도 일본 정부가 공언한 후속조치가 충실하게 이행되도록 필요한 노력을 기울여 나가겠다고 발표함. 하지만 2017년 일본 정부가 제출한 이행경과보고서에는 2015년 등재 당시 세계유산위원회의 권고와 약속한 후속조치 등의 내용이 빠졌으며, 오히려 2020년 도쿄 소재 일본 산업유산정보센터 전시물에서 한국인 강제 노역과 인권침해 사실을 부정하는 증언과 자료들을 전시하였음. 반면 독일 정부는 2001년 세계유산으로 등재된 독일 에센의 촐페어라인 탄광 산업단지에 세계대전 중 강제 노역 사실을 인정하고 정부 차원의 추모시설까지 건립했음. 이에 2021년 유네스코 세계유산위원회는 일본 근대산업시설 세계유산 등재 후속조치 불이행에 대해 강한 유감을 표명하고, 충실한 이행을 촉구하는 결정문을 채택하였음. 그럼에도 2022년 일본 정부는 2015년 등재 당시 세계유산위원회의 권고와 약속한 후속조치조차 이행하지 않은 채 한국인 강제 노역의 또 다른 피해 현장인 사도 광산의 세계유산 등재를 추진했음. 서류 미비 등의 이유로 무산되자 2023년 1월에 재신청하였음. 일본의 근대화에 기여한 근대산업시설은 전쟁 시기 한국인을 비롯한 식민지 국가의 국민들을 강제 징용하고 가혹한 탄압이 있었던 식민지배와 전쟁의 산물이기 때문에 진정한 반성과 사과 없이는 세계유산으로 미화될 수 없음. 사도 광산도 전쟁물자 확보시설로 한국인 1,000여 명을 강제 노역에 동원한 곳임. 이는 인류의 보편적 가치를 세계유산으로 보존하려는 유네스코 세계유산협약 취지에 전혀 부합하지 않을뿐더러 미래지향적 한·일 관계에도 전혀 도움이 되지 않음. 이에 대한민국 국회는 일본 정부에 과거 침략 전쟁에 대한 반성과 책임을 다할 것을 요구하며 사도 광산 유네스코 등재 재신청에 대한 심각한 유감 표명과 등재 신청을 철회할 것을 촉구하고자 함. 또한 2015년 일본 근대산업시설 세계유산 등재 당시 약속한 유네스코의 권고와 후속조치를 조속히 이행할 것을 강력히 촉구하고자 함. 아울러 우리 정부도 강력히 대응할 것을 요구하고 유네스코에도 국제사회의 우려와 입장을 전달하고자 결의안을 제안함.","대한민국 국회는 일제 강점기 피해자들의 고통을 치유하고 올바른 역사를 정립하는 것이야말로 동아시아의 평화와 미래지향적인 한·일 관계 구축의 초석임을 인식하고 있음. 그러나 최근 일본의 한 언론은 한국의 현 정부가 사도 광산의 유네스코 세계문화유산 등재와 관련해 우리 정부의 태도가 변했다고 주장하는 등 양국 국민에게 사실을 오도(誤導)하여 일본 정부의 입장을 정당화시키려 하고 있음. 일본 정부는 2022년 2월 1일 일본 니가타현 사도시의 ‘사도시마노킨잔’(佐渡島の金山, 일명 사도 광산)을 유네스코 세계유산으로 등재 신청하면서 일본의 세계유산적 가치가 있는 시기를 에도시대(1603~1868)로만 한정하여 에도시대 이후 발생된 강제징용 등의 역사는 포함시키지 않고 있음. 일본 정부는 니가타(新潟)노동기준국이 작성한 공문서에서 최소 1,140명의 한국인 강제노동을 확인했고, 우리 일제강제동원피해자지원재단이 2019년 발간한 자료에서도 전시 기간 중 최대 1,200여명의 조선인을 강제 동원한 사실이 기록되어 있는 사도 광산을 세계유산으로 등재 추진을 하고 있음. 2015년 7월 제39차 유네스코 세계유산위원회는 제2차 세계대전 중 한국인 수만 명이 강제노동에 동원되었던 하시마(군함도) 탄광, 미이케 탄광, 다카시마 탄광, 야하타 제철소, 미쓰비시 조선소 내 3개 시설 등 7개 시설을 포함한 일본 메이지 근대산업시설(Sites of Japan’s Meiji Industrial Revolution) 23개소의 세계유산 등재를 결정하면서 각 시설의 전체 역사를 이해(understanding of the full history of each site) 할 수 있는 해석전략(interpretive strategy)을 마련할 것을 권고하였음. 이에 따라 일본 대표는 동 권고를 성실히 이행하기 위해 1940년대 일부 시설에서 수많은 한국인 등이 본인 의사에 반해 동원되어 가혹한 조건하에서 강제 노역한 사실에 대해 이해할 수 있는 조치를 취하고, 인포메이션 센터 설치와 같은 희생자를 기리기 위한 적절한 조치를 해석 전략에 포함시키겠다고 발언하였고 이는 결정문의 일부로 포함되었음. 그러나 2017년 12월 일본은 2015년 등재 당시 일본 대표의 발언과는 달리 한국인 등의 본인 의사에 반한 가혹한 조건하에서의 강제노동 동원 사실과 희생자를 기리기 위한 조치 등이 빠진 이행경과보고서를 제출하였고, 제42차 유네스코 세계유산위원회는 결정문의 충실한 이행과 관련 당사국과의 지속적인 대화를 강력히 권고함. 하지만 2019년 12월 일본 정부는 다시금 2015년 등재 당시 일본이 약속한 후속조치 이행 내용을 제외한 채, 유네스코 세계유산위원회의 당사국과의 대화 권고를 국내 이해당사자로 제한적으로 해석하여 주요 당사국인 한국을 대화 상대에서 배제하는 이행경과보고서를 제출하였으며, 2020년 6월 15일 일본 정부가 일반에 공개한 도쿄 소재 일본 산업유산정보센터의 전시 내용에서도 2015년 7월 세계유산 등재 당시 유네스코 세계유산위원회의 권고와 일본이 약속한 후속조치와는 정반대로 한국인 강제노동과 민족차별을 부정하는 내용의 증언과 자료들만을 전시하는 등 전시 내용에 강제 노역 희생자를 기리기 위한 조치가 전혀 없었음. 이에 2021년 7월 제44차 세계유산위원회는 한국인과 연합군 포로 등에 대한 강제노동이 있었던 ‘일본 메이지 근대산업시설’ 관련 일본의 유네스코 위원회 결정 불이행에 대해 심각한 유감을 표하고 충실한 이행을 촉구하는 결정문을 채택하였음. 대한민국 국회는 이러한 일본 정부의 약속 불이행이 동아시아 평화와 미래지향적 한·일 관계 구축에 저해됨을 인지하고 일본 정부가 국제법을 존중하고 인류의 보편적 가치를 실현할 것을 촉구하며 다음과 같이 결의함. 1. 대한민국 국회는 일본 정부의 사도 광산 세계유산 등재 재신청에 대해 심각한 유감을 표명하고, 일본 정부의 과거사에 대한 진정한 반성과 책임 있는 자세를 요구한다. 2. 대한민국 국회는 우리 정부가 일본 정부로 하여금 ‘일본 메이지 근대산업시설’의 세계유산 등재 관련 유네스코 세계유산위원회의 결정과 스스로 약속한 후속조치를 성실히 이행하기 전까지 사도 광산의 세계유산 등재 추진 결정을 철회하도록 강력하게 요구할 것을 촉구한다. 3. 대한민국 국회는 일본 정부가 2015년 7월 ‘일본 메이지 근대산업시설’의 세계유산 등재 결정 당시 유네스코 세계유산위원회의 권고와 스스로 약속한 후속조치, 그리고 2021년 7월 유네스코 세계유산위원회의 결정에 따라 일본 산업유산정보센터의 전시 내용에 수많은 한국인과 다른 나라 사람들의 본인 의사에 반한 가혹한 조건하에서의 강제 노역 증언과 자료를 반영하고, 강제 노역 희생자를 기리는 조치를 취할 것을 촉구한다. 4. 대한민국 국회는, 2021년 7월 유네스코 세계유산위원회가 일본 정부에 대해 ‘일본 메이지 근대산업시설’의 세계유산 등재 후속조치 불이행에 대한 강한 유감 표명과 충실한 이행 촉구 결정문을 낸 것을 상기하며, 일본 정부가 지속적으로 유네스코의 세계유산 등재 후속조치에 대한 충실한 이행을 거부할 시 사도 광산 등재 거부에 대해 적극 검토해 줄 것을 유네스코에 요구한다."
04982078-6145-34CA-0509-B761EE93BEEE.pdf,,,"방송통신에 관한 융합활성화, 기반조성, 연구개발, 공정경쟁 및 이용환경 조성 등 방송통신의 진흥을 지원함으로써 국민생활의 질적 향상 및 국민경제의 발전에 기여  국가 성장전략에 기반한 방송통신인프라 및 전파·SW 핵심기술 개발과 5G 기반 융합서비스 등 미래 ICT 신산업 육성  통신재난 및 보이스피싱 등 전기통신 서비스를 악용한 피해 예방·관리체계 강화로 안전한 디지털 통신환경 조성  국내 방송ㆍOTT 콘텐츠 제작과 해외 진출 역량 강화 등 글로벌 판로 확대 지원으로 디지털 콘텐츠 경쟁력·다양성 확보"
0613B2DB-ED51-3E0E-EB73-05EC97FCF133.pdf,3229,"이 협정의 체결을 통하여 우리나라와 에콰도르공화국 간의 형사사법 공조를 위한 제도적 기반을 마련함으로써 형사사건의 수사, 기소 및 재판절차에서의 효율성과 신속성을 도모하고 양국 간 우호 협력 관계를 강화하려는 것임.","가. 양 당사국은 수사 또는 사법절차에 필요한 사람의 소재․신원 확인과 진술 취득, 서류 및 기록의 제공과 증거 수집, 수색 및 압수 요청의 이행, 범죄 수익의 처분 제한․몰수 등 형사사건에서 상호 공조를 제공함(안 제2조). 나. 요청당사국은 이 협정에 따라 취득한 정보 또는 증거를 피요청당사국의 허가 없이 공조 요청서에 기재된 것 이외의 목적으로 사용하거나 이관하지 않음(안 제3조). 다. 피요청당사국은 공조 요청이 정치적 범죄와 관련되거나, 공조 요청의 이행이 자국의 주권․안보․공공질서를 저해할 수 있는 경우 등에는 공조를 거절할 수 있음(안 제8조). 라. 이 협정은 관련 작위 또는 부작위가 이 협정의 발효 전에 발생했더라도, 이 협정의 발효 후에 제기되는 모든 공조 요청에 적용됨(안 제23조)."
07A397D2-4CBA-CF30-D752-2D717F973473.pdf,7578,"2024년 12월 29일 무안국제공항에서 발생한 제주항공 여객기 참사로 탑승객 181명 중 구조된 승무원 2명을 제외한 179명이 사망했다. 사고 이후 피해자와 가족들은 신체적·정신적 고통을 겪고 있다. 특히, 일부 인터넷과 SNS에서는 이들을 대상으로 한 악의적인 댓글과 허위 정보가 유포되어 2차 가해가 발생하고 있다. 이러한 2차 가해는 피해자와 가족들에게 심각한 정신적 고통을 유발하며, 사건의 공정한 해결과 사회적 치유를 방해하는 요소로 작용한다. 현재 경찰은 이러한 악성 게시물과 관련된 수사를 진행 중이며, 이러한 행위는 명예훼손 및 모욕죄로 처벌이 가능하다. 이에 대한민국 국회는 제주항공 여객기 참사 피해자와 그 가족에 대한 명예와 권익을 보호하고 이들에 대한 2차 가해를 방지하기 위해 정부의 실효성 있는 대책 마련과 엄중한 처분을 요구하고자 한다.","지난 2024년 12월 29일 무안국제공항에서 발생한 제주항공 여객기 사고는 많은 피해자와 그 가족들은 물론 전 국민에게 큰 상처와 고통을 남긴 참사이다. 사고 이후 피해자와 가족들은 심리적 충격과 더불어 신체적, 경제적, 사회적 어려움에 직면하고 있으며, 이들의 회복을 위해 사회적 연대와 지원이 필요하다. 하지만 일부 인터넷과 SNS에서는 피해자와 가족들을 향한 허위 사실 유포, 근거없는 비방과 악성 댓글 등 2차 가해 행위가 발생하고 있다. 이는 피해자들의 상처를 더욱 악화시키고 사회적 갈등을 조장하는 행위로, 이를 방지하기 위한 적극적이고 엄정한 대응이 필요하다. 이에 대한민국 국회는 피해자와 그 가족이 2차 가해로 인해 심각한 고통을 받고 있는 현실에 깊은 우려를 표하며, 다음과 같이 결의한다. 1. 대한민국 국회는 참사 피해자와 그 가족의 인권을 최우선으로 보호하고, 이들이 2차 가해로부터 보호받을 수 있도록 정부와 관계 기관의 강력한 대책 마련을 촉구한다. 2. 대한민국 국회는 사회적 비극을 악용하여 피해자와 그 가족에 대한 허위 사실 유포, 명예 훼손, 악의적 비난 등 모든 형태의 2차 가해 행위에 대해 강력히 경고하며, 정부와 사법기관이 관련 법률에 따라 엄중히 조치할 것을 요구한다."
0B07D90F-5F95-2DDA-8A38-A67101659197.pdf,7960,"「윤석열 정부의 비상계엄 선포를 통한 내란 혐의 진상규명 국정조사특별위원회」는 2024년 12월 31일부터 2025년 2월 13일까지 활동할 계획이었으나, 내란 중요임무에 종사했던 핵심 증인들이 다수 불출석하는 등 국정조사의 원활한 수행을 방해한 바, 이들에 대한 수사기관의 보고, 추가 조사 등을 통하여 보다 충실한 진실규명을 도모할 필요가 있으므로 동위원회의 활동기간을 2025년 2월 28일까지 15일간 연장하려는 것임.",2025년 2월 13일 종료되는 「윤석열 정부의 비상계엄 선포를 통한 내란 혐의 진상규명 국정조사특별위원회」의 활동기간을 2025년 2월 28일까지 15일간 연장한다.
0BE5273C-57C5-6D6A-85BC-FFD7EE7EA653.pdf,2209988,,"기금운용의 기본방향은 회계․기금의 여유자금을 통합관리하여 공공목적에 활용하고, 국민복지 향상과 주요산업의 지원에 필요한 자금의 융자 및 회수 등을 효율적으로 관리하는 것입니다. 2025년도 기금운용계획 변경 개요는 추가 국고채 발행 등을 통한 기금 수입 증가분을 활용하여 일반회계‧특별회계‧기금 예탁 등의 지출을 확대하는 것입니다."
0EE037FA-D344-1CA8-D2E2-61F6B310AEA7.pdf,8161,"대한민국 국회는 2024. 12. 3. 불법 비상계엄 등 내란행위에 대해 즉시 계엄해제를 의결한 뒤, 내란사태의 반복을 막고 헌정질서를 수호하기 위하여 2024. 12. 14. 대통령을 탄핵소추하였음. 한편 대한민국 국회는 위 불법 비상계엄 전 여‧야 합의로 결정한 헌법재판관 선출절차의 후속절차를 합의대로 진행하여, 2024. 12. 26. 국회 본회의를 통해 헌법재판소 재판관 마은혁, 정계선, 조한창에 대한 선출을 각각 마쳤음. 그럼에도 불구하고 최상목 대통령 권한대행 부총리는 2024. 12. 31. 자의적으로 헌법재판소 재판관 정계선, 조한창에 대해서만 선별 임명하고, 마은혁 재판관 임명을 보류함. 최상목 대통령 권한대행 부총리의 위와 같은 선별 임명과 특정 재판관 임명 보류행위는 삼권분립의 헌법정신을 위반하여 국회의 권능을 침탈한 위헌‧위법한 행위이자, 비상한 헌정위기 상황을 극복할 책임이 있는 대통령 권한대행으로서의 신분을 망각한 행위임. 이에 대한민국 국회는 권한쟁의심판을 청구하여 국회의 헌법재판소 재판관 마은혁 선출의 효력을 무력화하는 최상목 대통령 권한대행 부총리의 위법한 헌법재판소 재판관 임명 부작위의 취소와 조속한 임명을 구하는 권한쟁의심판을 청구하였음. 그럼에도 불구하고 정치권 일부와 정부 및 대통령실측에서 헌법재판소에 정당성 시비를 지속적으로 제기하며 여론을 통한 공격을 선동하고 있고, 특히 일부 책임 있는 인사들이 헌법재판소에서 재판관 마은혁 임명 결정이 내려지더라도 불복할 의사를 내비치는 등 헌법재판소 흔들기가 도를 넘고 있음. 이에 최상목 대통령 권한대행 부총리에게 다시 한번 헌법재판소 재판관 마은혁 임명을 촉구하는 한편 헌법재판소를 흔들고 있는 헌정질서 부정세력에게 엄중하게 경고하고자 제안함.","현재 대한민국은 윤석열 대통령의 위헌‧위법한 비상계엄으로 촉발된 헌정질서의 위기가 계속되고 있다. 현직 대통령이 친위군사쿠데타를 벌여 내란죄로 구속 기소된 것도 참담한데, 윤석열 대통령측은 이에 대한 일말의 반성도 없이 고위공직자범죄수사처, 경찰 및 검찰 등 수사기관의 정당한 법 집행에 저항하고, 탄핵소추에 이어 구속 기소된 이후에는 헌법재판소와 법원에 대한 공격도 서슴지 않으며, 옥중에서 내란 선동을 이어가고 있다. 국민의 대표로서 헌정질서를 수호하기 위하여 그 어느 때보다 기민하게 움직이며 헌정사상 처음으로 계엄해제를 의결하는 등 헌정질서 수호에 앞장선 국회는 헌법재판소의 조속한 정상화를 위해 계엄사태 전 여‧야 합의로 결정된 헌법재판관 선출절차를 마쳤으나, 최상목 대통령 권한대행 부총리가 자의적인 선별 임명을 진행함으로써, 헌법재판소는 여전히 8인 체제로 운영되고 있다. 대한민국 국회는 최상목 대통령 권한대행 부총리가 초래한 위헌적 인 헌법재판소 구성권 침탈상황에 맞서 헌정질서를 회복하고 헌법재판소를 온전하게 구성하고자 즉시 권한쟁의심판을 청구하였다. 마땅히 비상한 헌정위기를 초래한 책임 있는 인사들은 책임의 무게를 느끼고 자숙하며 헌정질서 회복을 위한 최후의 보루인 헌법재판소가 완전하게 구성될 수 있도록 협조해야 함에도 불구하고, 오히려 국회의 권한쟁의심판 청구를 통한 이러한 노력을 비난하며 흠집 내기에만 골몰하고 있다. 이러한 헌정 위기 상황에서 헌법재판소가 8인의 헌법재판관으로 구성되어 심판을 진행하는 것 자체가 또 다른 공격의 빌미가 되고, 헌법재판소의 결정을 폄훼하고 불복하려는 시도로 이어지는 현실을 끊어내기 위하여 국회의 비상한 결단이 요구되는 상황이다. 이에 국회는 헌정질서 수호의 최후의 보루라 할 수 있는 헌법재판소 구성의 완성과 헌법재판소를 비롯한 헌법기관을 대상으로 폭력을 선동하는 헌정 위기상태를 조속히 극복하기 위하여 다음과 같이 결의한다. 1. 대한민국 국회는 본회의 의결로써 선출한 헌법재판소 재판관 마은혁을 최상목 대통령 권한대행 부총리가 지체 없이 임명할 것을 촉구한다. 2. 대한민국 국회는 헌법재판소 재판관 마은혁 선출안 의결을 관철하기 위한 권한쟁의심판 청구(2025헌라1)를 지지하고, 국회의 청구와 소송행위가 유효‧적법한 행위임을 재차 확인하며, 헌정질서 최후의 보루인 헌법재판소에서 대통령 탄핵사건 등 중대한 헌법재판이 헌법이 정한 9인의 헌법재판관 모두가 참여한 상태로 이뤄질 수 있도록 헌법재판소 재판관 마은혁 임명부작위 권한쟁의심판사건에 대한 신속한 결정을 촉구한다. 3. 대한민국 국회는 정부와 대통령실 관계자 등이 헌법재판소의 재판관 마은혁 임명부작위에 관한 권한쟁의심판 인용 결정에 불복할 수 있다는 등의 행태를 보이는 것에 대해 심히 우려하며, 최상목 대통령 권한대행 부총리에게 결정 불복 등 명백한 헌법 위반행위를 할 경우 좌시하지 않을 것임을 경고한다. 4. 대한민국 국회는 그 어떤 세력에 의한 헌법재판소를 흔드는 망동에 대해 단호하게 필요한 모든 조치를 취할 것임을 결의한다."
19794364-9CE9-FB00-BE3D-0B84C3AD9F97.pdf,8898,"현재 인류는 ‘기후변화’를 넘어선 ‘기후위기’ 시대에 직면해 있음. 기후위기는 생존의 문제이자 미래의 문제이며, 기후위기에 대한 인식과 대응은 환경뿐만 아니라 국제정세, 경제문제에 대한 원활한 대응과 해결을 위해서도 시급한 과제임. 그러나 현재 정부 차원의 기후위기 대응 정책은 환경ㆍ경제ㆍ에너지 등 각 부문을 소관하는 정부 부처 단위로 편제되어 있고, 이에 따라 기후위기 대응 정책이 여러 상임위원회에 분산되어 있어 국회 차원에서 유기적이고 종합적인 제도설계ㆍ점검 및 대응이 어려운 측면이 있음. 이에 정부의 기후위기 관련 대책을 종합적으로 점검하고 필요한 제도의 개선과 관련 정책에 대한 지원방안을 강구하는 등 기후위기에 대한 대응방안을 효율적으로 논의하기 위하여 국회 내에 「기후위기 특별위원회」를 구성하려는 것임.","가. 온실가스 감축, 탄소중립 등 정부의 기후위기 관련 대책을 종합적으로 점검하고, 필요한 제도의 개선과 관련 정책에 대한 지원방안을 강구하는 등 기후위기 대응방안을 논의하기 위하여 「국회법」 제44조에 따라 「기후위기 특별위원회」(이하 “특별위원회”라 한다)를 구성한다. 나. 위원 수는 위원장을 포함하여 20인(더불어민주당 11인, 국민의힘 7인, 비교섭단체 2인)으로 한다. 다. 특별위원회는 「기후위기 대응을 위한 탄소중립ㆍ녹색성장 기본법」, 「온실가스 배출권의 할당 및 거래에 관한 법률」 관련 법률안을 심사ㆍ처리한다. 라. 특별위원회는 「기후위기 대응을 위한 탄소중립ㆍ녹색성장 기본법」 제69조에 따른 기후대응기금의 기금운용계획안, 기금운용계획 변경안 및 결산 등과 관련하여 예산결산특별위원회에 의견을 제시할 수 있다. 마. 특별위원회의 활동기한은 2026년 5월 29일까지로 한다."
1B32561C-0727-469F-2616-57525AAD677A.pdf,8058,"인천 세관 마약 수사 외압 의혹 사건은 영등포경찰서장 지시로 백해룡 형사2과장을 팀장으로 한 12명의 마약 수사전담팀이 마약 수사를 마무리하던 중 검찰청, 경찰청, 서울경찰청, 관세청 등이 세관 직원의 연루 의혹 등과 관련하여 사건을 축소, 은폐, 무마하기 위해 외압을 행사하였고 이러한 외압이 대통령실에서 시작되었다는 의혹이 제기된 사건임. 순직 해병 수사에 대한 대통령실의 외압과 마찬가지로 이러한 수사 외압은 수사기관의 수사 공정성을 심각하게 훼손하는 행위임. 더군다나 대통령실이 연루 의혹이 제기된 사건에 검찰청, 경찰청, 관세청 등이 사건 축소, 은폐를 위해 전방위적으로 나섰다는 점에서 국민들의 진상규명의 목소리가 상당히 커진 상태임. 「특별검사의 임명 등에 관한 법률」에 따르면, 국회가 정치적 중립성과 공정성 등을 이유로 특별검사의 수사가 필요하다고 본회의에서 의결한 사건이 특별검사의 수사대상임. 특검법상 특별검사 임명절차와 추천방식에 대해서 이미 규정되어 있기 때문에 특별검사 임명 등에 대해서 정치적 중립성과 공정성에 관한 논란이나 지체 없이, 본회의 의결을 통해 즉시 특별검사 임명절차가 개시되어 특별검사가 신속히 수사를 진행할 수 있음. 이 사건과 관련한 특별검사 수사를 통한 진상규명 및 책임자 처벌은, 국회를 중심으로 하여 국민적 관심이 높은 인천 세관 마약 밀반입 연루 사건에 대한 수사 외압과 이를 은폐하기 위한 검찰권 남용 등의 권력형 비리 사건을 철저히 수사함으로써, 우리 국민이 바라고 요구하는 공정성 회복에 대한 굳은 의지를 확인하는 계기가 될 것임.","‘인천세관 마약 수사외압 의혹 사건’ 진상규명을 위하여 「특별검사의 임명 등에 관한 법률」 제2조제1항제1호에 따라, 다음 수사대상에 대하여 특별검사의 수사를 요구한다. 1. 2023년 9월 영등포경찰서 강력팀이 수사 중이던 말레이시아 마약 밀매 조직이 화물 편을 통해 필로폰 74kg을 유통하고 마약 100kg 규모를 밀반입 시도한 사건 및 이와 관련해 인천 세관 직원이 연루됐다는 의혹 사건 2. 제1호 사건에 대해 영등포경찰서장, 서울경찰청, 관세청, 대통령실이 세관 직원 연루 부분의 삭제를 요구하는 등 부당한 수사외압을 행사하였다는 의혹과 조병노 경무관 구명로비 의혹 사건 3. 제1호 사건에 대해 ‘세관 직원 계좌 압수수색 영장 수차례 기각 (서울남부지방검찰청), 진술 확보 후 추가 수사 무마(서울중앙지방검찰청)’ 등 수사를 방해했다는 의혹 사건 4. 제1호부터 제3호까지 관련된 의혹 사건에 대한 조사 및 수사를 고의적으로 지연ㆍ해태ㆍ봐주기 하는 등 공무원의 직무유기 및 직권남용과 이에 관련된 불법행위를 했다는 의혹 사건 5. 상기 사건과 관련하여 수사과정에서 인지된 관련 사건"
1E68D06E-FE53-25F6-9FC4-2A1C167ABB68.pdf,6226,"윤석열 대통령은 위헌ㆍ위법적 비상계엄을 선포하였고, 국회를 반국가세력으로 지칭하며 국회의 활동을 금지함으로써 국회의 계엄에 대한 통제권한을 무력화하기 위한 시도를 하였으며 국회의원들을 불법 체포하기 위해 군병력을 투입하는 등 친위쿠데타를 시도하였음. 김용현 국방부장관은 위헌ㆍ위법적 비상계엄 선포를 윤석열 대통령에게 건의하였고 계엄사령관을 추천하였음. 김용현 국방부장관을 비롯한 다른 국무위원들은 비상계엄 선포를 위한 국무회의에 참여하여 윤석열 대통령의 내란에 동조하였음. 박안수 계엄사령관은 국회 활동을 금지하는 위헌적 계엄사령부 포고령을 발표하였고 군 부대를 투입하여 국회의원에 대한 불법체포를 시도하였음. 국회에 투입된 군 병력은 국회의원에 대한 불법체포를 시도하였고, 국회보좌진 및 국회직원에 대한 유형력을 행사하였으며, 국회기물을 파손하였음. 중앙선관위에 투입된 군 병력은 선거관리위원회의 청사와 연수원등을 점령하고, 당직자의 핸드폰을 압수하고 감시하는 등 유형력을 행사하였음. 이러한 일련의 행위들은 윤석열 대통령이 자신에게 불리한 작금의 정치상황을 타개하기 위해 국회를 반국가세력으로 치부하여 국회가 헌법으로부터 부여받은 권한을 제대로 행사하지 못하도록 하는 내란 행위로서 이에 대하여 대통령이 인사권한을 갖는 검찰청 검사들의 중립적인 수사를 기대하기가 사실상 불가능한 상황임. 이에 특별검사의 수사를 통한 철저한 진상규명이 필요하므로 「국회법」 제79조 및 「특별검사의 임명 등에 관한 법률」 제2조에 따라 위헌적 비상계엄 선포를 통한 내란 의혹의 진상규명을 위하여 특별검사의 수사를 요구하는 것임.","윤석열 대통령은 2024년 12월 3일 「계엄법」 제2조제2항이 규정하고 있는 비상계엄의 요건에 부합하지 않는 위헌ㆍ위법적 비상계엄을 선포하였고, 계엄사령부 포고령 제1호를 통해 국회를 반국가세력으로 지칭하여 국회의 활동 등 일체의 정치활동을 금지함으로써 헌법이 국회에 부여하고 있는 계엄에 대한 국회의 통제 권한을 무력화하기 위한 시도를 하였으며, 비상계엄 해제 요청의 건에 대한 심사를 위해 국회 본청에 모여 있는 국회의원들을 불법적으로 체포하기 위해 국회 본청에 무장한 군 병력을 투입하는 등 헌법에 의해 설치된 국회를 강압에 의해 전복시키거나 권능행사를 불가능하게 하는 국헌문란의 목적에서 일체의 유형력의 행사 또는 해악의 고지를 최종적으로 결정하였다는 점에서 내란의 우두머리에 해당함. 김용현 국방부장관은 전시ㆍ사변에 준하는 국가비상사태나 적과의 교전상태에 있지도 않음을 충분히 알고 있음에도 단순히 대통령에게 불리한 국내 정치 환경을 타1개하기 위한 목적에서 위헌ㆍ위법적인 비상계엄 선포를 대통령에게 직접 건의함으로써 군의 국내 정치에 대한 관여를 금지하고 있는 헌법 제5조제2항 및 공무원의 정치적 중립성을 보장하고 있는 헌법 제7조제2항을 위반하였으며 비상계엄 선포의 건의, 계엄사령관 추천, 비상계엄 선포를 위한 국무회의 심의 참여 등 윤석열 대통령의 내란 모의에 적극적으로 가담하였음. 박안수 계엄사령관은 윤석열 대통령의 비상계엄 선포가 위헌ㆍ위법적이라는 점을 알고도 국회의 계엄에 대한 통제권한을 침해하는 위헌적 계엄포고령을 발표하였고, 또한 박안수 계엄사령관과 김용현 국방부장관은 윤석열 대통령의 지휘하에 군 부대를 국회에 투입하여 국회의장 및 국회의원에 대한 불법 체포와 본회의 무산을 시도하고 헌법기관인 중앙선거관리위원회 청사를 점령하는 등 내란에 가담하였음. 한편 12월 3일 비상계엄 선포를 심의한 국무회의에 참석한 국무위원들은 동 비상계엄이 헌법 및 「계엄법」에서 정하고 있는 요건에 부합하지 않는다는 점을 알면서 비상계엄의 선포를 심의 및 모의했다는 점에서 내란 모의 가담하였음. 국회에 투입된 특전사 1공수여단, 수도방위사령부 특임대 병력 등은 위헌ㆍ위법적 비상계엄의 해제를 위해 모인 국회의원들을 체포하기 위해 국회보1진 및 국회직원에게 유형력을 행사하였고 국회 기물을 파손하였음. 또한 계엄군은 헌법기관인 중앙선거관리위원회 청사와 연수원 등을 점령하여 당직자의 핸드폰을 압수하고, 서버가 있는 선거관리위원회 청사 출입을 통제하는 등의 행위를 하였음. 위와 같은 의혹 등을 전반적으로 확인하기 위하여 「특별검사의 임명 등에 관한 법률」 제2조제1항제1호에 따라, 다음의 수사대상에 대하여 특별검사의 수사를 요청함. 1. 윤석열 대통령이 비상계엄의 요건에 부1합하지 않는 위헌ㆍ위법적 비상계엄을 선포하고, 계엄사령부 포고령 제1호를 통해 국회를 반국가세력으로 지칭하여 국회의 활동을 금지함으로써 헌법이 국회에 부여한 계엄에 대한 국회 통제권한을 무력화하는 시도를 하였으며, 국회에 군 병력을 투입하여 국회의원들에 대한 불법 체포를 감행하는 등 내란을 총 지휘하였다는 의혹사건 2. 김용현 국방부장관이 위헌ㆍ위법적 비상계엄 선포를 윤석열 대통령에게 건의하고 계엄사령관 추천, 국무회의 심의 참여하여 비상계엄 선포를 모의하는 등 윤석열 대통령의 내란 모의에 적극적으로 가담하였다는 의혹사건 3. 박안수 계엄사령관이 위헌적 계엄사령부 포고령을 발표하고 군 부대를 국회에 투입하여 국회의원에 대한 불법체포를 감행하는 등 윤석열 대통령의 내란에 중요한 임무에 종사하였다는 의혹사건 4. 비상계엄 선포를 심의한 국무회의에 참석한 국무위원들이 위헌ㆍ위법적 비상계엄 선포를 심의함으로써 윤석열 대통령의 내란 모의에 적극적으로 가담하였다는 의혹사건 5. 국회에 투입된 특전사 1공수여단, 수도방위사령부 특임대 병력 등이 국회의원들에 대한 불법체포를 시도하였고 시민, 국회보좌진 및 국회직원 등에게 유형력을 행사하였으며 상해를 입혔고 국회 기물을 파손하는 등의 행위를 통해 내란에 가담하였다는 의혹사건 6. 국회 본회의 무산 및 체포 등을 위해 국회 경내에 실탄 소지 중 무장한 계엄군, 전투용 헬기 투입, 장갑차 국회 진입 시도 등의 방법으로 내란목적의 살인 예비 음모 행위를 했다는 의143건 7. 무장한 계엄군이 국가 선1거사무를 총괄하는 '헌법기관'인 중앙선거관리위원회의 청사와 연수원 등을 점령하고, 선거관리위원회 당직자의 핸드폰을 압수하였으며, 서버가 있는 선거관리위원회 청사를 출입통제하는 등 내란에 가담하였다는 의혹사건 8. 조지호 경찰청장과 김봉식 서울경찰청장이 국회에 대한 출입 통제를 지시하고 국회의원 및 국회의원실 직원들의 출입을 통제하는 등 윤석열 대통령의 내란에 적극적으로 가담하였다는 의혹사건 9. 기타의 방법으로 제1호부터 8호까지의 내란 등 행위에 동조ㆍ방조한 사건 및 범죄은폐, 증거인멸한 행위 10. 제1호부터 제9호까지의 사건 등과 관련한 고소ㆍ고발사건 11. 제1호부터 제10호까지의 사건의 수사과정에서 인지된 관련사건"
20C8C637-B84F-ECBB-A364-62B73985B89A.pdf,5778,"1. 서울특별시의 한강 리버버스 사업의 절차적 정당성과 경제적 타당성에 대한 감사 첫째, 2023년 3월 서울특별시장의 검토 지시 후 3개월 만에 운영사업자를 공모하고, 타당성조사 결과 도출 전 실시협약 체결, 운영조례 발의, 투자심사 의결, 선박건조계약, 합작법인 설립 등이 이루어진 것이 관련 절차를 위반하였다는 문제제기가 있고, 둘째, 타당성조사 또는 경제성분석 시 선착장 건설비만 비용으로 산정하고, 경제적 타당성을 높이기 위해 선박구입비(약 500억원)는 의도적으로 비용에서 제외시킨 의혹이 있으며, 셋째, 2차례의 선박 건조 계약과 관련하여, 1차 물량 일부를 포기한 업체에게 2차 물량을 몰아주기 위해 응찰자 평가점수 중 특정항목의 배점을 높이거나 특례사항을 계약서에 명시하는 등 계약절차를 의도적으로 설정하였다는 문제제기가 있고, 넷째, 현재 건조 중인 선박의 속도가 경제성 확보를 위한 당초 목표치(20노트, 마곡-잠실 54분)에 미달할 것(15노트, 마곡-잠실 1시간 30분)으로 예상됨에도 사업을 무리하게 강행하고 있으므로, 서울특별시 한강리버버스 사업 전반에 대한 감사를 요구함. 2. 경찰청의 중심지역관서제도 도입 ㆍ 추진이 국가경찰위원회의 심의 없이 추진된 경위에 대한 감사 중심지역관서제도는 전체 파출소의 32%를 구조조정의 대상으로 하는 중대한 경찰조직의 개편을 동반함. 이러한 사항은 경찰정책에 관한 사항을 심의 ㆍ 의결하는 기구인 국가경찰위원회의 심의를 통해 다양한 의견을 수렴하고 정책의 타당성과 효율성을 검토하는 과정을 거쳤어야 함. 그럼에도 경찰청은 이러한 심의를 거치지 않고 중심지역관서제도를 무리하게 추진하였으므로 이 과정에서 필요한 절차를 준수하지 않은 사항이 있었는지에 대한 감사를 요구함. 3. 제2세종문화회관 사업부지의 일방적인 변경과 부지변경 사항이 포함된 여의도공원 재구조화 사업의 행정안전부 중앙투자심사위원회 재검토 결정에 관한 서울특별시 대상 감사 서울특별시는 2025년 개관을 목표로 문래동3가 옛 ‘방림방적’ 위치에 1만 2,947m2 규모로 제2세종문화회관을 건립하는 사업을 계획하였고, 해당 사업은 2021년 11월 행정안전부 중앙투자심사를 통과하여 시ㆍ구의회의 의결까지 모두 마친 상태였음. 또한, 지난 지방선거 당시 오세훈 서울시장 후보는 제2세종문화회관을 문래동 부지에 건립하겠다고 공약한 바 있음. 그런데, 2023년 서울시는 일방적으로 제2세종문화회관 부지를 문래동에서 여의도공원으로 변경하는 결정을 하였고, 해당 사업내용을 포함한 여의도공원 재구조화 사업은 2024년 10월 행정안전부 중앙투자심사에서 재검토 결정을 받았음. 이러한 과정과 관련하여 서울특별시장이 허위사실 기재 등을 통해 사업부지를 졸속으로 변경했다는 의혹이 제기되고 있으므로 서울특별시의 ‘제2세종문화회관 건립사업’에 대한 감사를 요구함. 4. 그레이트 한강 사업 중 여의도 선착장 조성사업 사업자 선정의 불공정성에 대한 감사 서울특별시는 그레이트 한강 사업 중 여의도 선착장 조성사업을 위한 사업자 선정 시 특정 업체를 선정하기 위해 사업규모, 사업체 대표의 개인경력 인정, 단독 공모 인정 등의 요건을 사전에 모의하였다는 의혹이 있음. 또한, 사업자의 자본금 납입이 당초 정해진 기한보다 상당 기간 지연되었고, 재원조달도 협약서에 따라 조달해야 하는 금액의 절반에 미치지 못하고 있으며, 서울특별시가 사업자의 재정능력 부족을 인지한 후에도 특별한 대응을 하지 않았고, 계약 과정에서 이중계약서가 나오는 등 다양한 문제와 의혹이 제기되고 있음. 이에 서울특별시의 여의도 선착장 조성사업 사업자 선정과정에 대한 감사를 요구함.",「국회법」 제127조의2에 따라 감사원에 대하여 다음 사항에 대한 감사를 요구한다. 1. 서울특별시가 추진하고 있는 한강 리버버스 사업의 절차적 ㆍ 경제적 타당성에 대한 감사 2. 경찰청의 중심지역관서제도 도입 ㆍ추진이 국가경찰위원회의 심의 없이 추진된 경위에 대한 감사 3. 제2세종문화회관 사업부지의 일방적인 변경과 부지변경 사항이 포함된 여의도공원 재구조화 사업의 행정안전부 중앙투자심사위원회 재검토 결정에 관한 서울특별시 대상 감사 4. 그레이트 한강 사업 중 여의도 선착장 조성사업 사업자 선정의 불공정성에 대한 감사
2127A32A-818E-5897-6984-A40DFE93063F.pdf,5744,"쌀은 국가 기간산업이며 국민의 주식으로, 기후위기 시대에 국민 경제와 식량 안보를 지탱하는 든든한 버팀목임. 하지만 11월 15일 현재 산지쌀값은 18만2,872원(80kg)으로 전년 동기대비 8.2%(1만6,408원) 하락함. 농자재가격, 인건비 등 생산비는 상승하는데 쌀값은 계속 하락하고 있어 농가 어려움이 가중되고 있는 상황임. 이는 쌀농업의 지속성을 위협하고 있으며 자칫 식량이 무기화되는 세계 경제에서 대한민국의 안보에도 큰 영향을 줄 수 있는 상황임. 지난 10월 정부는 초과생산량은 12.8만톤이지만 20만톤 이상 시장격리하겠다고 수확기대책을 발표하였음. 그럼에도 쌀값이 정상화되지 않는 가장 큰 이유는 시장이 정부 정책을 신뢰하지 못하기 때문임. 즉 지난해 양곡관리법 대통령 거부권 행사 당시 정부는 23년도산 쌀 가격을 20만원 수준으로 유지하겠다고 발표했으나, 약속을 제대로 이행하지 않았음. 2023년 11월 20만원 이하로 떨어진 이후 10개월 이상 하락하였음에도 늦장대응, 찔끔대책, 꼼수대책으로 일관해왔기 때문임. 이에 대한민국 국회는 쌀 가격의 정상화와 수급 안정을 위하여 명확한 쌀 가격 목표를 제시하고 신속하고 과감한 추가 대책을 수립하며, 사전적 수급조절과 사후적 피해보전 대책, 식량자급률 향상, 이상기후에 따른 농작물 피해 방지, 농산물의 안정적 생산 공급 등을 위한 제도적 개선방안 마련 등 특단의 대책 수립을 정부에 요구하려는 것임.","대한민국 국회는 쌀 가격의 지속적인 하락에 따른 농가경영의 어려움과 농민들의 우려를 불식시키고, 쌀 가격 정상화 및 수급 안정, 농민의 안정적인 소득 보장을 위한 특단의 대책 마련을 강력하게 촉구하면서 다음과 같이 결의한다. 1. 대한민국 국회는 정부가 지난해 농민들에게 쌀값 20만원(80kg) 보장을 약속한 만큼 쌀 가격의 조속한 정상화와 수급 안정을 위하여 24년산 쌀은 최소한 20만원 이상 연중 유지하겠다는 명확한 가격 목표를 제시하고, 추가 시장격리 등 신속하고 과감한 대책을 마련할 것을 강력히 촉구한다. 2. 대한민국 국회는 정부가 반복되는 쌀 가격 하락과 농가소득 감소 방지 및 식량자급률 향상을 위해 논타작물재배 지원 확대 등 사전적 수급조절 대책과 사후적 피해보전 대책을 수립하여야 하며, 이를 위해 양곡관리법 개정 등 제도적 개선 방안을 마련할 것을 강력히 촉구한다. 3. 대한민국 국회는 정부가 벼멸구 등 농작물 재해 피해와 농산물 생산 감소 등 기후위기에 따른 농가 피해를 방지하고 농산물을 안정적으로 생산ㆍ공급하기 위해 「농어업재해대책법」 및 「농어업재해보험법」과 「농수산물 유통 및 가격안정에 관한 법률」 개정 등 제도적 개선 방안을 마련할 것을 강력히 촉구한다. 4. 대한민국 국회는 정부가 정부 정책을 이행하는 과정에서 발생한 농협의 손실에 대한 대책을 마련하고, 농협도 쌀 가격 안정의 주체로서 진정성을 가지고 대책을 마련할 것을 강력하게 촉구한다."
225FE843-DAD7-F9C0-BF27-FBAFC1604CE6.pdf,5945,"1. 김건호 청년보좌역의 교육부 직원으로서 ㈜한국학력평가원 검정 역사교과서 집필진 참여에 대한 감사 친일ㆍ독재 옹호 등 논란이 일고 있는 ㈜한국학력평가원의 고교 한국사 초고를 작성했던 김건호 교육부 장관 청년보좌역은 2023년 12월 검정심사 신청서에 본인의 근무처(소속)를 허위로 제출한 사실이 드러남. ㈜한국학력평가원이 2023년 12월 11일 교과서 검정 심사 기관인 한국교육과정평가원에 제출한 교과용도서 검정신청서를 확인한 결과, 김 보좌역의 근무처는 군포시청소년재단으로 기재돼 있었음. 그러나 김 보좌역의 군포시청소년재단 실제 재직기간은 2023년 6월 1일부터 11월 5일까지 이었으며, 2023년 11월 7일 이후 현재까지 이주호 교육부 장관 청년보좌역으로 근무하고 있는 상황임. 한국교육과정평가원의 ‘2024년 교과용 도서 검청 신청 안내 자료’에 따르면 “저작자는 검정 신청일(2023년 12월 11일~14일) 현재 교육부 및 검정 심사 기관 소속이 아닌 자여야 한다”고 명시돼 있어 김 보좌역은 저작자가 될 수 없음. 그럼에도 불구하고 김 보좌역은 근무처를 속여 저작자 자격위반을 의도적으로 회피하였음. 또 한국교육과정평가원은 최종 검정합격 공고(2024년 8월 30일) 전에 김 보좌역의 저작자 요건 위반을 인지했음에도 불구하고, 이를 문제 삼지 않고 ㈜한국학력평가원의 한국사 교과서를 최종 검정 합격 시켰음. 이는 한국교육과정평가원의 부실검정과 김 보좌역의 특정 출판사 특혜로 볼 수 있으므로 감사가 필요해 보임. 2. 교육부와 한국교육과정평가원의 역사교과서 검정 절차에 대한 감사 교육부는 고교 역사검정 교과서 출판사 ㈜한국학력평가원에 교육부 관계자인 김건호 청년보좌역이 집필진으로 참여했음에도 불구하고, “공고에도 없는 기준을 넣은 한국교육과정평가원의 2024년 교과용 도서 검정 신청안내는 행정오류로 추정”된다며 책임을 회피하고 있음. 특히 표지갈이를 통해 출판 실적을 조작하고, 검정교과서의 편집자로 자격 미달의 인물을 등재한 ㈜한국학력평가원에 대해 교육부와 평가원은 아무런 문제가 없다는 입장과 함께 국회 국정감사 대부분의 자료제출 요구를 거절하였음. ㈜한국학력평가원은 17년 전 출판했던 교재를 최신 개발 교재인 것처럼 발행 등록을 하고 인쇄본을 제작했으며, 거짓으로 제작한 출판물을 시중에 유통하지 않은 채 국립중앙도서관에만 납본하고 증명서를 발급받은 전적이 있음. 결과적으로 ㈜한국학력평가원은 해당 납본 증명서를 이용해 교과서 검정 신청 자격을 얻어내 최종적으로 교과서 검정에 통과하였음. 검정당국인 교육부와 한국교육과정평가원은 ㈜한국학력평가원이 법적으로 요구되는 출판 실적을 충족하지 못했음에도 불구하고, 이를 제대로 확인하지 않고 검정을 승인한 것임. 더불어 ㈜한국학력평가원 검정교과서의 편집자 중 한 명은 앞서 언급한 출판 실적 조작에 직접 관여한 인물임. 해당 인물은 교과서 검정 과정에서 책임 편집자로 등재되었지만, 그가 실제로 해당 출판사에서 근무했는지조차 불분명한 상황임. 또 국민연금 데이터에 따르면, ㈜한국학력평가원의 상근 직원 수는 3명을 넘지 않으며, 회사는 5년간 사실상 출판 실적이 없는 상태인 것이 확인되었음. 이처럼 표지갈이, 교육부 소속 집필진, 실제 근무가 의심되는 편집자 등의 절차적 문제만 봐도 ㈜한국학력평가원의 검정 역사교과서가 정상적인 검정과정을 거치지 않았음을 명확히 알 수 있음. 이 같은 사태는 교육부와 한국교육과정평가원이 공교육의 질을 보장하고, 교과서 검정의 투명성과 공정성을 확보해야 할 책무를 방기한 결과로 보임. 또 국민 세금이 투입되는 교과서 검정 사업에 무자격 업체가 참여하여 공교육의 신뢰성을 훼손하고, 규정을 무시한 절차상의 문제를 방치한 점은 중대한 행정적 실책임. 따라서 해당 문제를 바로잡고 책임 소재를 명확히 하기 위해, 감사를 요구하는 바임. 3. 한경국립대학교 직장 내 괴롭힘 가해자 징계처리 부적정, 대학원생 학습권 침해, 중등교육연수원 표적감사 및 부당해고, 총장 노래방 접대 강요 등 비위에 대한 감사 최근 국회 교육위원회 국정감사에서 한경국립대학교 이원희 총장의 여대생 접대 강요 의혹부터, 대학원 조교에 대한 직장 내 괴롭힘, 표적 감사 의혹, 교직원 부당해고 등 각종 비위 의혹이 드러남. 먼저, 총장의 접대 강요 및 성적 차등 배정과 관련된 비위행위로 지난 2009년 매니페스토 경진대회에서 이 총장이 여학생들을 지인 접대에 동원하고, 노래방에서 남성과 짝을 이루어 앉도록 강요했다는 증언이 제기되었음. 일부 학생에게는 성적을 차등 배정했다는 의혹까지 제기되어, 이러한 비위행위에 대해 철저한 사실 확인이 요구됨. 또 직장 내 괴롭힘 및 교직원 부당해고사건은 대학 구성원의 기본적 권리를 침해하며, 직장 내 인권 보호 의무를 방기한 심각한 문제임. 대학원 조교의 학습권과 근무 환경이 침해받고, 교직원이 부당하게 해고되는 상황은 국립대학의 공공성과 신뢰성을 훼손하는 바, 이에 대한 엄중한 감사를 통한 재발 방지 조치가 필요함. 더불어, 중등교육연수원에 대한 표적 감사 의혹도 조사되어야 함. 특정 인사를 대상으로 한 표적 감사가 존재했는지, 감사 권한이 부당하게 남용된 정황은 없는지에 대한 조사를 통해 감사 절차의 공정성을 확보해야 할 것임. 이와 같은 일련의 비위행위는 한경국립대학교가 지켜야 할 공공성과 책임성을 저해하는 중대한 사안으로, 감사원의 철저한 감사를 요구하는 바임. 4. 이배용 국가교육위원장의 공공기관 물품 및 차량 사적 사용에 대한 감사 이배용 국가교육위원장이 공공기관 소유 차량을 사적으로 사용한 사례가 27건 적발되었으며, 이는 ‘공직자의 이해충돌 방지법’ 제13조와 ‘공무용 차량 관리 규정’ 제10조를 위반한 것으로 보임. 특히 공식 출장이나 행사가 없는 날, 연가 중에도 전용차량을 사적으로 사용해 차량 유류비, 하이패스 및 톨게이트 비용 등을 공금으로 처리한 사실이 밝혀짐. ‘공직자의 이해충돌 방지법’ 유권해석에 따르면, 공무수행에 필요한 ‘출장조치’ 시에만 공용차량 사용이 가능하며, 단순한 ‘방문’이나 ‘식사’ 목적의 차량 사용은 사적 사용으로 간주 됨. 최근 판례에서는 경찰공무원 A씨가 공용차량을 사적으로 사용한 것에 대한 징계가 적절하다고 판단한 바 있으며, 이는 공무원 신분으로서의 사회적 책무와 직무의 특성 등을 고려한 조치임. 이배용 위원장의 경우, 국가교육위원장 외에도 서원 통합보존관리단장과 한지살리기재단 이사장 등의 직책으로 행사에 참석한 것도 사적 사용으로 볼 수 있다는 해석이 가능함. 또한, 국가교육위원장이 외부행사나 공식 출장이 없던 날에도 청사 내 차량 출입 기록이 확인되지 않은 무단이탈 사례가 38건 적발되었음. 이는 국가공무원법 제56조(성실 의무), 제57조(복종의 의무), 제58조(직장 이탈 금지), 제63조(품위 유지의 의무) 위반에 해당됨. 또한 이배용 국가교육위원장은 주말, 공휴일, 대체휴일을 제외한 총 근무일 409일 중 9시 이전에 정상 출근한 날이 10%(38일)에 불과한 것으로 나타남. 이러한 상습적인 지각과 직무 소홀은 기관장의 조직 관리 책임을 방기한 것으로 간주 됨. 이러한 사례들은 국민의 세금으로 운영되는 공공자원의 사적 사용을 경시하고, 고위공직자로서 본연의 직무에 충실해야 할 의무를 저버린 것임. 이에 이배용 국가교육위원장의 공공기관 물품 및 차량의 사적 사용과 직무 태만에 대한 철저한 감사를 청구하는 바임.","「국회법」 제127조의2에 따라 감사원에 대하여 다음 사항에 대한 감사를 요구한다. 1. 김건호 청년보좌역의 교육부 직원으로서 한국학력평가원 검정 역사교과서 집필진 참여에 대한 감사 2. 교육부와 한국교육과정평가원의 역사교과서 검정 절차에 대한 감사 3. 한경국립대학교 직장 내 괴롭힘 가해자 징계처리 부적정, 대학원생 학습권 침해, 중등교육연수원 표적감사 및 부당해고, 총장 노래방 접대 강요 등 비위에 대한 감사 4. 이배용 국가교육위원장의 공공기관 물품 및 차량 사적 사용에 대한 감사"
27944172-60CA-8678-90FA-DFC236F74177.pdf,2204496,"유엔 안보리 결의(1373/1838/1846/1851)에 근거, 2009년 3월부터 소말리아 아덴만 해역에 파견된 국군부대(청해부대)의 파견기간이 2024년 12월 31일 종료될 예정으로, 다음과 같은 이유로 파견기간을 연장하고자 함. 첫째, 원유 등 국가 전략물자를 포함, 연간 우리나라 선박 약 500여 척이 통항하는 핵심수송로 아덴만해역의 해상안전을 확보함. 둘째, 유사시 우리 국민 보호를 위한 즉응 전력으로 임무수행이 가능함. 셋째, 연합해군사 및 EU와의 해양안보작전 참여를 통한 연합작전 수행 능력 향상과 해적 활동 억제에 기여함. 넷째, 외교부‧해수부‧연합해군사 및 국내 해운단체도 청해부대의 지속 파견을 적극 요청하고 있음.","가. 소말리아 아덴만 해역에 파견된 국군부대의 파견기간을 2025년 1월 1일부터 2025년 12월 31일까지 1년간 연장함. 나. 국군부대의 임무는 우리 선박의 안전한 활동을 보장하며 유사시 우리 국민을 보호하고 연합해군사·EU의 해양안보작전에 참여하는 것임. 다. 파견규모는 구축함 1척 (해상작전헬기 1대, 고속단정 3척 이내 탑재), 인원 320명 이내이며, 파견지역은 소말리아 아덴만 해역 일대(유사시 우리 국민 보호 활동 시에는 지시되는 해역 포함) 임. 라. 부대 지휘권은 한국군이 보유하며, 우리 선박 호송간 작전운용은 우리 합동참모의장이 작전지휘하고, 연합해군사·EU 등 국제해양안보작전에 참여할 경우에는 현지 사령관이 전술통제함. 마. 국군부대의 파견경비(약 376억 원)는 우리 정부의 부담으로 함."
2C8D039B-7A1F-23BC-D5CE-1F084E6DBCDE.pdf,3228,"이 협정의 체결을 통하여 동일한 소득에 대한 우리나라와 르완다공화국의 과세권 경합을 조정함으로써 양국 국민ㆍ기업의 이중적인 조세 부담을 방지하여 양국 간의 경제 교류를 활성화하고, 조세 회피 목적의 거래에 대해서는 협정에 따른 혜택을 부여하지 않도록 함으로써 탈세 및 조세 회피를 예방하려는 것임.","가. 이 협정의 적용 대상인 소득에 대한 조세는 총소득 또는 소득 항목에 부과되는 모든 조세를 의미함(안 제2조). 나. 이 협정이 적용되는 소득은 부동산소득, 사업 이윤, 국제 해운 및 항공 운송 이윤, 배당, 이자, 사용료, 양도소득, 고용 소득 등과 그 밖의 소득으로 하고, 대상 소득별 과세 원칙은 다음과 같이 함(안 제6조부터 제22조까지). 1) 한쪽 체약국의 거주자가 다른 쪽 체약국에 소재하는 부동산에서 얻은 소득은 부동산 소재지국에서 과세할 수 있음(안 제6조). 2) 한쪽 체약국의 기업의 이윤은, 그 기업이 다른 쪽 체약국에 소재하는 고정사업장을 통하여 그 다른 쪽 체약당사국에서 사업을 수행하는 경우를 제외하고는, 그 한쪽 체약국에서만 과세함(안 제7조). 3) 한쪽 체약국의 기업이 수행하는 국제운수에서 선박 또는 항공기의 운항으로부터 발생하는 이윤은 그 한쪽 체약국에서만 과세함(안 제8조). 4) 배당, 이자 및 사용료는 수익적 소유자의 거주지국에서 과세할 수 있으며, 소득이 발생하는 체약국에서는 제한세율에 따라 과세할 수 있음(안 제10조부터 제12조까지). 5) 부동산 양도소득은 부동산 소재지국에서 과세할 수 있음(안 제14조). 다. 한쪽 체약국의 국민은 다른 쪽 체약국에서 동일한 상황에 있는 그 다른 쪽 체약국의 국민보다 불리하게 조세를 부담하지 않음(안 제24조). 라. 양 체약국의 권한 있는 당국은 이 협정 규정의 이행과 관련이 있거나 양 체약국의 조세에 관한 국내법의 시행 또는 집행과 관련이 있는 것으로 예상되는 정보를 교환함(안 제26조). 마. 양 체약국은 조세채권의 징수에서 상호 협조함(안 제27조)."
2D9CBA21-C44B-617A-645C-9E6A15930642.pdf,3266,"현재는 법인의 주사무소 등기부와 별도로 분사무소 등기부를 두고 있어 신청인이 분사무소 소재지에서 추가로 등기신청을 하여야 하는 부담이 있으므로, 법인의 분사무소 등기부를 폐지하고 법인의 주사무소 소재지에서만 등기하도록 하여 등기의 불일치를 방지하고 등기신청인의 시간적ㆍ경제적 부담을 완화하기 위하여 법인이 주사무소를 이전한 경우에는 종전 소재지 또는 새 소재지에서 새 소재지와 이전 연월일을 등기하도록 하고, 분사무소를 이전한 경우에는 주사무소의 소재지에서 새 소재지와 이전 연월일을 등기하도록 하여 등기절차를 간소화하려는 것임. 한편, 고 구하라씨의 경우를 비롯해 천안함, 세월호 사건 등 재난재해 사고 이후 피상속인을 부양하지 않은 상속인이 보상금, 보험금을 달라며 소송을 제기하거나 재산 상속을 주장하는 등 일반 국민의 법 감정에 반하는 사건이 발생하여 사회적 논란이 지속되었으며, 2024년 4월 25일 헌법재판소는 피상속인을 장기간 유기하거나 학대하는 등 패륜적인 행위를 일삼은 상속인에게 유류분을 인정하는 것은 불합리하다는 이유로 헌법불합치 결정을 내려 상속제도 개선의 필요성을 인정한 바 있음(헌법재판소 2024. 4. 25. 선고 2020헌가4 등). 이에 피상속인의 직계존속으로서 상속인이 될 사람이 피상속인에 대한 부양의무를 중대하게 위반하거나 중대한 범죄행위 또는 그 밖에 심히 부당한 대우를 한 경우 등에는 피상속인의 유언 또는 공동상속인 등의 청구에 따라 가정법원이 상속권의 상실을 선고할 수 있도록 하는 제도를 마련하여 국민 정서에 맞지 않은 불합리한 상속제도를 개선하려는 것임.","가. 법인이 주사무소를 이전한 경우에는 종전 소재지 또는 새 소재지에서 새 소재지와 이전 연월일을 등기하도록 하고, 분사무소를 이전한 경우에는 주사무소의 소재지에서 새 소재지와 이전 연월일을 등기하도록 함(안 제50조, 제51조 신설). 나. 피상속인의 직계존속으로서 상속인이 될 사람이 부양의무를 중대하게 해태하는 등 일정 요건에 해당하는 경우 피상속인의 유언에 따른 의사 또는 공동상속인의 청구에 의해 가정법원이 상속권 상실을 선고할 수 있도록 함(안 제1004조의2 신설). 다. 헌법재판소의 위헌결정(헌법재판소 2024. 4. 25. 선고 2020헌가4 등)에 따라 형제자매의 유류분에 관한 규정을 삭제함(안 제1112조제4호 삭제). 라. 상속권 상실선고에 관한 규정은 2026년 1월 1일부터 시행하되, 헌법재판소의 헌법불합치 결정이 있던 날(2024년 4월 25일) 이후 상속이 개시되는 경우에 적용함을 원칙으로 하고, 헌법재판소 결정일 이후 법 시행 전에 상속이 개시된 경우로서 부양의무 등을 중대하게 위반한 사람이 상속인이 되었음을 안 공동상속인은 이 법 시행일부터 6개월 이내에 상속권 상실 청구를 할 수 있도록 함(부칙 안 제1조부터 제3조까지).  법률 제 호 민법 일부개정법률안 민법 일부를 다음과 같이 개정한다. 제50조[분사무소(分事務所) 설치의 등기] 법인이 분사무소를 설치한 경우에는 주사무소(主事務所)의 소재지에서 3주일 내에 분사무소 소재지와 설치 연월일을 등기하여야 한다. 제51조(사무소 이전의 등기) ① 법인이 주사무소를 이전한 경우에는 종전 소재지 또는 새 소재지에서 3주일 내에 새 소재지와 이전 연월일을 등기하여야 한다. ② 법인이 분사무소를 이전한 경우에는 주사무소 소재지에서 3주일 내에 새 소재지와 이전 연월일을 등기하여야 한다. 제52조의2 중 “주사무소와 분사무소”를 “주사무소”로 한다. 제85조를 다음과 같이 한다. 제85조(해산등기) ① 청산인은 법인이 파산으로 해산한 경우가 아니면 취임 후 3주일 내에 다음 각 호의 사항을 주사무소 소재지에서 등기하여야 한다. 1. 해산 사유와 해산 연월일 2. 청산인의 성명과 주소 3. 청산인의 대표권을 제한한 경우에는 그 제한 ② 제1항의 등기에 관하여는 제52조를 준용한다. 제5편제1장제2절에 제1004조의2를 다음과 같이 신설한다. 제1004조의2(상속권 상실선고) ① 피상속인은 상속인이 될 사람이 피상속인의 직계존속으로서 다음 각 호의 어느 하나에 해당하는 경우에는 제1068조에 따른 공정증서에 의한 유언으로 상속권 상실의 의사를 표시할 수 있다. 이 경우 유언집행자는 가정법원에 그 사람의 상속권 상실을 청구하여야 한다. 1. 피상속인에 대한 부양의무를 중대하게 위반한 경우(미성년자에 대한 부양의무로 한정한다) 2. 피상속인 또는 그 배우자나 피상속인의 직계비속에게 중대한 범죄행위(제1004조의 경우는 제외한다)를 하거나 그 밖에 심히 부당한 대우를 한 경우 ② 제1항의 유언에 따라 상속권 상실의 대상이 될 사람은 유언집행자가 되지 못한다. ③ 제1항에 따른 유언이 없었던 경우 공동상속인은 피상속인의 직계존속으로서 다음 각 호의 사유가 있는 사람이 상속인이 되었음을 안 날부터 6개월 이내에 가정법원에 그 사람의 상속권 상실을 청구할 수 있다. 1. 피상속인에 대한 부양의무를 중대하게 위반한 경우(미성년자에 대한 부양의무로 한정한다) 2. 피상속인에게 중대한 범죄행위(제1004조의 경우는 제외한다)를 하거나 그 밖에 심히 부당한 대우를 한 경우 ④ 제3항의 청구를 할 수 있는 공동상속인이 없거나 모든 공동상속인에게 제3항 각 호의 사유가 있는 경우에는 상속권 상실 선고의 확정에 의해 상속인이 될 사람이 이를 청구할 수 있다. ⑤ 가정법원은 상속권 상실을 청구하는 원인이 된 사유의 경위와 정도, 상속인과 피상속인의 관계, 상속재산의 규모와 형성 과정 및 그 밖의 사정을 종합적으로 고려하여 제1항, 제3항 또는 제4항에 따른 청구를 인용하거나 기각할 수 있다. ⑥ 상속개시 후에 상속권 상실의 선고가 확정된 경우 그 선고를 받은 사람은 상속이 개시된 때에 소급하여 상속권을 상실한다. 다만, 이로써 해당 선고가 확정되기 전에 취득한 제3자의 권리를 해치지 못한다. ⑦ 가정법원은 제1항, 제3항 또는 제4항에 따른 상속권 상실의 청구를 받은 경우 이해관계인 또는 검사의 청구에 따라 상속재산관리인을 선임하거나 그 밖에 상속재산의 보존 및 관리에 필요한 처분을 명할 수 있다. ⑧ 가정법원이 제7항에 따라 상속재산관리인을 선임한 경우 상속재산관리인의 직무, 권한, 담보제공 및 보수 등에 관하여는 제24조부터 제26조까지를 준용한다. 제1112조의 조 번호 및 제목을 다음과 같이 하고, 같은 조 각 호 외의 부분을 다음과 같이 하며, 같은 조 제4호를 삭제한다. 제1112조(유류분의 권리자와 유류분) 상속인의 유류분은 다음 각 호에 의한다.  부 칙 제1조(시행일) 이 법은 2025년 1월 31일부터 시행한다. 다만, 제1004조의2의 개정규정 및 부칙 제4조는 2026년 1월 1일부터 시행한다. 제2조(상속권 상실선고에 관한 적용례) 제1004조의2의 개정규정은 2024년 4월 25일 이후 상속이 개시되는 경우로서 이 법 시행 전에 같은 조 제1항 또는 제3항 각 호에 해당하는 행위가 있었던 경우에 대해서도 적용한다. 제3조(상속권 상실선고에 관한 특례) 2024년 4월 25일 이후 이 법 시행 전에 상속이 개시된 경우로서 제1004조의2제3항 각 호의 사유가 있는 사람이 상속인이 되었음을 이 법 시행 전에 안 공동상속인은 같은 조 제3항 각 호 외의 부분에도 불구하고 이 법 시행일부터 6개월 이내에 상속권 상실 청구를 할 수 있다. 같은 조 제4항에 따라 상속인이 될 사람 또한 같다. 제4조(다른 법률의 개정) 가사소송법 일부를 다음과 같이 개정한다. 제2조제1항제1호나목에 15)를 다음과 같이 신설한다. 15) 상속권 상실 선고 제2조제1항제2호가목에 29)를 다음과 같이 신설한다. 29) 「민법」 제1004조의2제7항에 따른 상속재산의 보존 및 관리를 위한 처분"
316BB631-6C35-9E0F-AEAE-951853F0F0EE.pdf,8899,"아시아태평양경제협력체(APEC)는 아시아ㆍ태평양 지역의 경제성장과 번영을 위하여 1989년에 설립된 국제협력체로서, 현재 21개 회원국이 참여하고 있고 전 세계 GDP의 약 61%, 교역량의 약 49%를 점유하는 세계 최대 규모의 지역경제협력체임. APEC 정상회의는 매년 개최되는 아시아ㆍ태평양 지역의 가장 중요한 다자 외교행사로 평가받고 있음. 올해 제32차 APEC 정상회의는 대한민국 경주에서 개최하며, 우리나라는 2005년 제13차 APEC 정상회의 이후 20년 만에 다시 의장국을 맡게 되었음. 제32차 APEC 정상회의에는 21개국 회원국 정상 외에 각료 등 정상 대표단, 기업인, 언론인 등 총 2만여 명이 참석할 것으로 예상되어 경제적 성과와 대한민국의 국제적 위상 강화 등이 기대됨. 특히, 이번 정상회의는 트럼프 미 대통령 취임 이후 다자협력 및 자유무역 질서의 향방을 가늠할 수 있다는 점에서 더욱 의미가 있음. 이에 국회 차원에서 APEC 정상회의의 성공적인 개최를 적극적으로 지원하기 위하여 「2025 아시아태평양경제협력체(APCE) 정상회의 지원 특별위원회」를 구성하려는 것임.","가. 2025년 10월 말 경상북도 경주시에서 개최 예정인 제32차 아시아태평양경제협력체(APEC) 정상회의의 성공적인 개최를 지원하기 위하여 「국회법」 제44조에 따라 「2025 아시아태평양경제협력체(APEC) 정상회의 지원 특별위원회」(이하 “특별위원회”라 한다)를 구성한다. 나. 위원 수는 위원장을 포함하여 18인(더불어민주당 10인, 국민의힘 7인, 비교섭단체 1인)으로 한다. 다. 특별위원회의 활동기한은 2025년 12월 31일까지로 한다."
35BB6922-2E20-2101-8EC0-31CC6FF74562.pdf,4613,"국제연합 회원국으로서 국제연합의 국제평화유지 노력에 적극 동참하고, 남수단 공화국의 평화 정착 및 재건 지원에 기여하기 위하여 ｢국제연합 남수단 임무단(UNMISS)｣에 파견되어 활동 중인 국군부대의 파견기간을 연장하려는 것임.","가. 2013.3.31.부터 파견되어 2024.12.31.까지 연장된 국군부대의 파견기간을 2025.1.1.부터 2025.12.31.까지 1년간 연장함. 나. 국군부대의 임무는 남수단 공화국 평화 정착 및 재건(공병) 지원, 인도주의적 활동 등임. 다. 국군부대에 대한 지휘권 및 법적 지위에 관하여는 국제연합 평화유지 활동에 적용되는 원칙에 따르도록 함. 라. 국군부대 파견에 따른 소요경비(所要經費)는 우리 정부 예산에서 먼저 지출하고 추후 국제연합으로부터 일부 보전 받음."
40A10ECA-F07A-20EE-382C-08567A842AB9.pdf,8268,"1. 교과용 도서 관련 법규 체계 및 AI디지털교과서(AIDT) 도입 방안에 대한 감사 교과용 도서 관련 법규 체계의 전면적 재검토 및 개선방안 마련이 필요함. 현행 「초ㆍ중등교육법」과 「교과용도서에 관한 규정」(대통령령)의 체계가 헌법 제31조 제6항의 교과서제도 법률주의 원칙에 부합하는지 검토해야 함. 주요 검토 사항으로는 교과용 도서의 중요사항을 법률에 직접 규정하는 방안, 교과용 도서의 “범위” 관련 규정 정비, “교과용 도서” 명칭의 적절성 및 대안 검토, AIDT 도입 방식의 적절성 검토 등이 있음. 현재 대통령령에 위임된 사항 중 법률로 상향해야 할 내용을 식별하고, 교과용 도서의 정의, 범위, 편찬ㆍ검정ㆍ인정 절차 등 핵심 사항의 법률 규정 필요성을 검토해야 함. AIDT 등 새로운 형태의 교육 자료를 포괄할 수 있는 범위 설정과 「초ㆍ중등교육법」 제29조(교과용 도서의 사용) 개정 필요성도 검토가 필요함. 디지털 시대에 맞는 용어 정비의 필요성을 고려하여 “교육 자료” 등 대안적 명칭을 검토해야 하며, AIDT를 반드시 “교과용 도서”로 도입해야 하는지에 대한 재고와 「초ㆍ중등교육법」 제29조의 적용 범위와 해석 재검토가 요구됨. 국회입법조사처는 “교과용 도서의 중요사항을 법률에 직접 규정하는 방안을 검토할 필요가 있다”고 제안했으며, “교과용 도서” 대신 “교육 자료”로서 AIDT를 도입하는 방안도 검토할 필요가 있다고 지적함. 이러한 법규 체계 개선을 통해 AIDT 등 새로운 교육 자료의 도입과 활용에 대한 명확한 법적 근거를 마련하고, 교육의 질 향상과 학생들의 학습권 보장을 위한 제도적 기반을 강화할 수 있을 것임. 따라서 교과용 도서 관련 법규의 체계성과 명확성을 제고하고, 디지털 시대의 교육 환경 변화에 대응할 수 있는 법적 기반 마련을 위한 감사가 필요함.  2. 교육부의 2025학년도 AI디지털교과서(AIDT) 도입 과정에 대한 감사 교육부가 2025학년도부터 AIDT를 도입하려는 과정에서 다수의 시민사회단체, 교사, 학부모, 학생들이 제기한 우려를 무시하고 강행하려 한 점에 대해 철저한 감사가 필요함. 교육부는 학부모ㆍ교원 10만6448명을 대상으로 한 설문조사에서 86.6%가 AIDT 도입에 반대했음에도 불구하고, 이를 무시하고 도입을 강행하려 했음. 전국교직원노동조합(전교조) 등 126개 교육 시민단체가 참여한 'AI 디지털교과서 중단 공동대책위원회'의 반대 성명을 비롯해 다수의 교육단체들의 우려를 고려하지 않았음. 이는 「교육기본법」 제5조(교육의 자주성 등)를 위반할 소지가 있음. 또한, 국회에서 AIDT를 '교과서'가 아닌 '교육자료'로 규정하는 「초ㆍ중등교육법」 개정안이 통과되었음에도 불구하고, 교육부는 이를 무시하고 재의요구를 추진했음. 교육부의 AIDT 도입 방식에 대해 학부모의 84.9%, 전체 응답자의 87.0%가 부정적으로 답변했음에도 이를 반영하지 않았음. 이는 「초ㆍ중등교육법」 제23조(교육과정 등)를 위반할 소지가 있음. AIDT가 학습 격차 해소, 문해력 향상, 사교육 감소에 효과적이라는 주장이 구체적 데이터와 실증 사례로 뒷받침되지 않았다는 지적이 있었음. 오히려 집중력 저하, 디지털 기기 의존도 증가, 문해력 하락 등의 부작용이 우려된다는 의견이 제기되었음. 이는 교육정책 결정에 있어 충분한 검증과 논의가 부족했음을 시사함. 더불어 AIDT 활용을 위한 태블릿, 와이파이 등 학교 인프라가 충분히 구축되지 않았다는 지적과 AIDT 활용을 위한 교사 연수가 제대로 이루어지지 않았다는 의견이 제기되었음. 이는 교육 현장의 준비가 미흡한 상태에서 정책을 강행하려 했다는 것을 보여줌. 이러한 상황에서 교육부, 특히 이주호 장관이 AIDT 도입을 강행하려 한 것은 교육 정책 결정 과정에서의 투명성, 민주성, 그리고 교육 주체들의 의견 수렴 절차가 제대로 이루어지지 않았음을 보여줌. 따라서 이에 대한 철저한 감사가 필요함.  3. AI디지털교과서(AIDT) 검정 과정의 투명성 및 공정성에 대한 감사 교육부의 AIDT 검정 과정에서 투명성과 공정성에 대한 심각한 의혹이 제기되고 있어 이에 대한 철저한 감사가 필요함. 교육부는 AIDT 검정 과정에 대한 상세한 정보를 공개하지 않고 있음. 검정 기준, 심사위원 구성, 심사 과정 등에 대한 구체적인 정보가 제공되지 않아 검정의 객관성과 공정성을 확인할 수 없는 상황임. 이는 「공공기관의 정보공개에 관한 법률」 제3조(정보공개의 원칙)를 위반할 소지가 있음. AIDT 개발 및 공급에 있어 소수의 대형 출판사들이 독점적 지위를 차지하고 있다는 의혹이 제기되고 있음. 이는 중소 출판사들의 참여 기회를 제한하고, 교육 콘텐츠의 다양성을 저해할 수 있음. 이러한 상황은 「독점규제 및 공정거래에 관한 법률」의 취지에 반할 수 있음. AIDT의 특성을 고려한 적절한 검정 기준이 마련되었는지에 대한 의문이 제기되고 있음. 기존 서책형 교과서와는 다른 AIDT만의 특성을 반영한 검정 기준이 필요함에도 불구하고, 이에 대한 충분한 검토와 공론화 과정이 없었다는 지적이 있음. AIDT 검정 과정에서 교사, 학부모, 교육 전문가 등 다양한 이해관계자들의 의견을 충분히 수렴하지 않았다는 비판이 있음. 이는 「행정절차법」 제52조(국민참여 활성화)의 취지에 부합하지 않을 수 있음. AIDT 검정 결과에 대한 구체적인 평가 내용과 근거가 공개되지 않아, 검정 결과의 신뢰성을 확인할 수 없음. 이는 교육의 질과 직결되는 중요한 문제로, 「교육기본법」 제17조(국가 및 지방자치단체)의 교육의 질 향상 의무와 관련이 있음. 따라서 AIDT 검정 과정 전반에 대한 철저한 감사를 통해 검정의 투명성과 공정성을 확보하고, 특정 출판사의 독점 여부를 조사하며, 검정 기준의 적절성을 재검토해야 함. 또한 이해관계자들의 의견을 충분히 수렴하고 검정 결과의 신뢰성을 제고할 수 있는 방안을 마련해야 함. 이를 통해 AIDT의 질적 향상과 교육의 공공성 확보를 위한 제도적 개선 방안을 도출할 수 있을 것으로 기대됨.",「국회법」제127조의2에 따라 감사원에 대하여 다음 사항에 대한 감사를 요구한다. 1. 교과용 도서 관련 법규 체계 및 AI디지털교과서(AIDT) 도입 방안에 대한 감사 2. 교육부의 2025학년도 AI디지털교과서(AIDT) 도입 과정에 대한 감사 3. AI디지털교과서(AIDT) 검정 과정의 투명성 및 공정성에 대한 감사
4208A4E9-CAEA-14E3-8BAF-F92719B2D0C2.pdf,6211,"검사(이창수) 탄핵소추안은 윤석열 대통령 배우자 김건희의 도이치 모터스 주가조작 사건 등의 진상규명을 방해하고 면죄부를 주기 위해 헌법과 법률을 중대하게 위반한 피소추자 검사 이창수를 파면하여 헌법을 수호하고 손상된 형사사법의 정의를 바로 세워 헌법질서를 다시 회복하기 위해 발의되었음. 피소추자는 검찰 독립성을 빙자하여 검찰 권을 남용함으로써 인사권자에 사적 보은을 행사하였고, 상상할 수 없는 특혜 제공과 마땅히 진행해야 할 압수수색을 진행하지 않고 불기소처분하는 등 국민의 법치주의에 대한 신뢰를 근본적으로 무너뜨렸음. 수사와 공소제기 업무를 담당하는 고위 공무원으로서 이러한 행위는 헌법 질서에 중대한 부정적 영향을 미치며, 그 해악이 크므로 피소추자 검사 이창수를 파면함으로써 헌법질서를 수호하고 국민적 신뢰를 회복할 필요가 있음.",2024년 12월 5일 제418회국회(정기회) 제16차 본회의 의사일정에 「검사(이창수) 탄핵소추안」을 제3항으로 추가 상정하여 심의ㆍ처리할 것을 동의함.
4CF804AF-E671-B251-005D-2D911DA01390.pdf,6197,2024년 12월 3일 윤석열대통령이 비상계엄을 선포한 행위는 명백한 위헌이므로 입법부인 국회가 이를 바로잡고자 비상계엄의 해제를 요구함.,"헌법 제77조 제5항, 「계엄법」 제11조에 따라 비상계엄의 해제를 요구한다."
4FEC2E96-093B-FDD5-B264-BED5C1C1C192.pdf,7678,"1953년 10월 1일, 대한민국과 미국은 평화와 안보를 유지하기 위해 한미 상호방위조약을 체결하였음. 피로 맺어진 한미동맹은 지난 70여 년 동안 자유민주주의, 시장경제, 인권, 법치 등 공동의 가치를 기반으로 한반도와 동북아, 인도태평양 지역, 나아가 국제사회의 평화와 번영을 위한 핵심축으로 발전해 왔음. 최근 도널드 트럼프 미합중국 제47대 대통령이 취임하면서 한미 양국의 전략적 협력 관계를 한층 더 공고히 하고, 경제안보, 첨단기술, 에너지, 국방 등 다양한 분야에서 호혜적 협력을 강화할 필요가 있음. 이에 대한민국 국회는 굳건한 한미동맹의 지속적인 발전이 양국의 공동 이익은 물론 한반도와 국제사회의 평화와 번영에 기여한다는 분명한 인식하에, 본 결의안을 통해 한미동맹의 중요성을 재확인하고 양국 간 협력 강화를 적극 지지하고자 함.","현재 한반도는 급변하는 국제정세 속에 중대한 기로에 놓여있다. 북한의 핵ㆍ미사일 능력 고도화와 북한과 러시아 간 군사협력 강화 등은 한반도 안보 환경을 심각하게 위협하고 있다. 안보는 곧 경제이며, 경제는 민생과 직결되는 바, 불안한 안보 상황이 국민 삶에 불안을 초래하는 점에서 이에 대한 국회와 정부의 신속하고 단합된 대응이 요구된다. 1950년 6월 25일 북한의 불법 남침에 맞서기 위해 흘린 피와 희생으로 맺어진 한미동맹은 지난 70여 년 동안 자유민주주의와 시장경제, 인권과 법치 등 공동의 가치를 기반으로 대한민국의 민주화와 경제성장의 큰 힘이 되었다. 또한 한반도와 동북아, 인도태평양 지역, 나아가 세계 평화와 안정을 유지하는 핵심축의 하나로 발전해 왔으며, 안보 동맹에서 글로벌 포괄적 전략동맹으로 발전하였다. 이에 대한민국 국회는 한미 양국이 연합방위태세를 강화하여 한반도 평화를 공고히 하고, 핵 없는 한반도를 위해 노력하며, 사이버와 우주와 같은 신흥 안보 분야에서 협력을 확대하고자 다음과 같이 결의한다. 1. 대한민국 국회는 한미동맹이 한반도 평화를 유지하는 기반이자 동북아, 인도태평양 지역 및 세계평화ㆍ번영의 핵심축임을 다시 한번 확인한다. 2. 대한민국 국회는 한미동맹을 강화하고, 한반도 평화를 위한 협력을 적극 지지할 것을 결의한다. 3. 대한민국 국회는 동맹국인 미합중국 도널드 트럼프 제47대 대통령의 취임과 신행정부의 출범을 환영하며, 한미 간 통상, 투자, 경제안보, 에너지, 인공지능, 우주, 원자력, 조선 등 모든 분야에서의 굳건한 한미동맹 관계 발전을 위한 노력과 정책을 지지한다. 4. 대한민국 국회는 한미 양국이 굳건한 한미동맹을 기반으로 한반도, 동북아, 인도태평양 지역, 나아가 국제사회의 평화와 안정을 위해 함께 노력해 나갈 것을 기대한다. 특히, 국제사회의 목표인 북한의 비핵화를 위한 한미 양국의 노력을 지지하고 이를 적극 뒷받침할 것을 약속한다. 5. 대한민국 국회는 한미 양국 번영의 교량 역할을 해 온 260만 재미 한인 동포 사회의 기여를 높게 평가한다."
5037E4F9-7BD3-5FA3-C3E3-3D173469A073.pdf,6213,"검사(최재훈) 탄핵소추안은 윤석열 대통령 배우자 김건희의 도이치 모터스 주가조작 사건 등의 진상규명을 방해하고 면죄부를 주기위해 헌법과 법률을 중대하게 위반한 피소추자 검사 최재훈을 파면하여 헌법을 수호하고 손상된 형사사법의 정의를 바로 세워 헌법질서를 다시 회복하기 위해 발의되었음. 피소추자는 검찰 독립성을 빙자하여 검찰 권을 남용함으로써 인사권자에 사적 보은을 행사하였고, 상상할 수 없는 특혜 제공과 마땅히 진행해야 할 압수수색을 진행하지 않고 불기소처분하는 등 국민의 법치주의에 대한 신뢰를 근본적으로 무너뜨리고 법 앞의 평등원칙을 저버렸음. 수사와 공소제기 업무를 담당하는 고위 공무원으로서 이러한 행위는 헌법 질서에 중대한 부정적 영향을 미치며, 그 해악이 크므로 피소추자 검사 최재훈을 파면함으로써 헌법질서를 수호하고 국민적 신뢰를 회복할 필요가 있음.",2024년 12월 5일 제418회국회(정기회) 제16차 본회의 의사일정에 「검사(최재훈) 탄핵소추안」을 제5항으로 추가 상정하여 심의ㆍ처리할 것을 동의함.
55A10E93-93C3-6E8B-BD94-44C15C802D09.pdf,4612,"국제연합 회원국으로서 국제연합의 국제평화유지 노력에 적극 동참하고, 레바논의 안정화와 중동지역의 평화 달성에 기여하기 위하여「국제연합 레바논 평화유지군(UNIFIL)」에 파견되어 활동 중인 국군부대의 파견 기간을 연장하려는 것임.","가. 2007.7.19.부터 파견되어 2024.12.31.까지 연장된 국군부대의 파견기간을 2025.1.1.부터 2025.12.31.까지 1년간 연장함. 나. 국군부대의 임무는 작전지역에 대한 감시정찰, 레바논군 협조 및 지원, 인도주의적 활동 등임. 다. 국군부대에 대한 지휘권 및 법적 지위에 관하여는 국제연합 평화유지 활동에 적용되는 원칙에 따르도록 함. 라. 국군부대 파견에 따른 소요경비(所要經費)는 우리 정부 예산에서 먼저 지출하고 추후 국제연합으로부터 일부 보전 받음."
55D9C921-2489-878E-B645-9AD51187FC2B.pdf,7635,"1. 의대 정원 증원 결정 과정에 대한 감사 정부의 의대 정원 증원 결정 과정에서 충분한 사회적 합의와 전문가 의견 수렴이 이루어졌는지, 그리고 이 결정이 객관적인 데이터와 장기적인 보건의료 정책 방향에 기반하여 이루어졌는지에 대한 의문이 제기되고 있음. 특히 장상윤 대통령실 사회수석비서관은 의대 5년제 도입 검토와 관련하여 ""교육부장관이 발표한 내용을 보면 의대교육 과정을 6년에서 5년으로 단축한다는 말은 애초에 있지 않다""고 주장하였으나, 실제 교육부 발표 자료에는 해당 내용이 포함되어 있어 거짓해명 논란이 제기되었음. 또한 장 수석은 2026년 의대 정원 증원도 이미 확정되었다고 밝혀 의료계의 강한 반발을 샀음. 이러한 발언들의 진실성과 정책 결정 과정의 투명성에 대한 조사가 필요함. 2. 의대 정원 배정 과정에 대한 감사 증원된 의대 정원의 지역별, 대학별 배정 과정에서 공정성과 형평성이 보장되었는지, 그리고 이 과정에서 특정 지역이나 대학에 대한 편향이 없었는지 확인할 필요가 있음. 특히 배정심사위원회의 운영과 관련하여 심각한 투명성 문제가 제기되었음. 교육부는 처음에 회의록이 없다고 주장했다가 이후 회의 자료를 제출하면서 회의록 파기 의혹이 제기되었고, 위원회 구성원 명단을 공개하지 않아 의사 결정 과정의 객관성을 검증할 수 없는 상황임. 또한 배정심사위원회가 5일 만에 3차례 회의로 결정을 내린 점, 현장 실사 없이 결정이 이루어진 점 등은 심도 있는 논의가 부족했다는 의혹을 불러일으킴. 더불어 특정 지역의 의대 정원이 대폭 증가한 것에 대한 의문과 함께, 특정 지자체 간부가 배정심사위원회에 참석했다는 의혹이 제기되어 공정성 문제가 제기됨. 지역별, 대학별 배정 기준의 불명확성과 의료 수요와 공급 현황을 제대로 반영하지 않았다는 비판도 있음. 이러한 과정에서 「공공기록물 관리에 관한 법률」 위반 가능성과 국회에 대한 위증 가능성 등 법적 문제도 제기되고 있음. 따라서 「고등교육법」 제32조(학생의 정원)와 「교육기본법」 제4조(교육의 기회균등 등)의 준수 여부를 포함하여, 의대 정원 배정 과정 전반에 대한 감사가 필요함. 3. 의대생 휴학 처리 금지 방침 및 서울대 의대 감사에 대한 감사 교육부의 의대생 휴학 처리 금지 방침과 서울대 의대에 대한 감사가 학생들의 학습권과 대학의 자율성을 침해했는지, 그리고 이러한 조치들이 법적, 제도적으로 정당한지에 대한 철저한 검토가 필요함. 교육부는 의대생들의 '동맹휴학'은 휴학 사유가 될 수 없다고 강조하며 휴학 승인을 저지했으나, 이러한 방침이 「고등교육법」 제21조(교육과정의 운영)와 「교육기본법」 제12조(학습자)를 위반하여 학생들의 학습권을 침해하지 않았는지 검토가 필요함. 서울대 의대가 약 780명의 의대생 휴학을 일괄 승인한 후, 교육부는 12명의 감사인단을 투입해 고강도 감사를 실시함. 이는 「고등교육법」 제6조(학교규칙)와 「행정조사기본법」제4조(행정조사의 기본원칙)를 위반하여 대학의 자율성을 침해했을 가능성이 있음. 특히 교육부가 당초 11일까지였던 서울대 감사 기간을 21일까지로 연장한 것이 정당한 사유에 의한 것인지, 아니면 부당한 압력 행사의 일환인지 확인이 필요함. 이주호 교육부장관이 국민의힘 연찬회에서 의정갈등과 관련해 '6개월만 버티면 이긴다'는 취지로 발언한 것으로 알려져 논란을 일으켰음. 이러한 발언이 의료계와의 갈등을 심화시키고 정부 정책에 대한 신뢰를 저하시켰는지 검토가 필요함. 또한 이주호 장관은 의대생들과의 소통 실패에 대해 ""국민께 송구스럽게 생각한다""고 언급했으나, 교육부의 의료정책 추진 과정에서의 소통 방식이 적절했는지, 그리고 이로 인해 불필요한 갈등이 야기되지 않았는지 검토가 필요함. 서울대 의대는 교육부 가이드라인에 따른 학사운영 방침을 적용하더라도 휴학을 승인할 수밖에 없다는 입장을 교육부에 지속해서 밝혀왔음에도 불구하고, 교육부가 강도 높은 감사를 실시한 것이 대학의 자율성을 침해하고 부당한 압력으로 작용하지 않았는지 확인이 필요함. 이러한 사항들에 대한 감사를 통해 「공공기관의 정보공개에 관한 법률」 제3조(정보공개의 원칙)와 「국가공무원법」 제56조(성실 의무)의 준수 여부를 확인하고, 향후 유사한 상황에서의 정책 결정 및 집행 과정 개선을 위한 제도적 방안을 마련할 수 있을 것으로 기대함. 4. 한국의학교육평가원 독립성 침해 및 의대 정원 증원에 따른 교육여건 준비에 대한 감사 정부가 한국의학교육평가원(의평원)의 독립성을 침해하려 시도했다는 의혹과 의대 정원 증원에 따른 교육여건 준비 상황에 대한 철저한 조사가 필요함. 의평원은 의학교육의 질 관리를 위한 독립 기관으로, 그 자율성과 전문성이 보장되어야 함. 그러나 정부가 의대 정원 증원을 추진하면서 교육여건 악화가 예상됨에도 불구하고, 이를 객관적으로 평가할 수 있는 의평원을 무력화하려 한다는 의혹이 제기되고 있음. 교육부는 의평원에 대해 이사회 구성의 다양화를 요구하고, '고등교육기관의 평가ㆍ인증 등에 관한 규정' 개정을 통해 의평원의 평가 권한을 제한하려 했음. 이는 의평원의 독립성과 전문성을 훼손할 수 있는 시도로 보임. 또한 의대 정원 증원에 따른 교육 인프라 구축, 임상실습 환경 개선, 교수 인력 확보 등 교육여건 준비가 미흡한 상황에서, 정부가 의평원을 통제하려는 시도는 의학교육의 질적 저하를 초래할 수 있음. 정부는 2025년부터 2030년까지 의대 교육 여건 개선에 5조원을 투자하겠다고 발표했으나, 실제 2025년 예산은 4,877억원에 불과함. 이는 의대들이 요구한 6조 5,000억원에 크게 미치지 못하는 금액임. 특히 사립의대에 대한 지원은 저금리 융자에 그치고 있어, 교육여건 개선에 실질적인 도움이 될지 의문임. 따라서 정부의 의평원 독립성 침해 시도에 대한 사실 관계를 확인하고, 그 경위와 책임 소재를 밝혀야 함. 동시에 의대 정원 증원에 따른 교육여건 준비 상황과 예산 확보 현황, 계획의 적절성을 철저히 검토하여 의학교육의 질적 저하를 방지하기 위한 대책이 충분한지 확인해야 함. 이를 통해 「고등교육법」 제11조의2(평가 등)와 「행정절차법」 제4조(신의성실과 신뢰 보호)의 준수 여부를 확인하고, 향후 의학교육의 질 보장을 위한 제도적 방안을 마련할 필요가 있음. 5. 전공의ㆍ의대생 미복귀에 따른 정부 대책에 대한 감사 전공의와 의대생들의 장기 미복귀 상황에 대한 정부의 대응 방안과 그 실효성을 검토해야 함. 특히 의료 공백을 최소화하고 의료 서비스의 질을 유지하기 위한 단기 및 장기 대책의 적절성과 실행 가능성을 평가할 필요가 있음. 이주호 교육부장관은 의대생들의 2025학년도 복귀를 마지노선으로 제시하며, 미복귀 시 유급 또는 제적될 수 있다고 경고했음. 또한 대학에 2개 학기 초과 연속 휴학을 제한하는 규정을 마련하라고 요청하는 등 강압적인 태도를 보임. 이는 「고등교육법」 제21조(교육과정의 운영)와 「교육기본법」 제12조(학습자)를 위반하여 학생들의 학습권을 침해할 소지가 있음. 장상윤 대통령실 사회수석은 의대생들의 휴학에 대해 개인적인 이유에 기인한 것이 아니므로 인정할 수 없다는 입장을 밝힘. ""고등교육법령상 휴학은 교육과정에 등록한 학생이 입대나 질병, 어학 연수나 가족의 이사 이런 개인적이고 예측 불가능한 사유가 생겼을 때 신청하고 학교에서 승인해주는 것""이라며 현행 의대생들의 '동맹' 휴학은 법령상 맞지 않는다고 지적함. 이는 「국가공무원 법」 제56조(성실 의무)를 위반할 소지가 있음. 정부의 이러한 대응은 의대생들의 복귀를 오히려 어렵게 만들고 있으며, 장기적으로 의료 인력 수급에 심각한 문제를 초래할 수 있음. 특히 2025학년도에 7500명의 의대 신입생이 한꺼번에 입학하게 될 경우, 의학교육의 질 저하가 우려되는 상황임. 이에 대해 이주호 장관은 ""교육부가 질 만큼은 확실히 보장하겠다""고 자신감을 보였으나, 구체적인 계획이나 실행 방안은 제시하지 못하고 있음. 따라서 정부의 의대생 미복귀 대책이 실효성 있고 적절한지, 그리고 이를 추진하는 과정에서 관련 법령을 준수하고 있는지에 대한 철저한 감사가 필요함. 또한 정부 고위 관료들의 발언이 의료계와의 갈등을 심화시키고 있는지, 그리고 이로 인해 의대생들의 복귀가 더욱 어려워지고 있는지에 대한 검토도 이루어져야 함. 이를 통해 의료 인력 양성과 의료 서비스 질 유지를 위한 장기적이고 실질적인 대책 마련이 시급함.",주 문 「국회법」 제127조의2에 따라 감사원에 대하여 다음 사항에 대한 감사를 요구한다. 1. 의대 정원 증원 결정 과정에 대한 감사 2. 의대 정원 배정 과정에 대한 감사 3. 의대생 휴학 처리 금지 방침 및 서울대 의대 감사에 대한 감사 4. 한국의학교육평가원 독립성 침해 및 의대 정원 증원에 따른 교육여건 준비에 대한 감사 5. 전공의ㆍ의대생 미복귀에 따른 정부 대책에 대한 감사
5B64C25B-AE69-8CAC-84FB-7C8FB3176A46.pdf,3230,이 협정의 체결을 통하여 우리나라와 세르비아공화국 정부 간 투자의 상호 증진 및 보호를 위한 제도적 기반을 마련함으로써 양국 간 경제협력 관계를 강화하려는 것임.,"가. 각 체약당사자는 다른 쪽 체약당사자의 투자자가 자국의 영역에서 투자를 하는 데 유리한 여건을 장려하고 조성하도록 함(안 제2조). 나. 각 체약당사자는 자국의 영역에서 다른 쪽 체약당사자의 투자자에게 그 투자의 관리 등과 관련하여 유사한 상황에서 자국의 투자자나 제3국의 투자자에게 부여하는 대우보다 불리하지 않은 대우 중 더 유리한 대우를 부여하도록 함(안 제3조). 다. 각 체약당사자가 공공 목적을 위하여, 비차별적 방식으로, 신속하고 적절하며 효과적인 보상을 지불하고, 적법절차에 따르는 등의 요건을 갖추는 경우에만 다른 쪽 체약당사자의 투자자의 투자를 직접 또는 간접적으로 수용 또는 국유화할 수 있도록 함(안 제5조). 라. 각 체약당사자는 다른 쪽 체약당사자의 투자자가 투자와 관련된 모든 지급금을 자국 영역 내외로 자유롭게 송금할 수 있도록 보장함(안 제6조). 마. 이 협정의 해석 또는 적용에 관한 체약당사자 간의 분쟁은 가능하면 협의와 교섭을 통하여 해결하되, 해결을 위한 서면 요청의 접수일부터 180일 내에 분쟁이 해결될 수 없는 경우 어느 한쪽 체약당사자의 요청으로 임시 중재판정부에 회부되도록 함(안 제12조). 바. 한쪽 체약당사자와 다른 쪽 체약당사자의 투자자 간 분쟁은 가능하면 협의나 교섭을 통하여 해결하되, 분쟁이 서면으로 제기된 날부터 180일 내에 해결되지 못한 경우, 투자자가 분쟁을 투자유치국인 체약당사자의 국내 구제절차 또는 각종 국제 중재절차에 회부할 수 있도록 함(안 제13조)."
61DD33F5-F515-BAE5-DFA3-6F9922B14C02.pdf,6378,법률안 처리 등 필요한 안건을 심사․처리하기 위한 것임.,제419회국회(임시회)의 회기를 2024년 12월 11일부터 2024년 12월 17일까지 7일간으로 한다.
63A6D8B1-C534-82AB-C0A3-EF6672636891.pdf,6490,"전체 학생 수는 감소하고 있지만, 특수교육대상 학생 수는 2019년 92,958명에서 2024년 115,610명으로 24.3% 증가했다. 그러나 성적 위주의 교육 방식은 학생들의 다양한 요구를 반영하지 못해, 많은 특수교육대상 학생들이 일반 학급에서 소외되거나 적절한 지원을 받지 못하는 상황에 처하고 있다. 경쟁 사회가 심화 될수록 성장기 교육의 역할이 중요하다. 학교는 올바른 가치관과 균형 잡힌 대인관계를 배울 수 있는 교육의 장이어야 한다. 통합교육은 장애 학생과 비장애 학생이 함께 성장하며, 서로의 차이를 존중하고 협력하는 능력을 배양할 수 있는 소중한 기회를 제공할 것이다. 통합교육은 미래지향적인 인재 양성에 기여할 것이다. 통합교육은 모든 학생이 차별 없이 교육받을 수 있는 환경을 조성하고 이는 학생의 잠재력을 극대화하는 데 기여한다. 통합된 교육환경은 장애 학생에게는 더 나은 학습 기회를 제공하고, 비장애 학생에게는 다양성을 이해하고 수용하는 능력을 기를 수 있게 한다. 이러한 상호작용은 학생이 사회적 기술을 습득하고, 미래 사회에서 더 나은 협력자가 될 수 있도록 도울 뿐만 아니라, 보다 포용적인 사회를 경험할 수 있게 한다. 이는 전체적인 사회 통합을 위한 기반이 될 것이다. 차별과 배제는 우리 사회가 해결해야 할 주요 과제이다. 통합교육은 그 해결의 시작이 될 것이다. 특수교육대상 학생이 일반 학급에서 적절한 지원을 받는다면, 이들은 학습의 기회를 얻을 뿐만 아니라 사회적 관계 형성에서도 큰 성과를 거둘 수 있다. 장애 학생과 비장애 학생이 함께 학습하며 상호작용하는 것은 서로에 대한 이해를 깊게 하고, 사회적 기술 습득에도 도움을 줄 것이다. 통합교육은 점진적인 교육환경 개선도 가능하게 한다. 장애 학생이 학교에서 안전하고 독립적으로 생활할 수 있게 시설을 개선하면, 이들의 학습 동기와 성취도는 더욱 향상될 것이다. 휠체어를 사용하는 학생을 위한 경사로나 엘리베이터, 장애 학생을 위한 화장실 등 기본적인 시설이 확충되면, 장애 학생뿐만 아니라 교육 구성원 모두를 위한 생활과 학습 환경이 크게 개선될 것이다. 이는 교육의 질을 높이는 중요한 발판이 될 것이다. UN 장애인권리위원회도 통합교육의 중요성을 강조하며, 장애 아동이 분리된 교육을 받는 것이 아니라, 모두가 함께 교육받을 수 있는 환경이 필요하다고 지적했다. 한편, UN 장애인권리위원회는 우리나라에 “(a) 당사국은 의료적 손상을 기반으로 한 접근으로 특수교육을 유지하고 있고, 특수학교의 수를 지속적으로 늘리고 있어 분리된 특수교육을 받고 있는 자폐성 장애아동, 심리사회적 장애아동 또는 중복 장애아동을 포함한 장애아동의 수가 많음”, “(b) 점자, 수어 및 접근 가능한 교수법으로 훈련된 교사와 지원인력의 수가 부족하고 통합교육을 촉진하는 데 필요한 기술 및 역량에 대한 교사 훈련 수준이 불충분함”, “(c) 유치원이 아닌 어린이집에 다니는 장애아동은 교육부 지원을 받지 못함”. 등을 지적했다. 통합교육은 단순히 장애 학생과 비장애 학생의 통합을 넘어 교사, 학부모, 학생 모두가 함께 성장하고 협력할 수 있는 환경을 조성하는 데 기여한다. 통합교육을 통해 교육 구성원들은 서로에 대한 이해를 넓히고, 갈등을 줄이며 협력하는 방안을 찾아갈 수 있다. 이는 궁극적으로 학교와 지역사회 전체에 긍정적인 영향을 미칠 것이며, 사회 통합을 촉진하는 중요한 계기가 될 것이다. 따라서 통합교육의 긍정적인 효과를 극대화하기 위해 모든 학생이 차별 없이 함께 성장할 수 있는 교육환경을 조성하고, 이를 통해 더 나은 사회를 만드는 데 기여할 <모두를 위한 통합교육>을 결의한다.","현재 대한민국의 교육은 입시 중심의 환경으로 인해 심각한 구조적 문제에 직면해 있다. 성적만을 목표로 하는 줄세우기식 교육은 학생들이 다양하게 학습 받을 권리를 침해하고, 학교가 학생 개개인의 특성에 맞는 맞춤형 교육을 제공할 기회를 상실케 한다. 저출생으로 학령인구는 감소하는 한편, 특수교육이 필요한 학생은 꾸준히 증가하는 추세이다. 하지만 경쟁 위주의 입시 교육으로 인해 특수교육대상 학생들의 학습 받을 권리는 오히려 침해받는 실정이다. 대한민국의 특수교육은 선진국에 비해 상당히 뒤떨어져 있는 현실이다. 주로 물리적 환경에 대한 논의에만 집중하고 있으며, 질적 향상을 위한 정책 변화는 거의 이루어지지 않고 있다. 통합교육 환경이 제대로 구축되지 않아 많은 특수교육대상 학생들이 일반 학급에서 소외되고 있다. 이로 인해 학생들은 통합교육의 기회를 잃고 있으며, 특수교사들은 과중한 업무와 극한의 교육환경에서 큰 어려움을 겪고 있다. 충분한 지원 없이 학생 개개인의 요구에 대응해야 하는 상황은 교육의 질적 저하로도 이어지고 있다. 이에 모든 학교 구성원이 차별 없이 교육에 참여할 수 있는 통합교육 환경을 조성하고, 교사와 학생이 함께 안정적으로 교육과 학습에 전념할 수 있는 여건을 마련하기 위해 <모두를 위한 통합교육>에 공감하며 다음과 같이 결의한다. 1. 장애 학생과 비장애 학생이 차별 없이 함께 교육받으며, 존중과 협력을 배울 수 있는 통합 교육환경을 조성한다. 2. 장애 유무에 관계없이 모든 학생이 동등한 교육 기회를 누리고, 각자의 잠재력을 최대한 발휘할 수 있는 맞춤형 수업을 지원한다. 3. 모든 학생의 자질과 특성을 존중하며, 다름과 차이를 편견 없이 수용하고, 상호 배려할 수 있는 통합형 교육을 지향한다. 4. 교사가 학생들의 다양한 요구에 맞춘 교육을 제공할 수 있도록 안정적인 교육 기반과 필요한 자원을 확충한다. 5. 장애인과 비장애인의 경계를 허물고, 장애인 학생이 지역사회 활동에 적극적으로 참여할 수 있도록 학교와 지역 간 유기적인 협력 체계를 구축한다. 6. 통합교육 실현을 위한 법적 근거 마련, 정책 개선, 예산 지원, 비장애인 인식 개선 등 총체적인 노력에 동참한다. 7. 정부는 생애주기별 통합교육의 종합계획을 수립하고, 단계적 실행방안과 세부 지원방안을 마련할 것을 촉구한다."
63CA201F-3F64-510C-B5F1-9B4861ABE5EF.pdf,5260,이 협정의 체결을 통하여 우리나라가 2026년부터 2030년까지 주한 미군의 주둔에 관련되는 경비의 일부를 부담함으로써 우리나라와 미합중국 간의 동맹 강화에 기여하려는 것임.,"가. 우리나라는 주한미군의 주둔에 관련되는 경비의 일부를 부담하고 그 지원분은 인건비 분담, 군수비용 분담 및 우리나라가 지원하는 건설 항목으로 구성됨(안 제1조). 나. 우리나라의 지원분은 2026년 1조5,192억원이며, 2027년부터 2030년까지는 전년도 지원분에 전전년도 우리나라 물가상승률(소비자물가지수)을 적용하여 증가되고, 모든 해당 연도에 적용되는 물가상승률은 5퍼센트를 초과하지 않음(안 제2조). 다. 인건비 분담은 현금 지원으로 이루어지고, 군수비용 분담은 현물 지원으로 이루어지며, 우리나라가 지원하는 건설은 현금 지원 및 현물 지원으로 이루어지되, 이 중 현금 지원분은 사업설계와 시공 감리에 사용됨(안 제3조). 라. 우리나라는 미합중국이 서면으로 요청하는 경우 이 협정 종료 후 최대 1년 동안 이 협정 유효기간의 마지막 연도 인건비 분담 배정 금액을 한도로 인건비 분담 지원분을 지급할 수 있음(안 제5조). 마. 당사자는 현행 특별조치협정 제도의 개선을 목표로 대한민국 국방부와 주한미군사령부의 국장급 인사를 공동의장으로 하는 합동실무단을 계속하여 운영함(안 제6조). 바. 이 협정은 당사자의 상호 서면 합의에 의해 연장되지 않는 한, 2030년 12월 31일까지 유효함(안 제7조)."
643018A8-DD6E-EB45-15BB-5A83C090257D.pdf,2025,,
6D3B9767-F257-F485-ED4E-9E9DA5228C6E.pdf,10289,"최근 전기자동차 보급의 확대와 함께 충전시설도 증가하면서 전기자동차 충전시설에서 발생할 수 있는 화재와 폭발사고에 대한 우려가 커지고 있는바, 충전시설의 설치단계부터 체계적으로 관리할 필요가 있음. 한편, 현행법은 전기자동차 충전시설의 사업자 등에게 보험을 가입해야 할 의무를 부여하지 않고 있는바, 최근 전기자동차 충전시설에서 종종 발생하는 화재와 폭발사고에 대해 피해자가 보상을 받을 수 있도록 보험 가입을 의무화해야 한다는 의견이 제기되고 있음. 또한, 전기안전관리업무의 위탁·대행과 관련하여 전기안전관리용역 계약 시 표준계약서 활용 의무 근거 규정이 없어 공정한 계약을 통한 건전한 시장 조성이 어렵다는 지적이 있음.","가. 전기자동차충전사업자 등을 대상으로 전기자동차 충전시설 설치에 대한 신고 및 변경신고 의무를 부과함(안 제21조의2제1항부터 제3항 신설). 나. 전기자동차충전사업자 등을 대상으로 전기자동차 충전시설에서 발생하는 화재·폭발 등 사고로 인한 손해를 배상할 수 있는 보험 가입 의무를 부과함(안 제21조의2제4항부터 제6항). 다. 전기자동차 충전시설 설치 신고의무 불이행과 손해배상보험 가입 의무 불이행에 대하여 각각 100만원 이하의 과태료, 300만원 이하의 과태료를 부과함(안 제52조제1항제2호의2 및 제2항제3호의2 신설). 라. 자가용전기설비의 소유자 또는 점유자가 전기안전관리업무를 위탁 또는 대행할 때 산업통상자원부장관이나 전력기술인단체가 작성한 표준계약서를 보급 또는 활용하도록 규정함(안 제22조제9항 신설). 마. 기존에 전기자동차충전시설을 운영하던 자에 대하여 전기자동차충전시설 신고 의무 및 보험 가입 의무 이행을 위한 유예기간을 부여하도록 경과조치를 규정함(안 부칙 제2조 및 제3조)."
6F938978-75BC-50E4-8DE9-1445E453DD8D.pdf,10078,"2025년 3월 경상북도, 경상남도 및 울산 등 영남권 일대에 광범위하게 발생한 대형산불로 지역주민의 생명과 안전을 위협받고 삶과 생업의 터전이 파괴되었을 뿐만 아니라 산림자원의 소실과 산업기반, 중소기업 및 소상공인 경영악화 등으로 지역사회 전반에 걸쳐 큰 경제적·사회적 피해가 발생하였음. 이러한 대형산불은 최근 기후위기 심화에 따른 이상고온, 강풍 및 가뭄 등의 요인으로 확산속도가 매우 빠르고 예측이 어려워, 복합적이고 광범위한 피해를 초래하는 새로운 유형의 재난으로 진화하고 있어 그 위험으로부터 국민의 안전을 확보하고 재난·안전 관리를 강화할 필요성이 중요하게 제기되고 있음. 이에 국회가 정부와 함께 최근 영남권에서 발생한 대형산불 피해에 대한 지원·복구 경과를 점검하고, 실효성 있는 피해 구제·지원방안과 대형산불 방지 및 대형산불 등으로 인한 재난·안전 관리 등을 위한 종합대책을 마련하며, 대형산불 피해지원 등을 위한 특별법안 등 대형산불 방지, 재난·안전관리 및 피해지원 관련 법률안을 심사·처리하기 위하여 「국회법」 제44조에 따라 국회 내에 「산불피해지원대책 특별위원회」를 구성하려는 것임.","가. 영남권에서 발생한 대형산불로 인한 피해에 대한 지원ㆍ복구 경과를 점검하고, 실효성 있는 피해 구제ㆍ지원과 대형산불 방지 및 대형산불로 인한 재난ㆍ안전 관리 등을 위한 종합적인 대책을 마련하며, 대형산불 피해지원 등을 위한 특별법안 등 대형산불 방지, 재난ㆍ안전관리 및 피해지원 관련 법률안을 심사ㆍ처리하기 위하여 「국회법」 제44조에 따라 국회 내에 「산불피해지원대책 특별위원회」(이하 “특별위원회”라 한다)를 구성한다. 나. 위원 수는 13인(더불어민주당 6인, 국민의힘 6인, 비교섭단체 1인)으로 한다. 다. 특별위원회에 법률안 심사권을 부여하되, 안건은 여ㆍ야 합의로 처리한다. 라. 특별위원회의 활동기한은 2025년 10월 31일까지로 한다."
77A2B6EA-0C5D-C967-F451-D89C5718F12A.pdf,7330,,윤석열 대통령 위헌적 비상계엄 선포 내란혐의 및 제주항공 여객기 참사 진상규명 관련 긴급현안질문
7B848151-7C9D-57EC-41AD-E74A64179321.pdf,5994,"2023년 10월 7일 이후 이스라엘의 가자지구에 대한 무차별적인 폭격이 1년 가까이 이어졌습니다. 이 과정에서 유례없는 민간인 피해가 발생했으며, 재앙 수준의 인도적 위기가 발생합니다. 이에 유엔의 여러 기구들은 ‘즉각 휴전’을 요구하고, 국제사법재판소(ICJ)는 지난 1월 이스라엘에 ‘집단학살 방지’와 ‘팔레스타인 주민의 인도주의적 상황을 개선하기 위한 조치도 요구하였습니다. 5월에도 ‘라파 공격 중단’을 명령하기도 했습니다. 이스라엘은 서안지구와 레바논까지 공습을 확대하며 중동 전역으로의 확전 가능성이 제기되는 등 긴장이 고조되고 있습니다. 이에 더 이상의 민간인 희생이 발생하지 않도록 즉각적이고 영구적인 휴전에 나설 것을 촉구합니다.","2023년 10월 7일 하마스의 급습으로 격화된 이스라엘과 하마스 간의 전쟁이 1년 넘게 이어지고 있다. 이스라엘의 공습으로 팔레스타인 가자지구에서 4만 4천 명 이상이 사망하고, 부상자도 10만명을 넘어섰다. 잔해에 묻혀 찾지 못한 실종자도 1만 명 이상인 것으로 알려지고 있다. 10월 7일 공격으로 이스라엘에서 약 1,200명이 사망했으며, 현재 약 100명이 가자지구에 인질로 억류돼있다. 지난 1년 동안의 이스라엘 공습은 가자지구의 대부분을 파괴했다. 상업 시설 80%, 학교 건물 85%가 파괴되고, 36개 병원 중 17개 병원만이 부분적으로 운영되고 있다. 또한, 이스라엘의 가자지구 봉쇄와 구호품 반입 통제로 가자지구는 심각한 인도적 위기에 처해있으며, 가자지구 인구의 약 91%가 위기 수준의 식량 불안에 시달리고 있다. 이러한 상황에서 이스라엘과 헤즈볼라 간 충돌에 따라 현재까지 레바논 전역에서 사망자 3,800명 이상, 부상자 15,000명 이상이 발생하였다. 2024년 11월 26일에 레바논에서의 일시적 휴전 합의가 이루어졌다. 대한민국 국회는 국제인도법과 국제 인권법에 따라 무력충돌 중이라도 민간인은 보호되어야 하며, 민간인을 향한 공격은 중대한 범죄행위로, 어떤 경우에도 용납될 수 없다는 점을 강조한다. 또한, 이스라엘과 팔레스타인 간의 오랜 갈등의 근본적인 원인은 이스라엘의 팔레스타인 불법 점령에 있다는 사실을 상기한다. 이스라엘의 불법 점령은 오랫동안 주변국과의 갈등을 일으키고, 중동 지역의 불안과 긴장을 고조시켜왔다. 국제사법재판소(ICJ)는 지난 7월 19일(현지시간) 1967년 이후 지속된 이스라엘의 팔레스타인 점령은 ‘불법’이라고 판단하며, 팔레스타인 영토 점령을 가능한 빨리 중단하고, 국제법 위반 행위에 대해 팔레스타인 주민들에게 완전한 배상의무가 있다고 판단했다. 이어 9월 18일 유엔 총회는 이와 관련된 결의안을 채택하였다. 이에 대한민국 국회는 가자지구의 민간인 피해가 전례 없이 커지고, 인근 지역으로 무력 충돌이 확산되며, 중동지역의 긴장이 급격하게 증증하는 상황에 대해 깊은 우려를 표명하며, 더 이상의 민간인 피해가 발생하지 않도록 사태의 평화적 해결을 촉구하며 다음과 같이 결의한다. 1. 대한민국 국회는 모든 적대행위와 무차별적인 공격을 중단하고, 양측이 즉각적이고 영구적인 휴전에 돌입할 것을 촉구한다. 2. 대한민국 국회는 가자지구 전역에 대한 신속한 대규모 인도적 지원을 위해 이스라엘이 인도적 물자의 접근을 보장할 것을 촉구한다. 3. 대한민국 국회는 가자지구 내 억류된 인질의 즉각적인 석방을 촉구한다. 4. 대한민국 국회는 유엔 총회에서 채택된 다수 결의에 따라 이스라엘이 팔레스타인에 대한 불법 점령을 종식하기 위해 노력할 것을 촉구한다."
7D288B19-9104-1C05-4389-C43F768DCEA4.pdf,2204494,"한-UAE 간 군사협력의 일환으로 2011년 1월부터 아랍에미리트(UAE)에 파견된 국군부대 (아크부대)의 파견기간이 2024년 12월 31일 종료될 예정으로, 다음과 같은 이유로 파견기간을 연장하고자 함. 첫째, 아크부대의 주둔은 한-UAE 간 특별 전략적 동반자 관계 발전 및 다양한 분야에서의 양국간 교류협력 확대에 기여함. 둘째, UAE군 특수전부대의 첨단장비·훈련시설을 활용한 훈련을 통해 우리 군 특수전부대의 작전수행능력이 향상됨. 셋째, UAE정부는 양국간 협력의 상징이자 UAE 군의 역량 제고에 기여하고 있는 아크부대의 파견연장을 희망함. 넷째, 유사시, UAE 지역 내 우리 국민(1만여 명) 보호 임무 수행이 가능함.","가. UAE에 파견된 국군부대 파견기간을 2025년 1월 1일부터 2025년 12월 31일까지 1년간 연장함. 나. 국군부대의 임무는 UAE군 특수전부대에 대한 교육훈련 지원, UAE군 특수전부대와의 연합훈련 및 연습, 유사시 우리 국민 보호임. 다. 파견규모는 150명 이내이며, 파견지역은 UAE 아부다비주 지역임. 라. 부대 지휘권은 한국군이 보유하며, 우리 합동참모의장이 작전지휘함. 마. 국군부대의 파견경비 (약 107억 원)는 우리 정부의 부담으로 함."
7D88C35F-DB9D-35D5-F4AA-3118ACBE13DE.pdf,4913,"1. 이진숙 방송통신위원회 위원장의 공무원으로서의 정치적 중립의무 위반 의혹에 대한 감사 이진숙 방송통신위원회 위원장은 정치적 중립성을 위반하고 직무를 남용했다는 이유로 탄핵 소추가 이뤄져 직무가 정지된 상태임. 그러나, 탄핵으로 직무가 정지되었더라도 공무원 신분은 그대로 유지됨. 그렇기에 두 달간 2700여만 원의 급여도 그대로 받는 것임. 그런데, 이진숙 위원장은 유튜브 등 방송에 출연해서 “민주당이나 좌파집단은 우리가 상상할 수 있는 모든 것을 하는 집단”이라 발언하며, 적대와 편향적인 정치 메시지를 지속해서 쏟아내고 있음. 이는 ‘특정 정당 또는 특정인을 지지하거나 반대하기 위한 행위를 하면 아니 된다’는 「국가공무원법」 제65조제2항에 명시된 정치적 중립의무를 위반하는 것이므로 이에 대한 감사가 필요함. 2. 부적격 인사를 선거방송심의위원으로 위촉한 방송통신심의위원회의 선거방송심의위원 선임 과정에 대한 감사 방송통신심의위원회는 「공직선거법」 제8조의2에 따라 선거방송의 공정성을 유지하기 위하여 선거방송심의위원회를 설치해야 하며, 동법에서 지명한 단체에서 후보를 추천하면 전문성과 대표성을 고려해 선거방송심의위원을 최종 결정함. 그런데, 공정성과 중립성을 최우선해야 할 방송통신심의위원회는 류희림 방송통신심의위원회 위원장의 대학원 지도교수인 인사를 제22대 국회의원 선거 선거방송심의위원회 위원에 이어 2024년 하반기 재·보궐선거 선거방송심의위원회 위원으로 위촉했음. 또한, ‘여성 혐오발언’과 같은 정치적 편향으로 논란을 빚은 인사를 2024년 하반기 재·보궐선거 선거방송심의위원회 위원으로 위촉하였으며, 해당 위원은 결국 사회적 물의를 일으킨 끝에 위원에서 결국 사퇴했음. 논란이 있는 인사들이 선거방송심의위원으로 임명되기까지 철저한 검증과 심사 등 인사과정에서 제 역할을 하지 못한 방송통신심의위원회의 인사시스템과 선임 과정에 대한 감사가 필요함.",「국회법」 제127조의2에 따라 감사원에 대하여 다음 사항에 대한 감사를 요구한다. 1. 이진숙 방송통신위원회 위원장의 공무원으로서의 정치적 중립의무 위반 의혹에 대한 감사 2. 부적격 인사를 선거방송심의위원으로 위촉한 방송통신심의위원회의 선거방송심의위원 선임 과정에 대한 감사
80AF48BD-D5D6-1051-8EDC-8448177C0649.pdf,,,"고용보험기금운용계획 변경안은 실업 예방, 고용 촉진, 근로자 직업능력개발과 향상을 도모하고, 인구구조 변화에 대응한 경력 단절 없는 일자리 지원, 일ㆍ가정 양립을 위한 다양한 근무형태 확산 지원 등을 포함합니다."
8107EF71-398F-49FD-326F-82A974D053D3.pdf,,,"나. 자금의 조달과 운용에 관한 주요내용 (1) 자금조달 및 운용규모 (단위 : 백만원) 자 금 조 달 자 금 운 용 ‘24 ‘25 증감 ‘24 ‘25 증감 구 분 구 분 계획 당초(A) 현계획(B) 수정(C) (C-B) 계획 당초(A) 현계획(B) 수정(C) (C-B) 합 계 8,358,048 8,868,492 8,868,492 8,868,492 - 합 계 8,358,048 8,868,492 8,868,492 8,868,492 - ○ 자체수입 7,362,991 7,764,511 7,764,511 7,764,511 - ○ 사업비 5,178,518 5,487,236 5,487,236 5,502,236 15,000 ○정부내부수입 189,489 220,535 220,535 220,535 - ○ 기금운영비 1,034 727 727 727 - ○ 차입금 - - - - - ○정부내부지출 2,319,968 2,462,871 2,462,871 2,462,871 - ○여유자금회수 등 805,568 883,446 883,446 883,446 - ○차입금원리금상환 66,282 76,998 76,998 76,998 - - ○여유자금 운용 792,246 840,660 840,660 825,660 △15,000 (2) 일시차입금 및 차입금 한도 : 해당사항 없음 (3) 주식 및 부동산취득한도 : 해당사항 없음 (4) 기타 자금조달 및 운용에 관한 주요사항 : 해당사항 없음"
84B1E5D6-721E-B5EB-A763-517A30EF2CBC.pdf,,,"임금채권보장기금운용계획변경안: 근로자가 기업의 도산 등으로 임금 등을 지급받지 못하고 퇴직한 경우 체불 사업주를 대신하여 일정범위의 체불임금을 지급하고, 체불근로자에게 임금체불 무료법률구조를 실시하는 등 체불근로자의 기본적인 생활안정 및 권리보호에 기여합니다."
86A27875-7279-BB01-5F85-0E7C6DA34DBC.pdf,7521,"1. 국토교통부가 대통령실 집들이 행사비용을 용산공원 예산에서 편법ㆍ위법전용한 의혹과 용산어린이정원 위탁업체 선정 과정 간 특정업체 밀어주기 관련 의혹에 대한 감사 2022년 6월 19일 대통령실은 “윤석열 대통령, 대통령실 이전 기념 주민 초대 행사 참석” 제하의 보도자료를 내고 ‘대통령실 이전 기념 주민 초대 행사’(부제: 안녕하세요 새로 이사 온 대통령입니다)를 주민 400여 명을 초대하여 진행했다고 발표함. 그런데, 2022년 6월 국토부 『용산공원조성추진기획단』이 작성한 ‘용산공원 개방행사 추진보고’에 따르면, 용산공원 개방행사를 ‘대통령 집무실 이전에 따라 용산공원을 국민정원으로 조성하여 임시개방에 앞서 국민적 공감대 형성을 위해 필요한 행사’로 기획, 이를 위해 대행사를 선정하는 계약 ‘용산공원 시범개방행사 대행용역’(㈜앤다 수주)과 ‘지역주민 어울림행사(가칭) 대행용역’(올댓캠퍼스 수주) 두 건을 발주함. ㈜앤다가 수행한 ‘용산공원 시범개방행사’는 국토부 주관으로 정상 진행되었으나, ‘지역주민 어울림행사(가칭)’는 용산공원 개방행사가 아니라 대통령실이 주최한 ‘대통령실 이전 기념 주민 초대 행사’의 위장용역이었음. 대통령실 주민초대 행사는 대통령실 자체 행사이며, 이것과 용산공원 시범개방 행사는 근접 장소일 뿐 전혀 관련 없는 행사로 이는「용산공원 조성 특별법」이 정한 사업 범위에 들지 않는 것으로써 국토부 장관이 위법하게 행사를 수행했으며, 국회 국정감사 과정에서 이에 대한 지적에 대해 국토부장관은 철저히 거짓말로 일관하여 위증하는 등 국회를 무시하고 「국회에서의 증언ㆍ감정 등에 관한 법률」을 위반하였음. 이에 감사원 감사가 필요함. 한편, ‘대통령실 이전 기념 주민 초청행사’를 대행한 ‘올댓캠퍼스’는 이 행사 이후 곧바로 2022년 7월 14일 국토부로부터 위탁받아 용산공원 조성과 임시개방을 운영하던 한국토지주택공사(이하 LH)로부터 ‘용산공원 임시개방부지 관리운영 방안 수립 용역’을 1인 수의계약으로 수주한 뒤 이 관리운영 방안 용역이 채 끝나기 전인 2022년 8월 19일에 LH로부터 ‘반환부지 임시개방 관리운영 대행 용역’을 수주하였는데, ‘올댓캠퍼스’가 수주한 과정에서는 크게 세 가지의 문제점이 제기되고 있음. 1) 올댓캠퍼스가 운영관리 계획을 수립하는 용역을 하고 있었기 때문에 이에 기반하여 과업지시가 결정되는 ‘관리 운영 대행 용역’의 핵심적 내용을 사전에 파악할 수 있었다는 점 2) 올댓캠퍼스는 ‘행사대행’업체로 ‘관리운영 대행’을 하기에는 ‘시설관리’의 경험이 전혀 없는 상태였는데, 동년 8월 16일 ‘사전 규격공고(자격)’가 나오자마자 이튿날인 8월 17일부로 이벤트업체였던 ‘올댓캠퍼스’가 법인 사업 목적에 “건물관리, 시설관리업”을 추가함. 그러나, 자격을 입증할 경력이 전무한 상태에서 LH는 1인 수의계약으로 계약함 3) 1인 수의계약 과정도 입찰한 1개 업체는 스스로 입찰을 포기하며 한 언론과의 인터뷰에서 “우리가 모르고 들어간 것이다. 이미 정해져 있었다는 느낌을 받았다.”라고 폭로한 바 있음. 이렇듯 용산공원 반환부지 임시개방 관리운영 위탁은 특정 업체를 몰아주기 위해 의도적으로 「국가를 당사자로 하는 계약에 관한 법률」 등을 위반하여 진행된 의혹이 있으므로 이를 규명하기 위해 감사원 감사가 필요함. 2. 한국도로공사가 운영하는 ‘레이더식 돌발상황 검지시스템’, ‘다봄 CCTV’, ‘도로전광표지판(VMS) 기술개발제품’ 관련 성능불량, 성능조작, 부실준공검사, 전ㆍ현직 직원 및 업체 간 유착 의혹 등에 관한 감사 한국도로공사는 레이더식 돌발상황 검지시스템 사업을 추진함에 있어 시방서와 다르게 성능평가 검지거리를 임의로 축소해 검지율을 측정하거나 성능평가 장소를 임의로 변경하고 검지거리를 축소하는 등의 방법으로 성능평가를 조작하여 성능평가 성적서를 발급하였으며, 부실준공검사를 한 것이 국정감사를 통해 밝혀짐. 또한, 한국도로공사는 메타빌드㈜에 일감을 몰아주는 등 한국도로공사 전‧현직 직원들 간 유착관계에 대한 의혹이 제기되고 있음. 또한, 한국도로공사가 야간, 새벽, 악천후에도 시인성 확보를 위한 다봄 CCTV(야간 초저조도 카메라) 사업을 추진함에 있어 다봄 CCTV는 사업의 목적과 달리 일반 CCTV와 뚜렷한 차이점이 없고, 야간에도 차량번호판 인식이 불가하는 등 성능에 대한 불량 의혹이 제기되고 있음. 이와 함께, 다봄 CCTV를 납품한 업체들의 경우 개별 업체임에도 불구하고 규격에서부터 제품사양, 제품 안내서 등이 하나의 제품인 것으로 의혹이 제기되어 「중소기업제품 구매촉진 및 판로지원에 관한 법률」에 따른 직접생산 의무를 위반한 것으로 의심됨. 더불어 한국도로공사는 시방서 변경 및 성능검증 시험 기준 등을 특정 업체만 참여할 수 있도록 하여 일감을 몰아주는 등 전‧현직 직원과 업체와의 유착 의혹이 제기되고 있음. 또한, 한국도로공사는 도로전광표지판(VMS) 기술개발제품 사업 관련 2024년 4월 국민권익위원회 조사와 한국도로공사 자체 감사를 통해 계약서상 기술개발제품이 아닌 다른 제품이나 부품 등을 납품 및 설치한 사실이 드러났음. 이와 함께, 한국도로공사는 사전현장조사 및 준공검사 등을 통해 부정납품을 사전에 예방하거나 별도 조치를 취할 수 있었음에도 불구하고 이를 묵인하고 준공 허가한 책임이 있음. 그러나 한국도로공사는 관련자들에 대해 경고 조치의 솜방망이 징계를 한 것이 국정감사를 통해 밝혀짐. 더욱이, 도로전광표지판 기술개발제품 대부분이 실제로는 해당 기술개발제품과 다른 제품이 설치되거나, 설계도면과는 다르게 설치 및 운영되고 있다는 의혹이 제기되고 있음. 또한, 이러한 만연한 부정납품 배경에는 한국도로공사 전ㆍ현직 직원과 업체 간의 유착 의혹이 제기되고 있으므로 이에 대한 감사원 감사를 요구함.","「국회법」 제127조의2에 따라 감사원에 대하여 다음 사항에 대한 감사를 요구한다. 1. 국토교통부가 대통령실 집들이 행사비용을 용산공원 예산에서 편법ㆍ위법전용한 의혹과 용산어린이정원 위탁업체 선정 과정 간 특정업체 밀어주기 관련 의혹에 대한 감사 2. 한국도로공사가 운영하는 ‘레이더식 돌발상황 검지시스템’, ‘다봄 CCTV’, ‘도로전광표지판(VMS) 기술개발제품’ 관련 성능불량, 성능조작, 부실준공검사, 전ㆍ현직 직원 및 업체 간 유착 의혹 등에 관한 감사"
8AC632B7-10AE-0EAF-9A54-CDADF120E549.pdf,10293,"디자인보호법은 디자인출원에 대하여 모든 등록요건을 심사하여 디자인권을 부여하는 심사주의 원칙이나, 패션ㆍ잡화 등 유행에 민감한 일부 물품군에 대해 신규성과 선출원 등 일부 요건에 대해서는 심사없이 신속하게 권리를 부여하는 디자인일부심사등록제도를 운영하고 있습니다. 최근 온라인 거래가 활발해지면서 디자인일부심사등록제도를 악용하여 이미 공지되거나 공용이 된 디자인권을 새로운 것처럼 등록해 온라인상에서 물품을 독점 판매하는 사례가 빈번해지고 있습니다. 이에 디자인일부심사등록출원에 대해 명백하게 신규성과 선출원을 위반한 경우는 심사관이 거절할 수 있도록 근거 규정을 마련하고, 제3자 권리보호를 위해 디자인일부심사등록에 대한 이의신청 기간을 연장하여 보다 실효성 있는 디자인일부심사제도 운영을 할 필요가 있습니다. 한편, 현행 제도하에서 무권리자가 특정 디자인등록출원을 하여 디자인등록을 받은 경우 정당한 권리자는 등록무효심판을 제기해 법원의 판결을 받은 후 디자인권을 재출원해야 하므로 절차를 진행하는 데 장시간이 소요될 뿐만 아니라 행정비용도 수반되므로 정당한 권리자가 보다 효율적으로 디자인권을 행사할 수 있도록 제도를 정비해야 한다는 지적이 제기되었습니다. 이에 특허권의 경우와 같이 디자인권 관련 정당한 권리자가 도용된 디자인권을 보다 신속하게 되찾을 수 있도록 ‘디자인권 이전청구’의 법적 근거를 마련할 필요가 있습니다.","가. 디자인등록출원서 기재사항 중 ‘디자인 창작내용의 요점’을 삭제합니다(안 제37조제2항제2호). 나. 디자인일부심사등록출원이 제33조제1항 각 호에 해당하거나(신규성 위반) 제46조제1항·제2항에 따라 디자인등록을 받을 수 없는 것이 명백한 경우(선출원 위반) 디자인등록거절결정을 할 수 있도록 합니다(안 제62조제5항 및 제6항). 다. 디자인일부심사등록의 이의신청과 관련하여 디자인권 침해에 관한 통지를 받은 경우 해당 통지를 받은 날부터 3개월이 되는 날까지 이의신청이 가능하도록 하되, 등록공고일부터 1년이 지나면 이의신청을 할 수 없도록 합니다(안 제68조제1항). 라. 무권리자가 디자인등록을 한 경우 정당한 권리자가 법원에 디자인등록의 이전을 청구하여 해당 디자인권을 취득할 수 있도록 합니다(안 제96조의2 신설). 마. 디자인권 이전청구제도 도입에 따라 디자인등록증을 재발급하고, 이전등록 전의 실시에 대한 통상실시권을 인정하는 한편, 정당한 권리자에게 이전된 디자인권에 대해 무효심판을 청구할 수 없도록 합니다(안 제89조제3항, 제100조의2 및 제121조)."
9062C3E6-74BC-5B07-602E-D7670CF8ED01.pdf,3531,｢한국장학재단 설립 등에 관한 법률｣에 따라 설립된 한국장학재단이 2025년도에 발행하는 한국장학재단채권의 원리금 상환에 대해 국가가 보증하기 위하여 ｢국가재정법｣제92조에 따라 국회의 동의를 요청하고자 제안하는 것임,"가. 채 무 자 : ｢한국장학재단 설립 등에 관한 법률｣에 의해 설립된 한국장학재단 나. 채 권 자 : 한국장학재단채권의 소유자 다. 발 행 액 : 2조 5천억원 이내 라. 보 증 액 : 한국장학재단채권의 원리금 마. 발행방법 : 공모 또는 사모발행 바. 발행금리 : 시장금리 사. 상환기간 : 채권발행일로부터 20년 이내 아. 상환재원 : 학자금대출 원리금 상환액 자. 자금사용계획 : 2025년도 학자금대출(취업 후 상환 학자금 대출, 일반 상환 학자금대출) 재원 및 2025년도에 만기도래하는 한국장학재단채권 상환 차. 기타 필요한 사항은 기획재정부장관의 승인을 얻어 정함"
91E23C8F-0BAE-5914-A57E-04448EBDF837.pdf,,"현행법은 정부와 지방자치단체가 상인연합회의 사업 수행에 필요한 비용을 보조하거나 지원할 수 있도록 규정하고 있는데, 상인연합회가 운영비 부족으로 상권활성화 등 사업을 원활하게 추진하는 데 어려움을 겪고 있어 정부와 지방자치단체가 상인연합회의 운영에 필요한 비용도 보조ㆍ지원할 필요가 있으므로 상인연합회에 대한 운영비 지원 근거를 마련하려는 것임. 그리고 상인연합회가 지역별 사업의 원활한 추진을 위하여 지회(支會)를 둘 수 있도록 하고, 지방자치단체가 상인연합회 지회의 운영 및 사업 수행에 필요한 비용을 보조ㆍ지원할 수 있는 근거를 마련하려는 것임. 또한, 중소벤처기업부장관이 상인연합회의 사무에 관하여 지도ㆍ감독하기 위하여 필요한 경우 업무 및 운영에 관한 사항을 보고하게 하거나 자료의 제출을 요구하고 업무의 시정과 그 밖에 필요한 조치를 명할 수 있도록 하려는 것임. 한편, 현행법은 온누리상품권 가맹점 준수사항을 위반하거나 가맹점 등록 취소 사유에 해당하는 자를 신고한 사람에게 포상금을 지급할 수 있도록 하고 있는데, 최근 온누리상품권 부정유통 신고 접수 건수가 증가한 데 비해 소상공인시장진흥공단의 신고포상금심의원회 개최 및 포상금 지급 실적은 저조한 것으로 나타남. 이에 중소벤처기업부장관이 소상공인시장진흥공단으로 하여금 온누리상품권 부정유통 신고센터를 설치하여 포상금 관련 신고의 접수 및 처리 등의 업무를 수행하게 할 수 있도록 하고, 포상금 지급에 관한 사항을 심의하기 위하여 소상공인시장진흥공단에 신고포상금심의위원회를 두고 연 1회 이상 회의를 개최하도록 하려는 것임.","가. 정부와 지방자치단체가 상인연합회의 운영에 필요한 비용을 예산의 범위에서 보조하거나 지원할 수 있도록 함(안 제66조제5항). 나. 상인연합회가 지역별 사업의 원활한 추진을 위하여 정관으로 정하는 바에 따라 지회(支會)를 둘 수 있도록 함(안 제66조제6항 신설). 다. 지방자치단체가 상인연합회 지회의 운영 및 사업 수행에 필요한 비용을 예산의 범위에서 보조하거나 지원할 수 있도록 함(안 제66조제7항 신설). 라. 중소벤처기업부장관이 필요한 경우 상인연합회의 사무에 관하여 지도ㆍ감독할 수 있도록 함(안 제66조제9항 신설). 마. 중소벤처기업부장관이 상인연합회를 지도ㆍ감독하기 위하여 필요한 경우 업무 및 운영에 관한 사항을 보고하게 하거나 자료의 제출을 요구할 수 있도록 하고, 이 경우 상인연합회는 특별한 사유가 없으면 이에 따르도록 함(안 제66조제10항). 바. 중소벤처기업부장관이 상인연합회의 업무나 회계가 법령이나 정관에 위반된다고 인정되는 경우에 기한을 정하여 업무의 시정과 그 밖에 필요한 조치를 명할 수 있도록 함(안 제66조제11항 신설). 사. 중소벤처기업부장관이 제70조의2에 따른 포상금 지급을 효율적으로 하기 위하여 소상공인시장진흥공단으로 하여금 온누리상품권 부정유통 신고센터를 설치하여 포상금 관련 신고의 접수 및 처리 등의 업무를 수행하게 할 수 있도록 함(안 제70조의3제1항 신설). 아. 제70조의2에 따른 포상금 지급에 관한 사항을 심의하기 위하여 소상공인시장진흥공단에 신고포상금심의위원회를 두고, 연 1회 이상 회의를 개최하도록 함(안 제70조의3제2항 및 제3항 신설). 자. 제70조의2에 따른 포상금 지급에 관한 중소벤처기업부장관의 권한의 일부를 소상공인시장진흥공단의 대표에게 위탁할 수 있도록 함(안 제71조제2항). 차. 상인연합회가 안 제66조제11항에 따른 중소벤처기업부장관의 명령을 위반한 경우에는 1천만원 이하의 벌금에 처하도록 함(안 제72조제2항 신설)."
9980CCCE-C4B2-A8F1-2653-B2FDB4D99932.pdf,6210,"피소추자는 감사원장으로서 헌법과 법률이 부여한 권한을 남용하여 감사원의 독립성과 공정성을 심각하게 훼손하였고, 정치적 중립 의무를 위반하였으며, 나아가 국회의 입법 및 감시 기능을 방해함으로써 헌법 질서를 중대하게 침해하였음. 이러한 행위는 헌법기관인 감사원에 대한 국민의 요구와 기대를 저버린 매우 중대한 위법 행위로써, 그 해악이 크므로 피소추자 감사원장 최재해를 파면하여 헌법질서를 수호하고 국민적 신뢰를 회복할 필요가 있음.",2024년 12월 5일 제418회국회(정기회) 제16차 본회의 의사일정에 「감사원장(최재해) 탄핵소추안」을 제2항으로 추가 상정하여 심의ㆍ처리할 것을 동의함.
9E2523D7-8E45-217B-1EFA-6B07AC722812.pdf,3533,2025년도 무역보험계약 체결 한도를 「무역보험법」 제8조에 따라 국회의 의결을 얻어 확정하고자 제안하는 것임.,"가. 2025년도 무역보험계약 체결 총한도(본한도+예비한도)는 2024년도 한도인 270조원에서 10조원 증액한 280조원으로 설정함 나. 2025년도 본한도는 255조원으로 하고, 이중 대금결제 기간이 2년을 초과하는 중장기연불(中長期延拂) 수출거래는 20조원으로 함 다. 2025년도 예비한도는 기업 수요 등에 탄력적으로 대응하고, 무역보험의 원활하고 안정적인 지원을 위해 25조원으로 설정함"
A6070384-9AEB-459F-DA1C-54FC4B91738D.pdf,2525,"방송통신위원회 위원장(이진숙) 탄핵소추안은 피소추인인 이진숙 방송통신위원장이 헌법과 법률이 보장하는 언론의 자유 및 방송의 독립성과 중립성을 보장하기 위해 적법한 직무를 집행해야 함에도 불구하고, 의도적으로 일방적으로 행사한 위법행위에 대해 책임을 지우기 위함임. 이진숙 방송통신위원장은 임명된 당일에 회의를 소집하고 피소추자를 포함한 방송통신위원회 상임위원 2인만 참석한 가운데 공영방송 임원 후보자 선정과 임명 안건을 의결하는 등 위법적 행위를 자행하였음. 많은 국민은 청문회 과정에서 각종 부패비리가 드러났음에도 이진숙 방송통신위원장의 임명을 강행한 자체를 인정할 수 없다고 판단함. 국민을 대표하는 국회가 고위공직자로서 용납할 수 없는 중대한 법률위반 행위를 계속하는 이진숙 방송통신위원장의 권력남용을 통제하고, 헌법을 수호하기 위해 탄핵해야 마땅함. 김현의원․이해민의원․윤종오의원 등 188인이 공동 발의한 방송통신위원회 위원장(이진숙) 탄핵소추안이 2024년 8월 1일 제416회국회(임시회) 제2차 본회의에서 보고되었고, 탄핵소추안은 본회의에 보고된 때부터 24시간 이후 72시간 이내에 무기명투표로 표결하도록 「국회법」 제130조에 명시되어 있음. 제416회국회(임시회) 회기종료가 얼마 남지 않는 상황에서 오늘 본회의 안건에 대한 무제한토론이 진행될 예정이므로 본회의 보고 후 24시간 이후 72시간 이내 탄핵소추안을 표결하기 위해 의사일정 변경이 불가피함. 이에 「방송통신위원회 위원장(이진숙) 탄핵소추안」을 제5항으로 추가 상정하여 제4항보다 먼저 심의ㆍ처리할 것을 동의함.",제416회국회(임시회) 제2차 본회의 의사일정에 「방송통신위원회 위원장(이진숙) 탄핵소추안」을 제5항으로 추가 상정하여 제4항보다 먼저 심의ㆍ처리할 것을 동의함.
A990F4C0-EB63-D72C-6732-0EA8B6B7FF59.pdf,2025,,
AA847928-3458-C5D9-88AE-63FDE5D215CA.pdf,10330,"기획재정부장관 최상목은 경제정책에 관하여 관계 중앙행정기관을 총괄ㆍ조정하는 행정부의 부총리로서 국민전체에 대한 봉사자로서의 의무를 버리고 국가의 존립, 국민의 권리와 자유가 아닌 대통령의 위헌ㆍ위법한 비상계엄 선포와 내란 행위에 가담하였음. 또한 국민전체에 대한 봉사자로서의 지위를 버리고 대통령 개인의 위헌ㆍ위법한 행위를 분담하여 실행하려 하였음. 피소추자는 부총리 겸 기획재정부장관으로서 비상계엄 선포와 같은 중대한 국법상 행위가 대한민국 경제에 미칠 악영향을 정확하게 파악할 수 있는 지위에 있음. 하지만 피소추자의 그간의 반헌법적이고 위법한 직무집행은 국민이 부여한 신임을 정면으로 배반한 행위이자 헌법 수호의 관점에서 용납될 수 없는 중대한 헌법ㆍ법률 위반행위임. 「기획재정부장관(최상목) 탄핵소추안」은 피소추자의 헌법ㆍ법률 위반 행위를 국민께 밝히고 그 직에서 파면하기 위해 지난 2025년 4월 2일 본회의에 보고되었고, 좀더 면밀한 조사를 위해 법제사법위원회에 회부되어 탄핵소추사건 조사 청문회를 거쳐 오늘 본회의에 부의되었음. 따라서 피소추자를 부총리 겸 기획재정부장관직에서 파면함으로써 헌법수호와 손상된 헌법질서를 다시 회복하고, 국민적 요구와 국회의 책무를 다하고자 제424회국회(임시회) 회기종료가 얼마 남지 않는 상황에서 사안의 위중함을 감안하여 탄핵소추안을 표결하기 위해 의사 일정 변경이 불가피함. 이에 「기획재정부장관(최상목) 탄핵소추안」을 제46항으로 추가 상정하여 심의ㆍ처리할 것을 동의함.",2025년 5월 1일 제424회국회(임시회) 제7차 본회의 의사일정에 「기획재정부장관(최상목) 탄핵소추안」을 제46항으로 추가 상정하여 심의ㆍ처리할 것을 동의함.
ADB1CC35-49BC-54D6-105E-AD71287AD09F.pdf,3224,"이 협정의 체결을 통하여 대한민국과 필리핀공화국 간 자유무역지대를 창설함으로써, 무역 및 투자를 자유화하고 경제협력 촉진 기반을 마련하는 등 양국 간 경제통상관계를 한층 확대․강화하려는 것임.","가. 양 당사국은 「1994년도 관세 및 무역에 관한 일반협정」 제24조 및 「서비스무역에 관한 일반협정」 제5조에 합치되게 자유무역지대를 창설함(안 제1.1조). 나. 상대국에서 수입되는 상품에 대한 자유무역협정(FTA) 특혜관세 적용의 결과로, 동종 및 직접경쟁 상품을 생산하는 국내 산업에 심각한 피해 또는 피해의 우려가 있을 경우, 해당 품목에 대한 관세인하 정지 또는 최혜국(MFN) 관세율 수준까지 관세인상이 가능하도록 하는 내용의 긴급수입제한조치를 적용할 수 있음(안 제3.2조). 다. 각 당사국은 관세법과 규정이 관세영역에 일관되게 이행·적용되도록 보장하고, 이해관계인 등이 쉽게 접근할 수 있는 방식으로 가능한 한 인터넷에 신속하게 관세법과 관련 절차를 공표함(안 제5.4조 및 제5.5조). 라. 양 당사국은 상호이익을 기초한 분야에 집중하여 협력 활동을 발굴하고 수행하며, 협정의 효과적인 이행 및 운영을 위하여 경제 및 기술 협력 위원회를 설치함(안 제7.2조 및 제7.5조). 마. 분쟁의 회피 및 해결을 위한 효과적인 분쟁해결절차를 마련함(안 제9.2조). 바. 협정의 이행과 운영을 감독하고 양국 간 무역ㆍ투자 관계 증진 방안을 검토하기 위하여 공동위원회를 설치함(안 제11.1조)."
AFE57A41-ECDB-76E0-73B4-6D4DF5EC40F8.pdf,3321,"1. 대통령이 임명한 2인 체제에 기반한 방송통신위원회의 불법적 운영에 관한 감사 방송통신위원회는 정치적 다양성을 반영하고 방송의 자유와 공공성 및 공익성, 국민의 권익보호와 공공복리 증진이라는 입법목적을 달성하기 위해 5인으로 구성되어야 함에도 2인의 기형적인 형태로 방송통신위원회를 운영하며 방송문화진흥회 이사선임 등 불법적인 의사결정을 내렸으므로 이에 대한 감사가 필요함 2. 방송통신위원회의 불법적인 방송문화진흥회, 한국방송공사 이사선임 과정에 대한 감사 방송통신위원회는 방송통신위원회의 설치 및 운영에 관한 법률에 따라 방송의 자유와 공공성 및 공익성을 높이고 국민의 권익보호와 공공복리의 증진에 이바지하기 위하여, 5인의 상임위원으로 구성된 위원회를 통해 방송문화진흥회 이사선임 과정을 거쳐야 했으나, 2인의 기형적인 형태로 방송문화진흥회, 한국방송공사 이사를 선임하였으며 심의·의결 과정에서 절차 준수와 심의의 적법성, 위법성 여부 등에 관하여 방통위법이 추구하는 입법목적을 저해하였으므로 이에 대한 감사가 필요함 3. 「국회에서의 증언·감정 등에 관한 법률」과 관련하여 자료제출 의무의 불성실한 이행과 증언 거부에 대한 감사 방송통신위원회는 「국회에서의 증언·감정 등에 관한 법률」에 따라 국회가 요구하는 보고와 서류제출의 요구, 증언 등에 따라야 할 의무가 있으나, 국회 과학기술정보방송통신위원회 위원들의 신문과 자료요구에 대해 성실하게 임하지 않았으며 이사선임과 과정 등에 관련하여 회의록과 속기록 등을 제출하라는 국회의 요청에 따르지 않았으므로 이에 대한 감사가 필요함 4. 방송통신위원회가 ‘공영방송 이사선임이 적법한 이유’ 문건을 제출한 과정에 대한 감사 방송통신위원회는 국회의 자료 제출요구에 관하여 성실하게 자료를 제출하여야 하나 ‘공영방송 이사선임이 적법한 이유’ 라는 자료의 경우, 공영방송 이사 선임 과정에 대한 적법성을 방송통신위원회가 설명한 중요한 자료이고, 여야가 모두 공영방송 이사 선임과 관련하여 광범위한 범위의 자료를 요청하였음에도 이를 여당에만 제출하였고, 해당 자료의 제출 기록이나 작성 부서는 확인되지 않고 있으므로 이에 대한 감사가 필요함","「국회법」 제127조의2에 따라 감사원에 대하여 다음 사항에 대한 감사를 요구한다. 1. 대통령이 임명한 2인 체제에 기반한 방송통신위원회의 불법적 운영에 관한 감사 2. 방송통신위원회의 불법적인 방송문화진흥회, 한국방송공사 이사선임 과정에 대한 감사 3. 「국회에서의 증언·감정 등에 관한 법률」과 관련하여 자료제출 의무의 불성실한 이행과 증언 거부에 대한 감사 4. 방송통신위원회가 ‘공영방송 이사선임이 적법한 이유’ 문건을 제출한 과정에 대한 감사"
B379ADEE-568D-4AE5-15BC-1E5036E2B857.pdf,9823,"대한민국 국회는 2024. 12. 3. 불법 비상계엄 등 내란행위에 대해 즉시 계엄해제를 의결한 뒤, 내란행위의 반복을 막고 헌정질서를 수호하기 위하여 2024. 12. 14. 대통령을 탄핵소추하였고, 윤석열 대통령은 2025. 4. 4. 헌법재판소의 결정으로 최종 파면되었음. 한편 한덕수 대통령 권한대행 국무총리는 2024. 12. 27. 국회가 선출하는 헌법재판소 재판관 후보자를 임명 보류하겠다는 위헌적인 대국민담화 발언 등으로 탄핵소추되었음. 2025. 3. 24. 한덕수 국무총리에 대한 탄핵심판 사건에 대하여 재판관 다수가 헌법재판소 재판관 선출 전 대국민담화의 발언만으로 확정적인 임명보류로 단정하기 어렵고, 그 정도 지체만으로 파면할 정도의 중대한 헌법위반으로 보긴 어렵다고 판단하였으나, 일부 재판관은 중대한 헌법위반이라며 파면을 정당화하기에 충분하다는 의견을 밝힌 바도 있음. 한덕수 대통령 권한대행 국무총리는 헌법재판소가 이미 국회 선출 재판관 임명은 헌법상 의무이며 이를 거부하는 것은 위헌임을 확인하였음에도 불구하고, 위 탄핵소추가 기각되어 복귀하여서도 계속 임명을 미루다가, 2025. 4. 8. 갑작스레 임명을 미루던 마은혁 재판관을 임명하면서 그와 동시에 2025. 4. 18. 퇴임 예정인 대통령 몫의 헌법재판소 재판관 문형배, 이미선의 후임으로 이완규, 함상훈을 후보자로 전격 지명함. 국회 선출 또는 대법원장 지명 몫 헌법재판소 재판관은 법률이 정한 자격에 미달하는 명백한 경우가 아닌 한 대통령이라도 임명을 거부할 수 없는 반면, 대통령 몫 재판관은 권한대행이 행사할 수 없다는 선례와 학계의 중론, 그리고 대통령과 그 권한을 대행하는 국무총리 또는 국무위원의 지위는 확연히 구분된다는 헌법재판소 결정례도 모두 무시하고 대통령 몫 헌법재판소 재판관 임명을 강행하는 절차를 개시함. 윤석열 전 대통령은 국정 운영의 파트너이자 또 다른 민주적 정당성을 갖춘 국회를 상대로 그 구성이 대통령의 의지를 관철하기 어렵다는 판단에 따라 불법 비상계엄을 발령하여 군경을 동원해 국회 마비를 시도하였음. 이는 지난 제22대 총선에서 드러난 주권자인 국민의 대통령 국정 운영에 대한 평가 내지 의사를 임의로 변경하려 한 것으로서, 이 불법 비상계엄의 발령으로 국민의 신임을 배반하였다는 점이 인정되어 결국 헌법이 정한 절차에 따라 헌법재판소에서 파면되었음. 한덕수 대통령 권한대행 국무총리는 이미 파면되어 국민의 신임이 거두어진 대통령에 의해 임명된 국무총리이므로, 최소한의 간접적 민주적 정당성조차 소멸한 상태임. 한덕수 대통령 권한대행 국무총리 스스로 이러한 정치적 책임을 인식한다면, 이제 채 60일이 남지 않은 대통령 선거가 공정하게 치러질 수 있도록 선거관리에 매진하여 새로 선출될 대통령에게 권한을 이양해야 할 임시적 관리자 지위로서 필요 최소한의 범위에서 대통령 권한을 대행함에 있어 신중히 하고 자제함이 마땅함. 그럼에도 불구하고 헌법상 명문 규정(60일 내 새 대통령 선출에 한정된 시한부 대통령 권한대행), 헌법학계의 지965적 해석, 선례로 확인되는 헌법적 관1습을 모두 무시하고 헌법재판소 재판관 임명에 관하여 형식적 임명권은 불행사하고, 실질적 임명권은 거침없이 행사하는 만용에 이르렀음. 이에 대한민국 국회는 다시 한번 한덕수 대통령 권한대행 국무총리에 대한 권한쟁의심판을 청구함과 아울러 더 이상 재판관 임명절차를 진행할 수 없도록 효력정지 가처분을 신청하여 한덕수 대통령 권한대행 국무총리의 헌정질서 문란행위를 방지하고 헌정질서를 수호하고자 함. 한덕수 대통령 권한대행 국무총리에게 권한 없는 재판관 임명행위로 나아가는 것은 헌정 질서를 파3괴하는 중대한 위헌‧위법으로서 법적 단죄의 대상임을 경고하고, 더 이상 헌정질서 문란을 국회가 좌시하지 않을 것임을 경고함.","윤석열 전 대통령은 무도한 불법 비상계엄의 발령을 통한 내란으로 헌정질서에 헤아1릴 수 없는 해악을 끼쳤고, 한덕수 대통령 권한대행 국무총리를 필두로 하는 대통령 보좌의 의무를1 부담하는 내각 전원은 이러한 내란을 막아내지 못한 엄중한 책임을 느껴야 마땅하다. 기나긴 내란의 터널에서 이제 비로소 윤석열 전 대통령이 헌정질서가 정한 절차에 따라 파면되어 한숨 돌릴 터에 한덕수 대통령 권한대행 국무총리는 그간 국회 선출 헌법재판소 재판관 임명 보류라는 초유의 사태를 벌여 스스로 탄핵을 자처하더니, 대통령이 파면되자 이번엔 거꾸로 국민이 직접 선출한 대통령만이 유일하게 행사할 수 있는 대통령 몫의 헌법재판소 재판관으로 이완규, 함상훈을 지명하는 만행을 자행하였다. 이미 파면되어 국민의 신임이 거두어진 대통령에 의해 임명된 국무총리로서 최소한의 간접적인 민주적 정당성조차 남아 있지 않은 한덕수 대통령 권한대행 국무총리라면 마땅히 이제 채 60일이 남지 않은 대통령 선거가 공정하게 치러질 수 있도록 선거관리에 매진하여 새로 선출될 대통령에게 권한을 이양해야 한다. 헌정 질서 수호를 위해 불가피한 상황이 발생하더라도 임시적 관리자 지위로서 필요 최소한의 범위에서 신중하게 대통령 권한을 대행하여야 하는 것이다. 그럼에도 불구하고 헌법상 명문 규정(60일 내 새 대통령 선출에 한정된 시1한부 대통령 권한대행), 헌법학계의 지배적 해석, 선례로 확인되는 헌법적 관습을 모두 무시하고 헌법재판소 재판관 임명에 관하여 형식적 임명권은 불행사하고, 실질적 임명권은 거침없이 행사하는 만용에 이르렀는바, 곧 있을 제21대 대통령 선거에서 선출된 대통령을 통해 행사되어야 할 국민의 재판관 임명권이 침해되지 않도록 국민의 대표인 국회는 앞장서 이를 저지할 모든1 노력을 기울여야 한다. 이에 국회는 헌정질서 수호의 최후의 보루라 할 수 있는 헌법재판소가 민주적 정당성을 갖춘 자격 있는 재판관으로 구성되어 국민주권의 원리가 헌법재판소 구성에서도 온전히 구현되도록 다음과 같이 결의한다. 1. 대한민국 국회는 본회의 의결로써 한덕수 대통령 권한대행 국무총리에 대하여 대통령 몫의 헌법재판소 재판관 임명이라는 위헌적 월권행위를 자행한 것에 대해 국민 앞에 사과하고, 즉시 이완규, 함상훈의 헌법재판소 재판관 지명을 철회할 것을 촉구한다. 2. 대한민국 국회는 헌법재판소 재판관 후보자 이완규, 함상훈 임명 강행에 따른 국회의 인사청문권 등 침해 확인 및 위 후보자 지명행위 등의 무효를 관철하기 위한 권한쟁의심판 청구를 지지하고, 국회의 청구와 소송행위가 유효‧적법한 행위임을 재차 확인하며, 한덕수 대통령 권한대행 국무총리가 더 이상 임명절차로 나아갈 수 없도록 국회에 인사청문요청안을 제출하는 행위 등의 효력 정지를 구하는 가처분 신청, 그리고 그에 부수하는 모든 필요한 법적 조치에 대해서도 지지하고, 국회의장에게 필요한 모든 권한의 행사를 촉구한다."
BA4DA2E7-2EFC-963C-3246-5EF7EF441EFE.pdf,8820,"1. 방송통신심의위원회 위원장 류희림이 가족과 지인들(이하 ‘사적이해관계자 등’이라 함)을 이용하여 민원을 사주하였다는 의혹에 대한 감사 2023년 9월경 방송통신심의위원회에 특정 보도에 대한 다수의 민원이 제기됨. 해당 민원에서는 서로 내용이 유사하거나, 심지어 오타까지 똑같은 사례가 발견되었고, 상당수의 민원인이 류희림의 사적이해관계자 등이라는 사실이 드러나면서 류희림이 민원을 사주한 것 아니냐는 의혹이 제기되고 있으므로 이에 대한 감사가 필요함. 2. 방송통신심의위원회 위원장 류희림이 사적이해관계자 등의 민원을 인지하고도 이를 직접 심의하여 「방송통신위원회의 설치 및 운영에 관한 법률」, 「공직자의 이해충돌 방지법」 등을 위반한 사실에 대한 감사 2025년 3월 5일 열린 국회 과학기술정보방송통신위원회 현안질의에서 방송통신심의위원회 간부는 2023년 9월 14일 방송통신심의위원회 위원장 류희림에게 ‘쌍둥이 동생 민원’을 보고했다고 밝힘. 3. 방송통신심의위원회 위원장 류희림이 민원사주 및 이해충돌방지 의무 위반 사실을 숨기기 위해 국회 등에서 수십 차례 거짓 증언을 반복하고, 방송통신심의위원회 간부 등에게 위증을 교사한 사실에 대한 감사","「국회법」 제127조의2에 따라 감사원에 대하여 다음 사항에 대한 감사를 요구한다. 1. 방송통신심의위원회 위원장 류희림이 가족과 지인들(이하 ‘사적이해관계자 등’이라 함)을 이용하여 민원을 사주하였다는 의혹에 대한 감사 2. 방송통신심의위원회 위원장 류희림이 사적이해관계자 등의 민원을 인지하고도 이를 직접 심의하여 「방송통신위원회의 설치 및 운영에 관한 법률」, 「공직자의 이해충돌 방지법」 등을 위반한 사실에 대한 감사 3. 방송통신심의위원회 위원장 류희림이 민원사주 및 이해충돌방지 의무 위반 사실을 숨기기 위해 국회 등에서 수십 차례 거짓 증언을 반복하고, 방송통신심의위원회 간부 등에게 위증을 교사한 사실에 대한 감사 4. 방송통신심의위원회가 방송통신심의위원회 위원장 류희림의 민원사주 의혹 등에 대한 감사를 부실하게 진행한 의혹에 대한 감사 5. 방송통신심의위원회 위원장 류희림이 공익신고자 색출을 목적으로 수사를 의뢰하고, 본인의 위법사실에 대한 의혹 등을 제기해온 직원들에게 인사상 불이익을 주는 등 사실상의 보복 행위를 자행한 과정에 대한 감사"
BF84D97C-4428-114E-5248-69B563933174.pdf,2203532,「경제안보를 위한 공급망 안정화 지원 기본법」에 따라 한국수출입은행이 2025년도에 발행하는 공급망안정화기금채권의 원리금 상환에 대해 국가가 보증하기 위하여 「국가재정법」 제92조에 따라 국회의 동의를 요청하고자 제안하는 것임.,가. 채 무 자 : 한국수출입은행 나. 채 권 자 : 공급망안정화기금채권의 소유자 다. 발 행 액 : 원화기준 10조원 이내 (외화의 경우 발행당시 매매기준율 적용) 라. 보 증 액 : 공급망안정화기금채권의 원리금 마. 발행방법 : 공모 또는 사모발행 바. 발행금리 : 시장금리를 참작하여 별도 결정 - 1 - - 2 - 사. 상환기간 : 채권발행일로부터 10년 이내 아. 상환재원 : 「경제안보를 위한 공급망 안정화 지원 기본법」 제39조제1항에 따른 공급망안정화기금의 재원 자. 자금사용계획 : 「경제안보를 위한 공급망 안정화 지원 기본법」 제41조제2항에 따른 기금의 용도에 사용 차. 기타 필요한 사항은 기획재정부장관의 승인을 얻어 정함
C22C4F97-0539-2155-B4CA-EA09DB13EB20.pdf,,,"윤석열 정부의 비상계엄 선포를 통한 내란 혐의 진상규명 국정조사계획서 2024. 12. 31. 윤석열 정부의 비상계엄 선포를 통한 내란 혐의 진상규명 국정조사특별위원회 1. 조사목적 윤석열 대통령은 2024년 12월 3일 비상계엄을 선포하였고, 계엄사령부 포고령 제1호를 통해 헌법이 부여하고 있는 계엄에 대한 국회의 통제 권한을 무력화하기 위한 시도를 하였으며, 비상계엄 해제를 위해 국회 본청에 모여 있는 국회의원들을 불법적으로 체포하기 위해 무장한 군 병력을 투입하여 헌법기관을 난입ㆍ무단 점거하는 등 헌법과 법률이 정한 절차를 무시하고 강압에 의해 헌법기관인 국회의 권능행사를 불가능하게 하여 내란의 우두머리로서 국헌을 문란할 목적으로 내란 행위를 한 혐의가 있어 엄정한 수사가 필요함. 현직 대통령이 본인의 권력강화를 위해 벌인 사건으로써 그 어떤 사건보다 엄정하고 신속한 수사가 요구됨에도 불구하고, 검찰, 군검찰, 경찰 및 공수처가 경쟁적ㆍ산발적으로 수사를 벌이면서 혼란이 초래되고 있으며, 현직 대통령에 대한 체포ㆍ구속 가능성이 언급되는 등 극도의 헌정질서 혼란이 초래되는 상황임. 국회가 국민의 대표기관으로서 12ㆍ3 계엄 사태의 본질인 내란혐의를 조사하고, 헌정질서 문란 행위를 확인한 후, 국회가 당장 취할 조치가 무엇인지를 논의하고, 재발방지대책을 마련하여 국민의 기본권을 보장하고, 헌정 질서를 수호ㆍ유지하기 위하여 다음과 같이 국정조사를 실시하여야 함."
C2965AAD-4958-4E39-E2E7-8BC480013DE6.pdf,7713,"이 협약의 체결을 통하여 동일한 소득에 대한 우리나라와 안도라공국의 과세권 경합을 조정함으로써 양국 국민ㆍ기업의 이중적인 조세 부담을 방지하여 양국 간의 경제 교류를 활성화하고, 조세 회피 목적의 거래에 대해서는 협약에 따른 혜택을 부여하지 않도록 함으로써 탈세 및 조세 회피를 예방하려는 것임.","가. 이 협약의 적용 대상인 소득에 대한 조세는 총소득 또는 소득 항목에 부과되는 모든 조세를 의미함(안 제2조). 나. 이 협약이 적용되는 소득은 부동산소득, 사업 이윤, 국제 해운 및 항공 운송 이윤, 배당, 이자, 사용료, 양도소득, 근로소득 등과 그 밖의 소득으로 하고, 대상 소득별 과세 원칙은 다음과 같이 함(안 제6조부터 제20조까지). 1) 한쪽 체약국의 거주자가 다른 쪽 체약국에 소재하는 부동산에서 얻는 소득은 부동산 소재지국에서 과세할 수 있음(안 제6조). 2) 한쪽 체약국의 기업의 이윤은, 그 기업이 다른 쪽 체약국에 소재하는 고정사업장을 통하여 그 다른 쪽 체약당사국에서 사업을 수행하는 경우를 제외하고는, 그 한쪽 체약국에서만 과세함(안 제7조). 3) 국제운수에서 선박 또는 항공기의 운항으로부터 발생하는 한쪽 체약국의 기업의 이윤은 그 한쪽 체약국에서만 과세함(안 제8조). 4) 배당, 이자 및 사용료는 그 수익적 소유자의 거주지국에서 과세할 수 있으며, 소득이 발생하는 체약국에서는 제한세율에 따라 과세할 수 있음(안 제10조부터 제12조까지). 5) 부동산 양도소득은 부동산 소재지국에서 과세할 수 있음(안 제13조). 다. 한쪽 체약국의 국민은 다른 쪽 체약국에서 동일한 상황에 있는 그 다른 쪽 체약국의 국민보다 불리한 과세를 부담하지 않음(안 제22조). 라. 양 체약국의 권한 있는 당국은 이 협약의 규정의 이행과 관련이 있거나 양 체약국의 조세에 관한 국내법의 시행 또는 집행과 관련이 있는 것으로 예상되는 정보를 교환함(안 제24조)."
C9E54345-CAA8-531C-7AC0-D7AA112150ED.pdf,,「사회기반시설에 대한 민간투자법」제7조의2에 따라 2025년도에 실시할 임대형 민자사업(BTL)의 총한도액 및 대상시설별 한도액과 전년도에 사용한 예비한도액의 사용 명세를 국회에 제출하고자 하는 것임.,"가. 정부가 2025년도에 실시할 임대형 민자사업의 한도액(BTL)은 16,431억 원으로 구체적인 내역은 다음과 같음. 1) 국가사업 : 3,267억 원 ㅇ 대학시설(기숙사, 시설개선) : 995억 원 ㅇ 국방시설(군 주거시설, 교육시설 등) : 2,272억 원 2) 국고보조 지자체사업 : 12,382억 원 ㅇ 하수처리시설 : 2,787억 원 ㅇ 하수관로시설: 9,595억 원 3) 예비한도액* : 782억 원 * 사업 추진 과정에서 예측할 수 없는 지출에 충당하기 위해 국가사업 및 국고보조자치단체사업 한도액 합계액의 5% 수준을 계상 나. 정부가 2023년도에 지출한 예비한도액은 3,076백만원으로 구체적인 사용명세는 다음과 같음. - 1 - 1) 국가사업 : 3,076백만 원 ㅇ 대학시설 - 전북대 : 268억 원 → 279억 원 - 서울과기대 : 280억 원 → 293억 원 - 부산대 : 254억 원 → 260억 원"
D1026F9F-7BF4-DB53-B129-C5D444617568.pdf,7328,"2024년 12월 29일 전라남도 무안군 망운면 무안국제공항에서 제주항공 2216편 여객기가 착륙 중 활주로를 이탈하면서 해당 여객기 탑승자 중 179명이 사망하고 2명이 부상을 입는 참사(이하 ‘12ㆍ29 여객기 참사’)가 발생함. 불의의 사고로 유명을 달리한 수 많은 희생자 뿐만 아니라, 준비도 하지 못한 채 사랑하는 가족을 떠나보내야 했던 유가족과 사고로 인한 부상자에 대한 피해구제와 지원책 마련이 절실함. 또한 12ㆍ29 여객기 참사는 국내에서 발생한 항공기 사고 중 최다 사망자를 발생시킨 참사로서 사고의 발생 원인을 규명하고 재발 방지책과 제도개선 방안을 마련함으로써 우리나라의 항공교통안전시스템을 강화하고 국민의 생명과 안전을 보장하는 것이 시급함. 이에 12ㆍ29 여객기 참사로 희생된 분들을 추모하고 참사로 인해 피해를 입은 분들에 대한 피해구제 및 지원 방안을 마련하며 사고의 진상 규명 및 재발방지 대책 수립 등에 관한 사항 등을 논의하고 관련 법률안을 심사하기 위하여 「12.29 여객기 참사 진상규명과 피해자 및 유가족의 피해구제를 위한 특별위원회」를 구성하려는 것임.","가. 2024년 12월 29일 전라남도 무안군 망운면 무안국제공항에서 제주항공 2216편 여객기가 착륙 중 활주로를 이탈함에 따른 참사 희생자 추모, 피해자와 유가족들에 대한 피해구제 및 지원 방안 마련, 사고 진상 규명 및 재발방지 대책 수립 등에 관한 사항 등을 논의하고 관련 법률안을 심사ㆍ처리 하기 위하여 「국회법」 제44조에 따라 국회 내에 「12.29 여객기 참사 진상규명과 피해자 및 유가족의 피해구제를 위한 특별위원회」를 구성한다. 나. 위원 수는 위원장을 포함하여 15인(더불어민주당 7인, 국민의힘 7인, 비교섭단체 1인)으로 한다. 다. 특별위원회에 법률안 심사권을 부여하되, 안건은 여ㆍ야 합의로 처리한다. 라. 특별위원회에 진상규명 및 재발방지 소위원회와 피해자와 유가족 지원 및 추모사업 지원 소위원회를 둔다. 마. 특별위원회의 활동기한은 2025년 6월 30일까지로 한다."
D2EB6E17-2716-E7B5-5D3E-438516073263.pdf,4595,"특별검사의 임명을 위한 특별검사후보추천위원회는 7명으로 구성되어 있으며, 그중 4명이 국회에서 추천하게 되어 있음. 현행규칙은 국회에서 추천하는 4명의 위원을 제1교섭단체 및 그 외 교섭단체가 각각 2명씩 추천하도록 되어 있음. 대통령 또는 대통령의 친인척의 위법사건 수사의 경우 대통령이 소속되거나, 소속되었던 정당이 추천하는 사람이 특별검사후보추천위원회의 위원이 되는 경우, 대통령의 영향력이 미칠 수 있으며, 또한 이해충돌의 소지가 크다는 지적이 있음. 이에 대통령 또는 대통령과 「민법」 제779조에 따른 가족에 해당하는 자가 위법한 행위를 하여 수사대상이 되는 경우 대통령이 소속되거나, 소속되었던 정당은 추천할 수 없게 하고 그 외의 정당이 추천하도록 하여 이해충돌이 나는 것을 방지하고자 함(안 제2조).","특별검사후보추천위원회의 구성 및 운영 등에 관한 규칙 일부를 다음과 같이 개정한다. 제2조제2항에 단서를 다음과 같이 신설하고, 같은 항에 각 호를 다음과 같이 신설하며, 같은 조에 제3항부터 제5항까지를 각각 다음과 같이 신설한다. 다만, 법 제2조의 수사대상이 다음 각 호의 어느 하나에 해당하는 경우에는 대통령이 소속되거나, 소속되었던 정당의 교섭단체를 제외하여야 한다. 1. 대통령 2. 대통령과 「민법」 제779조가 정한 가족관계에 있는 자. 이 경우 같은 조 제2항은 적용하지 아니한다. ③ 제2항에 따라 추천할 수 있는 교섭단체가 2개에 미달하는 경우 비교섭단체 중 의석수가 많은 2개 비교섭단체가 각각 1명씩 추천한다. 다만, 의석수가 같은 경우에는 선수(選數)가 앞선 국회의원이 있는 비교섭단체가 추천하고, 선수(選數)도 같은 경우에는 연장자인 국회의원이 있는 비교섭단체가 추천한다. ④ 국회의장은 위원 추천을 위해 제2항에 따른 교섭단체(제3항의 경우에는 비교섭단체를 포함한다. 이하 이 조에서 같다)에 5일 이내의 기한을 정하여 위원의 추천을 서면으로 요청하여야 하고, 각 교섭단체는 요청받은 기한 내에 추천을 마쳐야 한다. ⑤ 제4항에도 불구하고 기한 내에 추천을 하지 아니한 교섭단체가 있는 경우에는 국회의장이 추천한다."
D2F1F985-B661-848E-7805-70CC9063C1D8.pdf,10291,"현행법은 거짓이나 그 밖의 부정한 방법으로 장애인기업 확인을 받은 경우에 해당하여 장애인기업 확인이 취소된 자의 경우 1년 이내의 범위에서 대통령령으로 정하는 기간 내에는 장애인기업 확인 신청을 할 수 없도록 하고 있는데, 장애인기업의 요건을 갖추지 않은 ‘가짜 장애인기업’에 대한 제재를 강화할 필요가 있음. 이에 장애인 또는 장애인기업 명의를 대여하여 이 법에 따른 지원을 받게 한 자에 대한 장애인기업 확인을 취소할 수 있게 하고, 거짓이나 그 밖의 부정한 방법으로 장애인기업 확인을 받은 경우에 해당하여 장애인기업 확인이 취소된 자 및 장애인 또는 장애인기업 명의를 대여하여 이 법에 따른 지원을 받게 한 자의 경우 3년 이내의 범위에서 대통령령으로 정하는 기간 내에는 장애인기업 확인 신청을 할 수 없도록 하려는 것임. 한편, 장애인기업 확인을 받은 자가 폐업 등의 사유로 기업활동을 하지 아니하게 된 경우에 해당하여 장애인기업 확인을 취소하는 경우에는 청문의 실익이 없으므로 청문을 실시하지 않고 장애인기업 확인을 취소할 수 있도록 하려는 것임. 또한, 일반 국민이 법률을 보다 쉽게 이해할 수 있도록 어려운 한자어인 ‘금원(金員)’을 ‘금품’으로 순화하려는 것임.",가. ‘금원(金員)’을 ‘금품’으로 용어를 변경함(안 제14조제3항). 나. 거짓이나 그 밖의 부정한 방법으로 장애인기업 확인을 받은 경우에 해당하여 장애인기업 확인이 취소된 자 및 장애인 또는 장애인기업 명의를 대여하여 이 법에 따른 지원을 받게 한 자는 3년 이내의 범위에서 대통령령으로 정하는 기간 내에는 장애인기업 확인 신청을 할 수 없도록 함(안 제18조의2제3항). 다. 장애인 또는 장애인기업 명의를 대여하여 이 법에 따른 지원을 받게 한 경우 장애인기업 확인을 취소할 수 있도록 함(안 제18조의3제1항제2호의2 신설). 라. 장애인기업 확인을 받은 자가 폐업 등의 사유로 기업활동을 하지 아니하게 된 경우에 해당하여 장애인기업 확인을 취소하는 경우에는 청문을 실시하지 아니할 수 있도록 함(안 제18조의3제2항 단서 신설).
D3BE5927-14B1-9AA9-24A8-119D44775BD2.pdf,7717,이 의정서의 체결을 통하여 2012년 12월 11일 서울에서 서명된 「대한민국 정부와 키르기즈공화국 정부 간의 소득과 자본에 대한 조세의 이중과세 방지와 탈세 예방을 위한 협정」을 개정하여 조세 회피 목적의 거래에 대해서는 협정에 따른 혜택이 부여되지 않도록 함으로써 OECD 및 G20이 주도하는 세원잠식 및 소득이전 대응 방안을 이행하기 위한 국제적 공조 움직임에 참여하려는 것임.,"가. 납세자가 체약국의 조치로 이 협정의 규정에 부합하지 않는 과세상 결과가 자신에게 발생하거나 발생할 것이라고 볼 때 상호 합의 절차를 신청할 수 있는 국가를 거주지국에서 양 체약국으로 확대함(안 제2조). 나. 정보를 요청받은 체약국은 자국의 조세 목적상 그러한 정보가 필요하지 않을 수 있더라도 요청받은 정보를 취득하기 위하여 자국의 정보수집 수단을 사용하도록 하는 등 체약국의 정보교환 협조 의무를 강화함(안 제3조). 다. 이 협정의 혜택을 얻는 것이 주요 목적인 계약 또는 거래에 대해, 그 혜택을 부여하는 것이 이 협정의 관련 규정의 대상과 목적에 부합한다고 입증되는 경우를 제외하고는, 이 협정의 혜택을 부여하지 않음(안 제4조)."
D6ED548B-4318-32A0-DF15-6B916F9FDB32.pdf,,,"가. 기금운용의 기본방향 (1) 기금의 사업목표 ㅇ 산재 신청–승인–요양–보상 등 산재보험 全 과정 투명성·공정성 제고, 재해근로자의 재활 및 사회 복귀 촉진 ㅇ 산업재해 및 직업병 예방, 쾌적한 작업환경 조성을 통한 근로자의 안전과 보건을 유지·증진하고 안전문화·인프라 확충 (2) 2025년도 기금사업의 개요 ㅇ 산재보험 全 과정 투명성·공정성을 제고하고 산재근로자의 신속·공정한 보호 - 산재요양관리시스템 전반에 걸친 제도개선 추진, 업무상 질병 처리 신속·전문화를 통해 산재 승인의 공정성 및 전문성 강화 ㅇ 산재근로자 직업·사회복귀 촉진을 위한 재활서비스 제공 및 의료인프라 확충 - 수요자 중심의 재활서비스 전달체계 구축으로 개인별 욕구와 특성에 맞는 다양한 재활프로그램 개발 및 제공 - 산재장해인의 고용시장 재진입과 고용유지를 유도하기 위한 지원 - 민간병원이 기피하는 아급성기 산재환자 중심의 전문재활치료 환경 구축을 위해 노후 시설·의료장비 현대화 등 인프라 확충 ㅇ 보험급여 누수방지를 통한 보험재정 건전화 - 부정수급 고위험군 상시 모니터링 강화 - 구상권행사 신속성 확보 및 구상금협의조정위원회 기능 강화를 통한 회수율 제고 ㅇ 소규모 사업장 맞춤형 안전보건관리체계 구축 집중 지원 - 50인 미만 사업장 대상 산업안전 대진단 실시 등 사업장 특성에 따른 맞춤형 지원 연계를 통한 밀착관리 추진 - 중·소규모 사업장 안전보건관리체계 구축 컨설팅 확대를 통한 안전관리 역량강화 및 공동안전관리 컨설팅 지원 ㅇ 고위험업종 집중관리 및 예방사업 인프라 구축, 新위험에 대비한 건강권 보호 강화 - 新산업 대응 화학사고재해 집중관리, 노무제공자 등 직종 특성을 반영한 실효성 있는 지원 - 폭염 대비 취약 사업장 재정 및 건강관리 지원, 야간·장시간 근로자 많은 취약사업장 중심 보건관리 지원 지속 ㅇ 현장 중심의 안전문화 확산 - 지역별 안전문화실천추진단 중심 안전문화 확산 및 외국인근로자 안전의식 제고를 위한 맞춤형 안전보건교육 추진 나. 자금의 조달과 운용에 관한 주요내용 (1) 자금조달 및 운용규모 (단위 : 백만원) 자 금 조 달 자 금 운 용 '24 '25 증감 '24 '25 증감 구분 구분 계획 당초(A) 현계획(B) 수정(C) (C-B) 계획 당초(A) 현계획(B) 수정(C) (C-B) 합 계 20,295,01323,418,11823,418,11823,418,118 - 합 계 20,295,01323,418,11823,418,11823,418,118 - ㅇ자체수입 10,738,06811,185,79711,185,79711,185,797 -ㅇ사업비 9,385,3069,569,511 9,569,511 9,576,071 6,560 ㅇ정부내부수입 1,667,462 5,083,649 5,083,649 5,083,649 -ㅇ기금운영비 436,936 448,080 448,080 448,080 - ㅇ차입금 - - - - -ㅇ정부내부지출 3,300,0004,850,000 4,850,000 4,850,000 - ㅇ여유자금회수 7,889,483 7,148,672 7,148,672 7,148,672 -ㅇ여유자금운용 7,172,7718,550,527 8,550,527 8,543,967 △6,560 (2) 일시차입금 및 차입금 한도 : 해당사항 없음 (3) 주식 및 부동산취득한도 : 해당사항 없음 (4) 기타 자금조달 및 운용에 관한 주요사항 : 해당사항 없음 다. 자산에 관한 주요사항 (1) 보유자산 규모의 변동 (단위 : 백만원) '24 '25 증감 구 분 계획 당초(A) 현계획(B) 수정(C) (C-B) 계 27,310,045 33,021,383 33,021,383 33,027,943 6,560 ○ 유동자산 5,368,721 7,396,576 7,396,576 7,396,576 0 ○ 투자자산 21,432,350 25,093,994 25,093,994 25,100,554 6,560 ○ 일반유형자산 508,964 530,804 530,804 530,804 0 ○ 무형자산 4 3 3 3 0 ○기타 비유동자산 6 6 6 6 0 (2) 고정자산 및 투자자산의 주요 변동내용 ㅇ 장기대여금인 산재근로자 생활안정자금융자금액 증액(6,560백만원)에 따라 투자자산 증가"
DA42FB99-CAEE-A299-3AE1-E9C33FFFC58C.pdf,8162,"1. 김용원 국가인권위원회 상임위원의 헌정질서 부정과 내란선전ㆍ선동, 위헌ㆍ위법행위를 일삼는 등 국가인권위원으로서 부적절한 행위를 하고 있음에도 이를 방치한 국가인권위원회의 인사관리감독 실태에 대한 감사 국가인권위원회 상임위원은 「국가인권위원회법」 제5조제6항에 따른 정무직공무원 신분임. 현행 「국가공무원법」 제56조, 제63조는 공무원의 성실 의무와 품위유지 의무를 규정하고 있으며, 「국가인권위원회법」 제10조제2항은 위원의 정치운동 관여를 금지하고 있음. 이에 따라 국가인권위원회 상임위원은 현행 법령을 준수하고, 직무 내외에서 품위가 손상되는 행위와 정치 운동에 관여해서는 안 됨. 김용원 국가인권위원회 상임위원은 2025년 1월 13일 국가인권위원회에 위원회 의결 안건으로 ‘계엄선포로 야기된 국가적 위기 극복 대책 권고의 건’을 제출함. 해당 안건은 12.3 비상계엄을 일으킨 대통령 윤석열의 방어권을 보장하라는 내용을 담고 있어 위헌ㆍ불법한 계엄 선포 및 내란 행위를 정당화하고 있다는 지적이 존재함. 김용원 상임위원은 동 안건을 같은 해 2월 3일 수정 제출했는데, 그 내용에서 “헌법재판소는 그 계엄 선포의 요건 구비 여부나 선포의 당ㆍ부당을 판단할 권한이 있는지 근본적 의문이 제기된다”라며 헌법재판소의 탄핵심판 권한을 부정하였고, 이에 대하여 대한민국 사법질서를 부정하는 것이라는 비판이 제기됨. 또한, 2월 5일엔 개인 SNS에 헌법재판소를 겨냥해 “대통령을 탄핵한다면 국민은 헌법재판소를 두들겨 부수어 흔적도 남김없이 없애버려야 한다”는 글을 작성하였는데, 이는 내란동조세력을 상대로 헌법재판소에 대한 폭력을 선동한 것임. 이후 실제 한 온라인 커뮤니티에는 헌법재판소에서의 폭력 난동 행위를 사전 모의하는 게시글이 올라왔고, 경찰이 이를 수사 중임. 김용원 상임위원은 현재 이 같은 행위 및 발언으로 내란선전죄, 내란 선동죄로 경찰에 고발된 상태로, 국가공무원으로서의 법령 준수 의무와 품위 유지 의무, 인권위원으로서 정치 운동 관여 금지를 위반하였다는 의혹이 제기되고 있음. 이에 김용원 국가인권위원회 상임위원이 헌정질서 부정과 내란선전ㆍ선동, 위헌ㆍ위법행위를 일삼는 등 국가인권위원으로서 부적절한 행위를 하고 있음에도 이를 방치한 국가인권위원회의 인사관리감독 실태에 대한 감사가 필요함. 2. 국가인권위원회가 정치적 중립의무를 위반하고, 사회적 약자 보호와 국민의 인권증진 등 본연의 임무는 해태한 채, 기관을 특정 정파의 정치적 목적 달성을 위한 기관으로 전락시키는 등 국가인권위원회의 위법ㆍ부실한 운영에 대한 감사 국가인권위원회는 김용원 상임위원의 문제 행위 및 발언이 국회 운영위원회 질의, 언론 보도 등을 통해 수차례 지적 및 문제 제기되었음에도 어떤 주의ㆍ징계 조치를 하지 않음. 상임위원이 사회적 물의를 일으켜 고발 조치되고 기관 명예에 손상을 입혔는데도 적정한 조치를 취하지 않은 것에서 운영상 부실의혹이 제기되고 있음. 또한, 국가인권위원회가 ‘계엄 선포로 야기된 국가적 위기 관련 인권침해 방지 대책 권고 및 의견 표명의 건’을 의결하며, 사회적 약자의 인권보다 권력자의 친위쿠데타를 옹호하는 입장을 표명한 것은 용납할 수 없는 반 헌법적 행위이며 인권위의 국가적, 국제적 위상을 추락시키는 행위였음. 비상식적인 안건을 통과시킨 동기와 목적 및 심의 과정에 대한 감사가 필요함. 이에 국가인권위원회가 사회적 약자의 보호와 인권의 증진이라는 기관 본연의 역할에 충실할 수 있도록, 국가인권위원회 내부의 위헌ㆍ불법 행위들을 근절하고 내부 운영을 정상화하기 위하여, 국가인권위원회의 부실 운영에 대해 감사원 감사가 필요함. 3. ‘계엄 선포로 야기된 국가적 위기 관련 인권침해 방지 대책 권고 및 의견 표명의 건’의 상정과 처리 과정에서 안창호 위원장 등이 「국가인권위원회법」 등 관계법령을 위반하였는지 여부에 대한 감사 김용원 국가인권위원회 상임위원은 2025년 1월 13일 국가인권위원회에 위원회 의결 안건으로 ‘계엄 선포로 야기된 국가적 위기 극복 대책 권고의 건’을 제출하였고 같은 해 2월 3일 수정하여 제출하였으며, 국가인권위원회는 같은 해 2월 10일 ‘계엄 선포로 야기된 국가적 위기 관련 인권침해 방지 대책 권고 및 의견 표명의 건’을 의결하였음. 그런데, 해당 안건이 「국가인권위원회법」 등 관계법령에서 정하고 있는 국가인권위원회의 심의 사항에 해당하지 아니하고 안건 성립 요건도 갖추고 있지 못하여 「국가인권위원회법」 등 관계법령의 위반 소지가 높고, 해당 안건에 대하여 상임위원회를 거치지 아니하는 등 절차상 하자도 심각하다는 문제 제기가 있음. 이에 ‘계엄 선포로 야기된 국가적 위기 관련 인권침해 방지 대책 권고 및 의견 표명의 건’의 상정과 처리 과정에서 안창호 위원장 등이 「국가인권위원회법」 등 관계법령을 위반하였는지 여부에 대한 감사가 필요함.","「국회법」 제127조의2에 따라 감사원에 대하여 다음 사항에 대한 감사를 요구한다. 1. 김용원 국가인권위원회 상임위원이 헌정질서 부정과 내란선전ㆍ선동, 위헌ㆍ위법행위를 일삼는 등 국가인권위원으로서 부적절한 행위를 하고 있음에도 이를 방치한 국가인권위원회의 인사관리감독 실태에 대한 감사 2. 국가인권위원회가 정치적 중립의무를 위반하고, 사회적 약자 보호와 국민의 인권증진 등 본연의 임무는 해태한 채, 기관을 특정 정파의 정치적 목적 달성을 위한 기관으로 전락시키는 등 국가인권위원회의 위법ㆍ부실한 운영에 대한 감사 3. ‘계엄 선포로 야기된 국가적 위기 관련 인권침해 방지 대책 권고 및 의견 표명의 건’의 상정과 처리 과정에서 안창호 위원장 등이 「국가인권위원회법」 등 관계법령을 위반하였는지 여부에 대한 감사"
DA984DA5-18AA-CB0D-2957-95486A652F9A.pdf,8169,"이 협정의 비준을 통하여 공해 등 국가관할권 이원지역의 해양유전자원(海洋遺傳資源) 채집ㆍ관리에 대한 정보 공유를 의무화하고, 국가관할권 이원지역의 활동에 대하여 환경영향평가를 수행하도록 하는 등 해양생물 다양성 보전 및 지속가능한 이용을 위한 공동 대응체계를 마련함으로써, 해양생태계 약화 등 국가관할권 이원지역에서 발생하는 환경문제에 대응하는 국제사회의 노력에 동참하려는 것임.","가. 공해상 해양유전자원 등의 채집·관리에 대한 정보와 해양유전자원 등을 이용하여 발생하는 이익 공유를 의무화함(안 제9조부터 제15조까지). 1) 동 이익공유 적용범위 및 공해상 해양유전자원 현지내 채집 활동에 대한 정보 통보 절차를 규정하고, 협정 발효 전 채집·생성된 해양 유전자원 등 이용에 대해서는 협정이 적용되지 않도록 예외를 둘 수 있게 함(안 제10조부터 제12조까지). 2) 공해상 해양유전자원 등 관련 활동으로 발생한 금전적·비금전적 이익의 공정하고 공평한 공유 의무와 동 이익 공유 방식 등을 규정함(안 제14조부터 제15조까지). 나. 해양보호구역을 포함한 구역기반관리수단의 적용 구역, 설정 방식, 이행 등에 대해 규정함(안 제17조부터 제26조까지). 1) 구역기반관리수단은 당사자에 의해 제안되고, 이해관계자와의 협의 및 과학기술기구의 평가·권고 후 당사자총회의 심의를 거쳐 채택됨(안 제19조부터 제21조까지). 2) 구역기반관리수단 설정이 협정 및 당사자 권리와 불합치하거나 부당하게 차별적인 경우 이의제기 당사자는 동 결정에 대한 적용제외를 선언하고 동일한 효과를 갖는 대체조치를 채택할 수 있음(안 제23조). 다. 공해상 활동으로 인해 실질적 오염 또는 중대하고 해로운 변화를 초래할 수 있는 경우, 환경영향평가를 실시함(안 제27조부터 제30조까지). 라. 개발도상국 역량강화를 위해 역량구축 및 해양기술이전 의무, 조건 및 방식을 규정하고, 관련 위원회를 설립함(안 제40조부터 제46조까지)."
DF82EFAC-DCA8-2C2B-A680-69A858FBC7B2.pdf,4595,"특별검사의 임명을 위한 특별검사후보추천위원회는 7명으로 구성되며, 그중 4명이 국회에서 추천하게 되어 있음. 현행규칙은 국회에서 추천하는 4명의 위원을 제1교섭단체 및 그 외 교섭단체가 각각 2명씩 추천하도록 되어 있음. 대통령 또는 대통령의 친인척의 위법사건 수사의 경우 대통령이 소속되거나, 소속되었던 정당이 추천하는 사람이 특별검사후보추천위원회의 위원이 되는 경우, 대통령의 영향력이 미칠 수 있으며, 또한 이해충돌의 소지가 크다는 지적이 있음.","대통령 또는 대통령과 「민법」 제779조에 따른 가족에 해당하는 자가 위법한 행위를 하여 수사대상이 되는 경우 대통령이 소속되거나, 소속되었던 정당은 추천할 수 없게 하고 그 외의 정당이 추천하도록 하여 이해충돌이 나는 것을 방지하고자 함(안 제2조)."
E0CEF2CC-F0ED-824F-9625-98BEBF32FBC1.pdf,8819,"방송통신심의위원회는 방송 내용의 공공성 및 공정성을 보장하고 정보통신에서의 건전한 문화 창달과 올바른 이용환경 조성을 위하여 설립된 독립기관으로서, 방송통신심의위원회 위원장은 기관의 설립 목적과 취지를 앞장서 준수해야 할 책무가 있음. 이와 관련하여 2023년 9월경 방송통신심의위원회에 특정 보도에 대한 다수의 민원이 제기되었는바, 해당 민원에서는 서로 내용이 유사하거나, 심지어 오타까지 똑같은 사례가 발견되었고, 상당수의 민원인이 방송통신심의위원회 위원장 류희림의 사적이해관계자 등이라는 사실이 드러나면서 류희림이 민원을 사주한 것 아니냐는 의혹이 제기되어 왔음. 류희림은 이러한 민원사주 의혹에 대해 전면 부인하며, 본인은 민원인의 정보에 대해 일체 보고받지 않았기 때문에 민원인의 정보, 본인과의 관계를 전혀 알 수 없었다고 주장함. 하지만 2025년 3월 5일 열린 국회 과학기술정보방송통신위원회 현안질의에서 방송통신심의위원회 간부는 2023년 9월 14일 류희림에게 ‘쌍둥이 동생 민원’을 보고했다고 밝힘. 2023년 9월 14일 방송통신심의위원회 간부가 보고한 내용의 핵심은 류희림의 쌍둥이 동생이 2023년 9월 5일 제기한 민원이 방송통신심의위원회 방송소위의 안건으로 상정될 예정인바, 이해충돌 방지를 위해 류희림이 이를 심의해선 안 된다는 것임. 류희림은 해당 내용을 보고받은 후로도 최소 7차례에 걸친 방송소위 및 전체회의에 참석하여 사적이해관계자 등이 제기한 민원을 직접 심의하였고, 이는 「방송통신위원회 설치 및 운영에 관한 법률」, 「공직자의 이해충돌 방지법」 등에 규정된 이해충돌방지 의무를 위반한 것임. 뿐만 아니라 류희림은 본인의 위법사실을 감추려는 목적으로 국회 과학기술정보방송통신위원회 회의 등에서 사적이해관계자 등의 민원제기 관련 내용을 보고받은 적이 없다고 수십 차례 주장한 바, 이 역시 명백한 거짓 증언이라는 사실이 드러남. 한편 방송통신심의위원회 간부는 류희림의 부패신고(이해충돌방지법 위반 및 행동강령 위반)와 관련한 국민권익위원회 조사에서 ‘위원장에게 보고한 적이 없다’고 거짓으로 진술하고 난 후 류희림으로부터 “고맙다”, “잘 챙겨주겠다”는 말을 들었으며 이후 수차례에 걸친 국회 과학기술정보방송통신위원회 회의에서도 ‘보고한 적이 없다’는 거짓 진술을 했다고 증언함. 이는 류희림이 본인의 지위와 권한을 악용해 위증을 교사했다는 사실을 보여줌. 사실관계가 이러함에도 방송통신심의위원회는 2024년 7월부터 2025년 1월까지 6개월에 걸쳐 류희림의 민원사주 의혹 등에 대한 감사를 진행하였으나 ‘불법 여부를 확인할 수 없다’는 결과를 도출해 류희림에게 면죄부를 줌으로써 부실 감사 의혹이 제기되고 있음. 또한 류희림은 2023년 12월 공익신고자 색출을 목적으로 수사를 의뢰하고, 본인의 위법사실에 대한 의혹 등을 제기해온 직원들에게 인사상 불이익을 주는 등 사실상의 보복 행위를 자행해 왔음. 이에 대한민국 국회는 류희림이 민원사주 의혹, 이해충돌방지 의무 위반 등으로 방송통신심의위원회의 공공성과 공정성을 훼손하였고, 본인의 불법행위를 은폐하기 위해 국회에서 반복적으로 위증을 하며 내부 구성원들에게 회유, 보복을 자행해 왔다는 점에서 류희림의 즉각적인 사퇴를 촉구하기로 결의함. 아울러 류희림의 민원사주 및 은폐 의혹 등과 관련해 국민권익위원회와 경찰의 엄정하고 신속한 재조사 및 수사를 촉구함.","방송통신심의위원회 위원장 류희림은 민원사주 의혹과 관련하여 이해충돌방지 의무를 위반하고, 본인의 위법사실을 감추려는 목적으로 국회 과학기술정보방송통신위원회 회의 등에서 여러 차례 명백한 거짓 증언을 하였을 뿐만 아니라, 본인의 지위와 권한을 악용해 직원들에 대한 위증 교사 및 부실한 내부감사와 보복인사 등을 통해 방송통신심의위원회의 공공성과 공정성을 훼손하였는바, 이에 대한민국 국회는 방송통신심의위원회의 정상화를 위해 다음과 같이 결의한다. 1. 대한민국 국회는 방송통신심의위원회 위원장 류희림이 본인의 불법행위를 은폐하기 위해 국회에서 반복적으로 위증을 하고 내부 구성원들에게 회유, 보복을 자행해 왔다는 점에서 류희림의 즉각적인 사퇴를 촉구한다. 2. 대한민국 국회는 류희림의 민원사주 및 은폐 의혹 등과 관련해 국민권익위원회와 경찰의 엄정하고 신속한 재조사 및 수사를 촉구한다."
E715C15A-11E7-4725-2D72-FC8F039CAF6E.pdf,9175,"국민의 안정적인 노후생활을 보장하기 위하여 「국민연금법」 및 「기초연금법」 등에 따라 각종 연금제도를 운용하고 있음. 그러나 연금제도의 소득보장 효과에 한계가 있고 저출생ㆍ고령화로 인한 재정의 불안정성도 증대하고 있어, 제도개선의 필요성이 커지고 있음. 이에 연금재정의 지속가능성과 노후소득 보장을 도모하기 위해 재정 안정화 조치 및 국민ㆍ기초ㆍ퇴직ㆍ개인 연금 등의 개혁방안을 논의하고, 관련 법률안을 심사ㆍ처리하기 위하여 「연금개혁 특별위원회」를 구성하려는 것임.","가. 연금재정의 안정과 노후소득 보장을 위해 재정 안정화 조치 및 국민ㆍ기초ㆍ퇴직ㆍ개인 연금 등의 개혁방안을 논의하고, 관련 법률안을 심사ㆍ처리하기 위하여 「국회법」 제44조에 따라 「연금개혁 특별위원회」(이하 “특별위원회”라 한다)를 구성한다. 나. 위원 수는 위원장을 포함하여 13인(더불어민주당 6인, 국민의힘 6인, 비교섭단체 1인)으로 한다. 다. 특별위원회에 법률안 심사권을 부여한다. 라. 특별위원회 활동기한은 2025년 12월 31일까지로 한다."
E8CA57CC-6B9D-A156-3732-F5630D6F0EE6.pdf,3319,"일본이 후쿠시마 원전 오염수 해양투기를 시작한 지 1년, 한국 정부는 더 이상 일본의 원전 오염수 해양투기를 방조하지 말고, 국민 안전과 수산업계 보호를 위해 일본에 즉각 원전 오염수 해양투기 중단을 요구해야 함. 바다는 무한한 복원력으로 전 인류를 먹여 살리는 생명 창고임. 전 세계적으로 약 30억 명 이상이 바다에서 주요 단백질을 얻고 있음. 바다는 연간 약 1억 톤 이상의 어류 및 해산물을 생산하고 있으며, 이는 전 세계 식량 공급의 약 16%에 해당함. 우리가 바다 환경을 지키고 보존해야 할 이유임. 하지만 일본 정부는 인접 국가와 국제사회의 동의도 없이 지난해 8월 24일 후쿠시마 원전 오염수 134만 톤을 앞으로 30년 이상 전 인류의 바다에 투기를 시작하였음. 단지 원전 오염수 해양투기가 비용이 제일 싸다는 이유에서 임. 이는 IAEA의 권고로 시작되었고, IAEA의 최종보고서에 의해 결정되었음. 하지만 IAEA는 최종보고서에 대해 아무런 책임도 지지 않는다고 함. 인접 국가로서 누구보다도 해양투기를 저지해야 할 한국 정부는 일본의 원전 오염수 투기 중단을 위해 아무런 조치도 취하지 않았음. 오염수 방류 후 처음 개최된 23년 런던협약ㆍ의정서 당사국총회에서 한국 정부는 “첫 방류가 국제기준을 충족하는 방류계획에 따라 이루어진다”고 일본 정부를 옹호하였음. 인접 국가인 중국과 러시아의 “해양투기이며 런던의정서 위반이다”는 입장과는 상반된 주장임. 이에 대한민국 국회는 일본 정부가 지금이라도 원전 오염수 투기를 중단하고 IAEA의 책임 있는 자세를 촉구하는 결의안을 제안함.","일본 정부는 전 인류가 공유하는 바다에 지난해 8월 24일부터 현재까지 후쿠시마 원전 오염수를 총 8회에 걸쳐 약 6만 2,500톤을 투기하였다. 앞으로 최소 30년 이상 134만 톤의 핵 오염수와 매일 100톤 이상 발생하는 핵 오염수가 바다로 버려질 것이다. 일본 정부는 원전 오염수 처리에 대해 해양방류, 대기방출, 지하매설 등 여러 가지 방법을 검토했으나, 국제사회와 자국 어민들의 강한 반대에도 불구하고 비용이 가장 적게 드는 해양방류를 결정하였다. 이는 IAEA의 권고로 시작되었고, IAEA의 최종보고서에 의해 결정되었다. IAEA의 최종보고서는 오염수가 장기적으로 해양생태계와 인체에 미치는 영향에 대한 과학적 불확실성을 다루지 않았고, 해양환경에 대한 영향평가가 충분히 이뤄지지 않았다. 제한된 데이터로 신뢰성 문제가 제기되었고, 인접 국가들의 우려가 무시된 보고서라는 문제 또한 제기되었다. 이를 의식한 듯 IAEA는 최종보고서에 “IAEA와 회원국은 이 보고서의 사용으로 인해 발생할 수 있는 결과에 대해 어떠한 책임도 지지 않는다”라고 기록하였다. 우리나라는 일본의 최인접국으로 방사능 오염수로 인한 국민건강의 직접 피해와 더불어 수산물 방사능 오염으로 인한 수산업계 피해 등 가장 큰 피해가 우려되는 국가임에도 불구하고, 윤석열 정부는 후쿠시마 원전 오염수 해양투기 중단을 위해 아무런 조치도 하지 않았다. 오히려 대통령실이 나서서 후쿠시마 원전 오염수의 안전 동영상을 제작ㆍ홍보하는 등 일본 정부 입장만 대변함으로써 국민의 안전은 등한시하는 모습으로 국민에게 실망과 자괴감을 안겨 주었다. 이는 국민의 생명과 안전을 최우선시해야 할 정부의 역할과 의무를 저버린 것으로 윤석열 정부는 지금까지도 국민 안전에 대해 무대책, 무책임으로 일관하고 있다. 후쿠시마 원전 오염수가 해양에 투기된 지 1년이 지났다. 일본 정부의 이기심과 IAEA의 공조, 윤석열정부의 무능함으로 국민의 생명이 위협받고 전 인류의 공유 자산인 바다가 서서히 무너지고 있다. 대한민국 국회는 전 인류가 공유하는 바다에 더 이상 원전 오염수가 투기되는 것을 보고 있을 수만 없다. 이에 일본 정부와 IAEA, 한국 정부에 다음과 같이 촉구 결의한다. 1. 대한민국 국회는 한국 정부가 우리 해양에 대한 방사능 검사와 수산물 위판장 방사능 장비 확충을 철저히 하고 국민건강과 수산업계 피해 우려에 대한 제도적 보호장치를 마련할 것을 촉구한다. 시간이 촉박하다. 독일의 연구소는 방류 후 200일이면 제주 해역에 도달한다고 하고, 한국해양과학기술원은 빠르면 4~5년 내에 우리 해역에 도달한다고 한다. 하지만 우리 해역 방사능 조사는 세슘과 삼중수소 등 일부만 조사하고 있다. ALPS에 걸러지지 않는 탄소-14, 요오드, 코발트-60 등은 조사하지 않는다. 또한, 전국 230개 위판장의 생산단계 수산물 방사능 검사장비는 고작 69대에 불과하다. 2. 대한민국 국회는 일본 정부에 후쿠시마 원전 오염수 해양투기 중단을 촉구한다. 일본 정부가 주장하듯 오염수가 그렇게 안전하다면, 전 인류의 바다에 투기하는 행위를 즉각 중단하고, 일본 내륙에 호수를 파서 보관하든, 지하매설을 하든 일본 정부 스스로 해결하라. 또한, 원전 오염수 해양투기로 인한 해양생태계와 인체에 미치는 영향에 대해 객관적으로 검증하고, 충분한 데이터 제공을 통해 신뢰성을 입증하라. 3. 대한민국 국회는 IAEA의 책임있는 자세를 촉구한다. IAEA는 최종보고서에 대해 아무런 책임도 지지 않는다는 무책임한 말만 반복하고 있다. IAEA는 지금이라도 한국 및 인접 국가를 포함한 남태평양 도서국 포럼(PIF) 등 국제 해양 환경 연구단체와 공조를 통한 해양조사를 실시하라. 4. 대한민국 국회는 한국 정부가 다가오는 10월, 런던협약ㆍ의정서 당사국총회에서 일본의 후쿠시마 원전 오염수 해양투기가 런던의정서 위반임을 분명히 밝히고, IMO(국제해사기구)에 분쟁 해소 절차를 진행할 것을 촉구한다. 또한, 해양법에 관한 국제연합 협약에 따라 지금이라도 당장 후쿠시마 인근 방사능 해양조사를 실시하여 한국 정부만의 독자적 검증을 촉구한다."
EC97C286-AB71-E7B6-06F4-198A4E153BA5.pdf,6212,"검사(조상원) 탄핵소추안은 윤석열 대통령 배우자 김건희의 도이치 모터스 주가조작 사건 등의 진상규명을 방해하고 면죄부를 주기 위해 헌법과 법률을 중대하게 위반한 피소추자 검사 조상원을 파면하여 헌법을 수호하고 손상된 형사사법의 정의를 바로 세워 헌법질서를 다시 회복하기 위해 발의되었음. 피소추자는 검찰 독립성을 빙자하여 검찰 권을 남용함으로써 인사권자에 사적 보은을 행사하였고, 상상할 수 없는 특혜 제공과 마땅히 진행해야 할 압수수색을 진행하지 않고 불기소처분하는 등 국민의 법치주의에 대한 신뢰를 근본적으로 무너뜨리고 법 앞의 평등원칙을 저버렸음. 수사와 공소제기 업무를 담당하는 고위 공무원으로서 이러한 행위는 헌법 질서에 중대한 부정적 영향을 미치며, 그 해악이 크므로 피소추자 검사 조상원을 파면함으로써 헌법질서를 수호하고 국민적 신뢰를 회복할 필요가 있음. 이에「검사(조상원) 탄핵소추안」을 2024년 12월 5일 제418회국회(정기회) 제16차 본회의 의사일정에 제4항으로 추가 상정하여 심의ㆍ처리할 것을 동의함.",2024년 12월 5일 제418회국회(정기회) 제16차 본회의 의사일정에 「검사(조상원) 탄핵소추안」을 제4항으로 추가 상정하여 심의ㆍ처리할 것을 동의함.
F0733E55-D551-2473-FBE2-EC3D703D8DC2.pdf,6647,"1. 농림축산식품부와 기획재정부에서 2022년 7월부터 2024년 9월까지 시행한 시장접근물량 증량 및 할당관세 적용시 절차적 타당성에 대한 감사 첫째, 농림축산식품부는 시장접근물량 증량시 「시장접근물량 증량에 관한 규칙」 제4조제1호부터 제7호까지 당해물품의 품목번호ㆍ품명ㆍ규격ㆍ용도 및 대체물품 등에 대한 자료를 기획재정부장관에게 제출해야 함. 하지만 농림축산식품부장관은 해당 규칙 제4호에 해당하는 생산농가에 미치는 영향 및 제5호부터 제7호까지에 해당하는 향후 3년간의 수급계획 및 수입가격, 수입실적, 국내도매가격, 국내생산실적 등의 내용이 누락된 보고서를 상습적으로 제출함. 특히, 제5호부터 제7호까지에 해당하는 자료는 전체보고서에 미기재된 상태로 제출됨. 또한, ‘2023년 맥아 TRQ 증량 기재부 제출보고서’에 따르면 국내 맥아 생산이 이뤄짐에도 불구하고 생산농가에 미치는 영향에 대해 ‘국내 맥아 생산농가 없음’이라고 거짓 명시함. 둘째, 농림축산식품부는 시장접근물량의 관리방향 등을 심의하기 위해 「농축산물무역정책심의회 규정(농림축산식품부훈령 제467호)」에 따라 농축산물무역정책심의회를 농림축산식품부장관의 자문기관으로 설치하고, 시장접근물량 증량시 심의를 할 때에는 회의일시, 장소 등 일정 사항을 각 위원에게 통지하며, 안건의 내용이 경미하거나 천재지변 등의 사유로 출석에 의한 의사정족수를 채우기 어려운 등의 경우에는 서면으로 대체하도록 하고 있음. 하지만 2022년 7월부터 2024년 9월까지 진행된 총 22회의 심의회 심의는 모두 서면으로 이뤄졌으며, 이에 대한 증빙을 제대로 하지 못함. 이에 시장접근물량 증량 및 할당관세 주무 부처인 농림축산식품부와 기획재정부에 대한 감사원의 감사를 요구함. 2. 해양수산부, 한국해양교통안전공단, 서울특별시가 추진하고 있는 한강 리버버스 사업의 사업자 선정 과정에 대한 관리감독 부실 및 사업자 선정과정에서의 「국가를 당사자로 하는 계약에 관한 법률」, 「보조금 관리에 관한 법률」 등 관계 법령 위반에 대한 감사 서울특별시는 한강리버버스 사업의 선박건조계약 체결시 자본잠식 상태였던 이크루즈와 계약을 체결하였으며, 우선협상대상자로 선정하여 서울시 투자심사위원회 심사 면제 대상이 되도록 편법을 사용함. 이크루즈는 해당 선박건조에 대해 해양수산부가 민간사업자를 대상으로 진행하는 친환경인증선박보급지원사업 대상자로 신청ㆍ선정된 후 2개월 후 서울시 SH공사 지분 51%로 하는 (주)한강버스로 합작하여 편법적으로 정부지원을 받음. (주)한강버스(SH 51%, 이크루즈 49%)는 은성중공업, 가덕중공업과 나라장터를 통한 계약과정에서 입찰서류가 제출되지 않았는데도 계약을 체결하여 「국가를 당사자로 하는 계약에 관한 법률」 및 「보조금 관리에 관한 법률」 등 관계 법령 위반이 의심됨. 또한, 친환경인증선박보급지원사업의 위탁기관인 한국해양교통안전공단의 경우 이크루즈에 대해 선박건조능력 및 재무상태에 대한 제대로 된 검증 없이 사업대상자로 선정함. 해당 사업의 최종 집행 및 관리감독 권한을 갖고 있는 해양수산부는 이크루즈가 사업대상자로 선정되는 과정에 대해 제대로 점검하지 못하였으며, 종국적으로 공공기관의 지분이 많은 (주)한강버스를 우회적으로 지원하게 되어 민간의 친환경 선박 전환을 지원하는 사업의 목적을 크게 위반함. 이에 한강리버버스 사업의 지원 주체인 해양수산부, 한국해양교통안전공단과 사업의 당사자인 서울특별시에 대한 감사원의 감사를 요구함. 3. 국고채무부담행위인 농림축산식품부의 농협 채권 및 정부 양곡 정산사업의 「국가재정법」 위반에 대한 감사 농림축산식품부는 「양곡관리법」 제16조에 따라 양곡수급안정대책을 실시할 수 있으며, 양곡수급안정대책의 일환으로 쌀 시장격리가 결정되면 농림축산식품부는 같은 조 제3항에 따라 시장격리곡을 농협경제지주 자금으로 우선 매입하도록 하고, 이후 분할상환(외상거래)하고 있음. 이러한 외상거래 방식은 「국가재정법」 제25조에 따른 국고채무부담행위의 성격을 지니지만, 같은 조 제1항에 따라 예산으로써 국회의 의결을 얻지 않고 있으며, 같은 조 제3항에 따라 필요한 이유를 명백히 하고 그 행위를 할 연도 및 상환연도와 채무부담의 금액을 표시하지도 않고 있음. 더욱이, 농림축산식품부는 「국가재정법」 제25조 국고채무부담행위의 예외가 되는 ‘법률에 따른 것’에 해당한다고 주장해왔으나, 기획재정부는 ‘법률에 따른 것’에 「양곡관리법」은 포함되어 있지 않은 것으로 확인함. 이에 법적 근거 없이 진행되고 있는 농림축산식품부의 ‘농협 채권 및 정부 양곡 정산사업’에 대한 위법성을 해소하기 위하여 농림축산식품부로 하여금 현행 양곡매입 방식이 「국가재정법」 제25조에 명확히 해당될 수 있도록 법적 근거를 마련하고, 농협경제지주에 대한 원금 및 이자 등 사후정산 관련 절차와 규모 등이 예산에 명확하게 드러나도록 하는 방안을 마련할 것을 지적했음. 그러나, 2024년 10월 24일 농림축산식품부 종합감사에서 농림축산식품부장관은 해당 사안이 위법이 아니라고 답변했음. 이에 국고채무부담행위인 농림축산식품부의 농협 채권 및 정부 양곡 정산사업의 「국가재정법」 위반에 대한 감사원의 감사를 요구함.","「국회법」 제127조의2에 따라 감사원에 대하여 다음 사항에 대한 감사를 요구한다. 1. 2022년 7월 ∼ 2024년 9월까지 농림축산식품부와 기획재정부가 시행한 시장접근물량 증량 및 할당관세 적용시 절차적 타당성에 대한 감사 2. 해양수산부, 한국해양교통안전공단, 서울특별시가 추진하고 있는 한강 리버버스 사업의 사업자 선정 과정에 대한 해양수산부의 관리감독 부실 및 사업자 선정 과정에서의 「국가를 당사자로 하는 계약에 관한 법률」, 「보조금 관리에 관한 법률」 등 관계 법령 위반에 대한 감사 3. 국고채무부담행위인 농림축산식품부의 농협 채권 및 정부 양곡 정산사업의 「국가재정법」 위반에 대한 감사"
F3B91113-0DAB-A06A-05F2-6143A4B76C6E.pdf,7752,,
F62E4CE8-38C9-5F0E-D90E-92668B71BEE3.pdf,7714,이 협정의 체결을 통하여 우리나라와 바레인왕국 정부 간 투자의 상호 증진 및 보호를 위한 제도적 기반을 마련함으로써 양국 간 경제협력관계를 강화하려는 것임.,"가.각 체약당사자는 다른 쪽 체약당사자의 투자자가 자국의 영역에서 투자를 하는 데 유리한 여건을 장려하고 조성하도록 함(안 제2조). 나.각 체약당사자는 자국의 영역에서 다른 쪽 체약당사자의 투자자에게 그 투자의 관리 등과 관련하여 유사한 상황에서 자국의 투자자나 제3국의 투자자에게 부여하는 대우보다 불리하지 않은 대우 중 더 유리한 대우를 부여하도록 함(안 제3조). 다.각 체약당사자가 공공 목적을 위하여, 비차별적 방식으로, 신속하고 적절하며 효과적인 보상을 지급하고, 적법 절차에 따르는 등의 요건을 갖추는 경우에만 다른 쪽 체약당사자의 투자자의 투자를 직접적으로 또는 간접적으로 수용하거나 국유화할 수 있도록 함(안 제5조). 라.각 체약당사자는 다른 쪽 체약당사자의 투자자가 투자와 관련된 모든 지급금을 자국 영역 내외로 자유롭게 송금할 수 있도록 보장함(안 제6조). 마.이 협정의 해석 또는 적용과 관련된 체약당사자 간의 분쟁은 가능하면 협의나 외교경로를 통하여 해결하되, 분쟁 해결 요청일부터 180일 내에 분쟁이 해결될 수 없는 경우 어느 한쪽 체약당사자의 요청으로 임시 중재판정부에 회부되도록 함(안 제10조). 바.한쪽 체약당사자와 다른 쪽 체약당사자의 투자자 간 분쟁은 가능하면 교섭이나 협의를 통하여 해결하되, 분쟁이 서면으로 제기된 날부터 180일 내에 해결되지 못한 경우, 투자자가 분쟁을 분쟁당사자인 체약당사자의 국내 구제절차 또는 각종 중재절차에 회부할 수 있도록 함(안 제11조)."
F7EE8659-8782-5F41-DB2E-F838BAD1CF70.pdf,7578,"2024년 12월 29일 무안국제공항에서 발생한 제주항공 여객기 참사로 탑승객 181명 중 구조된 승무원 2명을 제외한 179명이 사망했다. 사고 이후 피해자와 가족들은 신체적·정신적 고통을 겪고 있다. 특히, 일부 인터넷과 SNS에서는 이들을 대상으로 한 악의적인 댓글과 허위 정보가 유포되어 2차 가해가 발생하고 있다. 이러한 2차 가해는 피해자와 가족들에게 심각한 정신적 고통을 유발하며, 사건의 공정한 해결과 사회적 치유를 방해하는 요소로 작용한다. 현재 경찰은 이러한 악성 게시물과 관련된 수사를 진행 중이며, 이러한 행위는 명예훼손 및 모욕죄로 처벌이 가능하다. 이에 대한민국 국회는 제주항공 여객기 참사 피해자와 그 가족에 대한 명예와 권익을 보호하고 이들에 대한 2차 가해를 방지하기 위해 정부의 실효성 있는 대책 마련과 엄중한 처분을 요구하고자 한다.","지난 2024년 12월 29일 무안국제공항에서 발생한 제주항공 여객기 사고는 많은 피해자와 그 가족들은 물론 전 국민에게 큰 상처와 고통을 남긴 참사이다. 사고 이후 피해자와 가족들은 심리적 충격과 더불어 신체적, 경제적, 사회적 어려움에 직면하고 있으며, 이들의 회복을 위해 사회적 연대와 지원이 필요하다. 하지만 일부 인터넷과 SNS에서는 피해자와 가족들을 향한 허위 사실 유포, 근거없는 비방과 악성 댓글 등 2차 가해 행위가 발생하고 있다. 이는 피해자들의 상처를 더욱 악화시키고 사회적 갈등을 조장하는 행위로, 이를 방지하기 위한 적극적이고 엄정한 대응이 필요하다. 이에 대한민국 국회는 피해자와 그 가족이 2차 가해로 인해 심각한 고통을 받고 있는 현실에 깊은 우려를 표하며, 다음과 같이 결의한다. 1. 대한민국 국회는 참사 피해자와 그 가족의 인권을 최우선으로 보장하고, 이들이 2차 가해로부터 보호받을 수 있도록 정부와 관계 기관의 강력한 대책 마련을 촉구한다. 2. 대한민국 국회는 사회적 비극을 악용하여 피해자와 그 가족에 대한 허위 사실 유포, 명예 훼손, 악의적 비난 등 모든 형태의 2차 가해 행위에 대해 강력히 경고하며, 정부와 사법기관이 관련 법률에 따라 엄중히 조치할 것을 요구한다."
FDECC266-FECC-6279-2C92-D014BEB43CA9.pdf,6195,"1. 검사 탄핵 추진에 반발하여 서울중앙지검 부장검사들이 회의를 소집하고 집단성명을 발표한 데 이어 서울남부지검 검사와 서울중앙지검 부부장검사들이 집단성명을 발표하는 등 일련의 행위가 있었는바, 동 검찰청 검사들의 행위가 「헌법」과 「국가공무원법」 등 관련 법령을 위반하였다는 의혹에 대한 감사 국가공무원은 「헌법」 제7조, 「국가공무원법」 제65조제2항과 제66조제1항 및 「국가공무원 복무규정」에 따라 그 신분과 정치적 중립성이 보장되며, 특정 정당 또는 정치단체를 지지하거나 반대할 수 없음. 또한 공무 외의 일을 위한 집단행위를 하여서는 아니 되는 등 공무원의 정치적 행위와 집단 행위는 금지하고 있음. 또한, 「검사윤리강령」 제3조는 ‘검사는 정치 운동에 관여하지 아니하며, 직무 수행을 할 때 정치적 중립을 지킨다’고 규정하여 검사의 정치적 중립을 강조하고 있음. 서울중앙지방검찰청은 위법한 검사 탄핵에 반발하여 2024년 11월 26일 부장검사 회의를 소집하고 국회의 고유권한인 탄핵소추권을 부정하며 특정 정당의 정치활동을 반대하는 입장을 부장검사 명의로 발표함. 이에 앞서 서울중앙지검 1ㆍ2ㆍ3차장 검사도 같은 취지의 공동 입장문을 검찰 내부망에 발표했으며, 이어 서울남부지방검찰청 검사, 서울중앙지검 부부장 검사들도 집단적으로 공동입장문을 발표함. 대검찰청은 같은 입장의 입장문을 기자들에게 배포함. 한편, 경찰의 경우 지난 2022년 행정안전부 경찰국 신설에 반대하며 경찰서장 회의를 주도한 행위에 대해 징계와 감찰을 신속하게 진행한 바 있음. 경찰서장 회의를 주도한 총경은 대기발령 조치하고, 회의 참석자들에 대해서는 감찰에 착수하기도 함. 또한, 2023년 서이초 교사 추모를 위해 집회에 참가한 교사들에 대해 교육부는 법과 원칙에 따라 엄정하게 대응하겠다는 입장을 발표하기도 함. 이와 같은 경찰과 교사에 대한 조치와 비교할 때 검찰의 집단행동에 대한 징계와 감찰조치는 제대로 이루어지지 않고 있는 실정임. 이에 공무원의 위법한 행위를 바로잡고 공직기강을 바로 세우기 위해 검찰청 검사들의 「헌법」 및 「국가공무원법」 등 관련 법령 위반 의혹에 대해 감사할 필요가 있음. 2. 검사들의 국회 탄핵소추와 특정 정당의 정치활동에 대한 반대활동과 관련, 국가공무원으로서의 정치적 중립 의무 위반과 정치운동 금지 위반 등 법령위반 의혹에 대한 감사 「헌법」 제7조제2항은 ‘공무원은 신분과 정치적 중립성을 법률이 정하고 있는 바에 의하여 보장된다’고 규정하고 있고, 「국가공무원법」 제65조제2항은 ‘공무원은 선거에서 특정 정당 또는 특정인을 지지 또는 반대하기 위한 행위를 하여서는 아니 된다’고 규정하고 있음. 또한, 「검찰청법」 제4조제3항은 ‘검사는 그 직무를 수행할 때 국민 전체에 대한 봉사자로서 헌법과 법률에 따라 국민의 인권을 보호하고 적법절차를 준수하여, 정치적 중립을 지켜야 하고 주어진 권한을 남용하여서는 아니 된다’며 검사의 정치적 중립의무를 명확하게 규정하고 있음. 서울중앙지방검찰청 부장검사들은 위법행위를 한 검사 탄핵에 반발하며 ‘더불어민주당이 주장하는 탄핵소추 사유에 대상 검사들에 대한 파면을 정당화할 정도로 중대한 헌법 및 법률 위반이 있다고 보기 어려움’이라는 이유를 제시하며 특정 정당의 정치활동을 반대했음. 또 한 대검은 ‘중대한 위헌ㆍ위법을 인정할만한 근거가 전혀 없다’며 국회가 추진하고 있는 탄핵소추에 대한 반대입장을 밝힘. 서울남부지방검찰청 차장ㆍ부장검사들도 국회가 탄핵을 ‘시도하는 것은 그 자체가 권한 남용이다’며 국회의 고유권한인 탄핵소추권을 부정하며 삼권분립 원칙을 부정하는 입장을 발표함. 이에 동조한 검사들도 국회의 고유권한을 부정하며 특정 정당의 정치활동을 반대하는 글을 검찰내부망 이프로스에 게시하고 있음. 이프로스가 검찰 내부망이라 할지라도 법조 기자들의 주요 취재원이라는 점을 고려하면 검사 자신들의 글과 댓글이 공공에 전파될 것을 충분히 인지하고 있었을 것이고, 실제 언론을 통해 많은 보도가 이루어지고 있음. 특정 정당의 정치활동을 반대하고 삼권분립 원칙을 부정하는 입장을 발표하고, 검사들의 위법한 행위를 선동하는 등 공무원으로서의 본분을 유기하고 정치적 중립 의무 위반, 정치운동 금지 위반 등 각종 법령 위반 의혹이 있는 검사들에 대한 감사가 필요함. 3. 헌정질서를 유린하고 법령을 위반한 검사들에 대한 징계 및 감찰을 진행하지 않고 소속 공무원의 법령위반 행위를 방조, 조장한 법무부ㆍ대검찰청ㆍ고등검찰청ㆍ해당 지방검찰청의 직무유기에 대한 감사 「정부조직법」 제7조, 제32조에 따라 법무부장관은 소속 공무원을 지휘ㆍ감독하고 검찰사무를 관장하게 되어 있음. 「검찰청법」 제12조제2항에 따라 검찰총장은 대검찰청의 사무를 맡아 처리하고 검찰사무를 총괄하여 검찰청의 공무원을 지휘ㆍ감독하게 되어 있고, 「검사징계법」 제7조에 따라 검찰총장은 징계를 요구할 수 있음. 또한 「법무부 감찰규정」 제15조제1항은 ‘법무부 및 검찰청 소속 공무원에 대한 정정ㆍ비위 사항은 형사처벌 또는 징계처분의 요건이 되는 행위를 범했다고 인정할 만한 상당한 이유가 있는 경우에 조사한다’고 규정하고 있으며, 「검찰공무원의 범죄 및 비위 처리지침」 제4조제1항 ‘각급청의 장은 검찰공무원의 비위를 알게 된 경우에는 사안의 경중에 따라 지체 없이 징계 등 신분에 관한 조치를 취하여야 한다’고 규정하고 있음. 이에 대한 책임을 방기하고 직무를 유기할 경우 「형법」 제122조에 따라 처벌할 수 있음. 검찰총장은 검사에 대한 감찰권과 징계 요구권을 갖고 있음. 강력한 지휘권을 가지고 있는 검찰총장이 잘못된 판단을 할 경우 검찰조직은 무소불위의 권력기관으로 변질돼 통제하기 어려워질 것임. 지난 9월 3일 심우정 검찰총장 인사청문회에서 당시 후보자가 검사 탄핵과 관련하여 ‘적극적으로 대응하겠다’는 취지의 답변을 한 이후, 심우정 검찰총장을 비롯한 각급청의 장은 위법한 행위를 한 검사들에 대해 그 어떠한 조치도 취하지 않아 직무를 유기하고 있으며, 검사들의 위법한 집단행동과 집단성명 발표 등 정치행위에 대해서도 방조ㆍ조장하고 있음. 또한, 법무부도 위법 행위를 하고 있는 검사들에 대한 감찰을 실시하지 않는 등 책임을 방기하고 있음. 이에 헌정질서를 유린하고 법령을 위반한 검사들에 대해 징계 및 감찰을 실시하지 않는 등 소속 공무원의 법령위반 행위를 방조, 조장한 법무부ㆍ대검찰청ㆍ고등검찰청ㆍ해당 지방검찰청의 직무유기에 대한 감사가 필요함. 4. 위법한 공무집행으로 탄핵소추된 검사들을 비호하고 변호사비 지원을 목적으로 규약 개정을 추진하고 있는 검찰동우회와 대검찰청의 직무가 「검찰청법」 등 관련 법령을 위반한 의혹에 대한 감사 대검찰청은 탄핵 대상이 된 검사들을 비호하고 소송비용을 지원할 목적으로 일선 청에 ‘검찰동우회 규약 개정 관련 의견조회’ 공문을 발송하여 검찰동우회의 규약 개정 추진을 독려하였음. 검찰동우회가 적자로의 전환 위기에 놓여 있어 퇴직전별금 수익률을 조정해야 하는 상황에서도 위법 또는 부당한 업무처리로 탄핵소추된 검사들의 변호사비까지 지원하겠다는 것은 국회의 검사탄핵소추에 대한 부정이며 삼권분립 원칙을 정면으로 부정하는 것임. 또한 검사들의 위법한 행위를 비호하는 것으로 보여 「검찰청법」과 「검사징계법」 등 관련 법령을 위반한 의혹이 있음. 이에 공무원의 위법한 행위와 공직기강을 바로잡기 위해 위법한 검사들을 비호하고 국회의 탄핵소추권을 부정하는 검찰동우회와 대검찰청의 직무에 대한 감사가 필요함.","「국회법」 제127조의2에 따라 감사원에 대하여 다음 사항에 대한 감사를 요구한다. 1. 검사 탄핵 추진에 반발하여 서울중앙지검 부장검사들이 회의를 소집하고 집단성명을 발표한 데 이어 서울남부지검 검사와 서울중앙지검 부부장검사들이 집단성명을 발표하는 등 일련의 행위가 있었는바, 동 검찰청 검사들의 행위가 「헌법」과 「국가공무원법」 등 관련 법령을 위반하였다는 의혹에 대한 감사 2. 검사들의 국회 탄핵소추와 특정 정당의 정치활동에 대한 반대활동과 관련, 국가공무원으로서의 정치적 중립 의무 위반과 정치운동 금지 위반 등 법령위반 의혹에 대한 감사 3. 헌정질서를 유린하고 법령을 위반한 검사들에 대한 징계 및 감찰을 진행하지 않고 소속 공무원의 법령위반 행위를 방조, 조장한 법무부ㆍ대검찰청ㆍ고등검찰청ㆍ해당 지방검찰청의 직무유기를 시정하고, 징계 및 감찰 등을 추진하도록 하기 위한 감사 4. 위법한 공무집행으로 탄핵소추된 검사들을 비호하고 변호사비 지원을 목적으로 규약 개정을 추진하고 있는 검찰동우회와 대검찰청의 직무가 「검찰청법」 등 관련 법령을 위반한 의혹에 대한 감사"
FF9F22AB-9D5E-DD0B-7114-B7CA6666B7CD.pdf,3227,"이 협정의 체결을 통하여 대한민국과 모로코왕국의 사회보장 제도를 동시에 적용받는 사람에 대하여 사회보장 보험료의 이중납부를 방지하고, 급여 수급자격을 결정할 때 한쪽 당사국에서 가입한 기간을 다른 쪽 당사국에서도 인정하도록 함으로써 우리 국민의 연금 수급권을 강화하고 인력 교류 활성화에 기여하려는 것임.","가. 이 협정은 우리나라의 국민연금에 관한 법령과 모로코왕국의 기본 연금제도에 관련된 법령에 적용됨(안 제2조). 나. 한쪽 체약당사자의 영역에서 고용되어 다른 쪽 체약당사자의 영역에 파견되는 사람에 대해서는 처음 36개월 동안은 그 한쪽 체약당사자의 법령만이 계속해서 적용됨(안 제7조). 다. 각 체약당사자의 실무기관은 급여 수급자격을 결정할 때 가입기간이 중복되지 않을 것을 조건으로 다른 쪽 체약당사자의 법령에 따른 가입기간을 고려함(안 제11조). 라. 한쪽 체약당사자의 권한 있는 실무기관에 정해진 기간 내에 제출되어야 하는 모든 청구서, 신고서 또는 이의신청서가 다른 쪽 체약당사자의 권한 있는 실무기관에 동일 기간 내에 대신 제출된 경우 그 한쪽 체약당사자의 권한 있는 실무기관에 기간 내에 제출된 것으로 간주함(안 제21조)."
