파일명,의안번호,제안이유,주요내용
0B07D90F-5F95-2DDA-8A38-A67101659197.pdf,7960,「윤석열정부의비상계엄선포를통한내란혐의진상규명국정조 사특별위원회」는2024년12월31일부터2025년2월13일까지활동할 계획이었으나  내란중요임무에종사했던핵심증인들이다수불출석하는등국정 조사의원활한수행을방해한바 이들에대한수사기관의보고 추가 조사등을통하여보다충실한진실규명을도모할필요가있으므로동 위원회의활동기간을2025년2월28일까지15일간연장하려는것임.의안 번호7960,
07A397D2-4CBA-CF30-D752-2D717F973473.pdf,7578,2024년12월29일무안국제공항에서발생한제주항공여객기참사 로탑승객181명중구조된승무원2명을제외한179명이사망했다. 사고이후피해자와가족들은신체적·정신적고통을겪고있다. 특히 일부인터넷과SNS에서는이들을대상으로한악의적인댓글 과허위정보가유포되어2차가해가발생하고있다.이러한2차가해 는피해자와가족들에게심각한정신적고통을유발하며 사건의공정 한해결과사회적치유를방해하는요소로작용한다. 현재경찰은이러한악성게시물과관련된수사를진행중이며 이 러한행위는명예훼손및모욕죄로처벌이가능하다. 이에대한민국국회는제주항공여객기참사피해자와그가족에 대한명예와권익을보호하고이들에대한2차가해를방지하기위해 정부의실효성있는대책마련과엄중한처분을요구하고자한다.,
19794364-9CE9-FB00-BE3D-0B84C3AD9F97.pdf,8898,현재인류는‘기후변화’를넘어선‘기후위기’시대에직면해있음.기 후위기는생존의문제이자미래의문제이며 기후위기에대한인식과 대응은환경뿐만아니라국제정세 경제문제에대한원활한대응과해 결을위해서도시급한과제임. 그러나현재정부차원의기후위기대응정책은환경ㆍ경제ㆍ에너 지등각부문을소관하는정부부처단위로편제되어있고 이에따 라기후위기대응정책이여러상임위원회에분산되어있어국회차 원에서유기적이고종합적인제도설계ㆍ점검및대응이어려운측면 이있음. 이에정부의기후위기관련대책을종합적으로점검하고필요한제 도의개선과관련정책에대한지원방안을강구하는등기후위기에 대한대응방안을효율적으로논의하기위하여국회내에「기후위기 특별위원회」를구성하려는것임.,
0055E946-A4BE-F114-4002-041B774669FF.pdf,7403,1.대통령관저공사업체선정과정의투명성에관한감사 대통령관저공사를맡은'21그램'등의선정과정에대한의혹이제기 되고있음.특히해당업체가김건희여사가운영했던코바나컨텐츠의전 시후원사였다는점에서특혜의혹이불거지고있음.관련업체가관저공 사를맡게된구체적경위․업체선정과정에서김건희여사와의연관성 여부․업체선정과정에서경쟁입찰여부및타업체와의비교평가과정․ 업체선정에관여한관계자들의역할과책임등에관한감사가필요함. 2.대통령관저공사예산편성및집행의적정성에대한감사 대통령관저공사예산이대폭증액되는등 예산편성및집행과정전 반이불투명하다는지적이있음.공사과정에서특정건설사(현대건설)로 부터계약이불분명한공사를진행하였다는의혹이있고 이는경우에따 라서는뇌물로볼여지도있음.또한 방탄창호시공등과관련경호처가 원가부풀리기및허위견적서작성을통한부당이득을편취한사실이확 인되었으므로 이에대한추가적인조사가필요하다는지적이있음.예산 증액및집행과정의타당성과절차의적법성을검토하기위해 예산증액 의구체적인사유와근거․예산증액결정과정의적법성및타당성․증 액된예산의세부사용내역․예산증액과집행관련결재및승인절차 의적절성에대한감사가필요함. -3-3.대통령실의공사감독책임소재에대한감사 대통령관저공사과정에서무자격업체의참여 불법하도급등여러 문제점이드러났음에도제대로된감독이이루어지지않았다는지적이있 음.특히실시설계 과업지시등기본적인설계서류없이공사가진행되 어 업체별과업범위가명확하지않고공사수행과감리감독 향후책임 소재까지불분명해지는결과를낳음.따라서 공사감독체계의구조와운 영실태․감독책임자의지정및역할수행여부․공사과정에서발견된 문제점에대한대응조치여부등에대한감사가필요함. 4.대통령관저불법신축및증축의혹에대한감사 대통령관저내70㎡규모의건물이신축되었으나 미등기상태로 공 사비출처조차확인되지않고있음.아울러 감사원이발표한대통령관저 이전공사감사결과에해당내용이포함되지않는등 감사가미흡했던 사실이밝혀짐.따라서 신축공사과정전반에대한감사필요성이제기되 고있음. 또한 대통령관저내드레스룸 사우나등에대한불법증축의혹에 대해사실여부를확인하고 관련인허가준수여부를점검할필요가있 음.구체적으로 증축된시설의구체적인내역과용도․증축과정에서의 관련법규및인허가절차준수여부․증축결정과정과관련책임자의 역할등에대한감사가필요함. -4- 5.대통령관저공사수의계약의적절성에대한감사 대통령관저가보안시설이라는이유로수의계약이이루어졌으나 그필 요성과적절성에대한의문이제기되고있음.따라서 수의계약결정과정 의적법성․보안시설로인한수의계약의필요성에대한객관적근거․수 의계약체결시관련법규준수여부․유사사례와의비교를통한수의계 약의타당성검토․대통령실의공사감독책임에관한감사가필요함. 6.대통령관저내정자시공업체의정부계약254억수주에대한감사 광주비엔날레에출품돼김건희여사가극찬했던정자가대통령관저 에이전 설치됐으나대통령실은해당정자의구입비용과시공관련계약 서류제출을거부함.한편 해당정자의시공업체인원탑종합건설(원탑)은 정자시공후254억원규모의법무부발주공사를수주함.해당계약의설 계를코바나콘텐츠후원사인‘희림’이맡아 사실상김건희여사와의관련 성이의심되는바 법무부공사입찰의전과정과정자구입과정및비용 처리등에대한감사가필요함.,
1B32561C-0727-469F-2616-57525AAD677A.pdf,8058,인천세관마약수사외압의혹사건은영등포경찰서장지시로백 해룡형사2과장을팀장으로한12명의마약수사전담팀이마약수사 를마무리하던중검찰청 경찰청 서울경찰청 관세청등이세관직원 의연루의혹등과관련하여사건을축소 은폐 무마하기위해외압 을행사하였고이러한외압이대통령실에서시작되었다는의혹이제 기된사건임. 순직해병수사에대한대통령실의외압과마찬가지로이러한수사 외압은수사기관의수사공정성을심각하게훼손하는행위임. 더군다나대통령실이연루의혹이제기된사건에검찰청 경찰청  관세청등이사건축소 은폐를위해전방위적으로나섰다는점에서 국민들의진상규명의목소리가상당히커진상태임. -3-「특별검사의임명등에관한법률」에따르면 국회가정치적중립 성과공정성등을이유로특별검사의수사가필요하다고본회의에서 의결한사건이특별검사의수사대상임.특검법상특별검사임명절차와 추천방식에대해서이미규정되어있기때문에특별검사임명등에 대해서정치적중립성과공정성에관한논란이나지체없이 본회의 의결을통해즉시특별검사임명절차가개시되어특별검사가신속히 수사를진행할수있음. 이사건과관련한특별검사수사를통한진상규명및책임자처벌 은 국회를중심으로하여국민적관심이높은인천세관마약밀반입 연루사건에대한수사외압과이를은폐하기위한검찰권남용등의 권력형비리사건을철저히수사함으로써 우리국민이바라고요구하 는공정성회복에대한굳은의지를확인하는계기가될것임.,
0191FA13-DB6E-E807-5773-CC1D44068B41.pdf,467,일본정부는2022년2월일제강점기당시한국인강제노역피해 현장인니가타현사도시의‘사도시마노킨잔’(佐渡島の金山 일명사도 광산)의유네스코세계유산등재를추진하였으나 유네스코는추천서 서류미비등을이유로심사를보류한바있음. 이에일본정부는2023년1월19일사도광산의세계유산등재를 재추진하려고신청서를유네스코에제출하였음. 앞서2015년유네스코세계유산위원회는수많은한국인들을강제 노역에동원했던하시마(군함도)탄광등일본근대산업시설23곳의 세계유산등재를결정하면서23개각시설의전체역사를이해할수 있는해석전략을준비하도록권고하였음. 이에일본대표는세계유산위원회의권고를충실히반영하고1940 년대수많은한국인과여타국민들이자신들의의사에반하여강제 동원되어가혹한조건하에서강제로노역한사실을설명하고인포메 이션센터를설치하는등희생자를기리는조치를취할것임을발표 하였음.우리정부도일본정부가공언한후속조치가충실하게이행되 도록필요한노력을기울여나가겠다고발표함. 하지만2017년일본정부가제출한이행경과보고서에는2015년등 재당시세계유산위원회의권고와약속한후속조치등의내용이빠졌 -6- 으며 오히려2020년도쿄소재일본산업유산정보센터전시물에서한 국인강제노역과인권침해사실을부정하는증언과자료들을전시하 였음.반면독일정부는2001년세계유산으로등재된독일에센의촐 페어라인탄광산업단지에세계대전중강제노역사실을인정하고 정부차원의추모시설까지건립했음.이에2021년유네스코세계유산 위원회는일본근대산업시설세계유산등재후속조치불이행에대해 강한유감을표명하고 충실한이행을촉구하는결정문을채택하였음. 그럼에도2022년일본정부는2015년등재당시세계유산위원회의 권고와약속한후속조치조차이행하지않은채한국인강제노역의 또다른피해현장인사도광산의세계유산등재를추진했음.서류미 비등의이유로무산되자2023년1월에재신청하였음. 일본의근대화에기여한근대산업시설은전쟁시기한국인을비롯 한식민지국가의국민들을강제징용하고가혹한탄압이있었던식 민지배와전쟁의산물이기때문에진정한반성과사과없이는세계유 산으로미화될수없음.사도광산도전쟁물자확보시설로한국인 1 000여명을강제노역에동원한곳임.이는인류의보편적가치를 세계유산으로보존하려는유네스코세계유산협약취지에전혀부합하 지않을뿐더러미래지향적한·일관계에도전혀도움이되지않음. 이에대한민국국회는일본정부에과거침략전쟁에대한반성과 책임을다할것을요구하며사도광산유네스코등재재신청에대한 심각한유감표명과등재신청을철회할것을촉구하고자함. -7-또한2015년일본근대산업시설세계유산등재당시약속한유네스 코의권고와후속조치를조속히이행할것을강력히촉구하고자함. 아울러우리정부도강력히대응할것을요구하고유네스코에도국제 사회의우려와입장을전달하고자결의안을제안함.,
20C8C637-B84F-ECBB-A364-62B73985B89A.pdf,5778,1.서울특별시의한강리버버스사업의절차적정당성과경제적타당 성에대한감사 첫째 2023년3월서울특별시장의검토지시후3개월만에운영사 업자를공모하고 타당성조사결과도출전실시협약체결 운영조 례발의 투자심사의결 선박건조계약 합작법인설립등이이루어 진것이관련절차를위반하였다는문제제기가있고  둘째 타당성조사또는경제성분석시선착장건설비만비용으로산 정하고 경제적타당성을높이기위해선박구입비(약500억원)는의 도적으로비용에서제외시킨의혹이있으며  셋째 2차례의선박건조계약과관련하여 1차물량일부를포기한 업체에게2차물량을몰아주기위해응찰자평가점수중특정항목 의배점을높이거나특례사항을계약서에명시하는등계약절차를 의도적으로설정하였다는문제제기가있고  넷째 현재건조중인선박의속도가경제성확보를위한당초목표 치(20노트 마곡-잠실54분)에미달할것(15노트 마곡-잠실1시간3 0분)으로예상됨에도사업을무리하게강행하고있으므로  서울특별시한강리버버스사업전반에대한감사를요구함. 2.경찰청의중심지역관서제도도입ㆍ추진이국가경찰위원회의심의 없이추진된경위에대한감사 -3-중심지역관서제도는전체파출소의32%를구조조정의대상으로 하는중대한경찰조직의개편을동반함.이러한사항은경찰정책에 관한사항을심의ㆍ의결하는기구인국가경찰위원회의심의를통 해다양한의견을수렴하고정책의타당성과효율성을검토하는 과정을거쳤어야함.그럼에도경찰청은이러한심의를거치지않 고중심지역관서제도를무리하게추진하였으므로이과정에서필 요한절차를준수하지않은사항이있었는지에대한감사를요구 함. 3.제2세종문화회관사업부지의일방적인변경과부지변경사항이포 함된여의도공원재구조화사업의행정안전부중앙투자심사위원회 재검토결정에관한서울특별시대상감사 서울특별시는2025년개관을목표로문래동3가옛‘방림방적’위치 에1만2 947m2규모로제2세종문화회관을건립하는사업을계획하 였고 해당사업은2021년11월행정안전부중앙투자심사를통과하 여시ㆍ구의회의의결까지모두마친상태였음.또한 지난지방선 거당시오세훈서울시장후보는제2세종문화회관을문래동부지에 건립하겠다고공약한바있음.그런데 2023년서울시는일방적으로 제2세종문화회관부지를문래동에서여의도공원으로변경하는결정 을하였고 해당사업내용을포함한여의도공원재구조화사업은2 024년10월행정안전부중앙투자심사에서재검토결정을받았음. -4- 이러한과정과관련하여서울특별시장이허위사실기재등을통해 사업부지를졸속으로변경했다는의혹이제기되고있으므로서울특 별시의‘제2세종문화회관건립사업’에대한감사를요구함. 4.그레이트한강사업중여의도선착장조성사업사업자선정의불 공정성에대한감사 서울특별시는그레이트한강사업중여의도선착장조성사업을 위한사업자선정시특정업체를선정하기위해사업규모 사업체 대표의개인경력인정 단독공모인정등의요건을사전에모의하 였다는의혹이있음.또한 사업자의자본금납입이당초정해진 기한보다상당기간지연되었고 재원조달도협약서에따라조달해 야하는금액의절반에미치지못하고있으며 서울특별시가사업 자의재정능력부족을인지한후에도특별한대응을하지않았고  계약과정에서이중계약서가나오는등다양한문제와의혹이제 기되고있음.이에서울특별시의여의도선착장조성사업사업자 선정과정에대한감사를요구함.,
2127A32A-818E-5897-6984-A40DFE93063F.pdf,5744,쌀은국가기간산업이며국민의주식으로 기후위기시대에국민경 제와식량안보를지탱하는든든한버팀목임.하지만11월15일현재 산지쌀값은18만2 872원(80kg)으로전년동기대비8.2%(1만6 408원)하 -3-락함.농자재가격 인건비등생산비는상승하는데쌀값은계속하락 하고있어농가어려움이가중되고있는상황임.이는쌀농업의지속 성을위협하고있으며자칫식량이무기화되는세계경제에서대한민 국의안보에도큰영향을줄수있는상황임. 지난10월정부는초과생산량은12.8만톤이지만20만톤이상시장격 리하겠다고수확기대책을발표하였음.그럼에도쌀값이정상화되지않 는가장큰이유는시장이정부정책을신뢰하지못하기때문임.즉 지난해양곡관리법대통령거부권행사당시정부는23년도산쌀가 격을20만원수준으로유지하겠다고발표했으나 약속을제대로이행 하지않았음.2023년11월20만원이하로떨어진이후10개월이상하 락하였음에도늦장대응 찔끔대책 꼼수대책으로일관해왔기때문임. 이에대한민국국회는쌀가격의정상화와수급안정을위하여명 확한쌀가격목표를제시하고신속하고과감한추가대책을수립하 며 사전적수급조절과사후적피해보전대책 식량자급률향상 이상 기후에따른농작물피해방지 농산물의안정적생산공급등을위한 제도적개선방안마련등특단의대책수립을정부에요구하려는것 임.,
1E68D06E-FE53-25F6-9FC4-2A1C167ABB68.pdf,6226,윤석열대통령은위헌ㆍ위법적비상계엄을선포하였고 국회를반국 가세력으로지칭하며국회의활동을금지함으로써국회의계엄에대 한통제권한을무력화하기위한시도를하였으며국회의원들을불법 체포하기위해군병력을투입하는등친위쿠데타를시도하였음. 김용현국방부장관은위헌ㆍ위법적비상계엄선포를윤석열대통령 에게건의하였고계엄사령관을추천하였음.김용현국방부장관을비롯 한다른국무위원들은비상계엄선포를위한국무회의에참여하여윤 석열대통령의내란에동조하였음. -6- 박안수계엄사령관은국회활동을금지하는위헌적계엄사령부포 고령을발표하였고군부대를투입하여국회의원에대한불법체포를 시도하였음. 국회에투입된군병력은국회의원에대한불법체포를시도하였고  국회보좌진및국회직원에대한유형력을행사하였으며 국회기물을 파손하였음. 중앙선관위에투입된군병력은선거관리위원회의청사와연수원등 을점령하고 당직자의핸드폰을압수하고감시하는등유형력을행사 하였음. 이러한일련의행위들은윤석열대통령이자신에게불리한작금의 정치상황을타개하기위해국회를반국가세력으로치부하여국회가 헌법으로부터부여받은권한을제대로행사하지못하도록하는내란 행위로서이에대하여대통령이인사권한을갖는검찰청검사들의중 립적인수사를기대하기가사실상불가능한상황임.이에특별검사의 수사를통한철저한진상규명이필요하므로「국회법」제79조및 「특별검사의임명등에관한법률」제2조에따라위헌적비상계엄 선포를통한내란의혹의진상규명을위하여특별검사의수사를요구 하는것임.,
225FE843-DAD7-F9C0-BF27-FBAFC1604CE6.pdf,5945,1.김건호청년보좌역의교육부직원으로서㈜한국학력평가원검정역 사교과서집필진참여에대한감사 친일ㆍ독재옹호등논란이일고있는㈜한국학력평가원의고교 한국사초고를작성했던김건호교육부장관청년보좌역은2023년 12월검정심사신청서에본인의근무처(소속)를허위로제출한사 실이드러남.㈜한국학력평가원이2023년12월11일교과서검정 심사기관인한국교육과정평가원에제출한교과용도서검정신청서 를확인한결과 김보좌역의근무처는군포시청소년재단으로기재 돼있었음.그러나김보좌역의군포시청소년재단실제재직기간은 2023년6월1일부터11월5일까지이었으며 2023년11월7일이후 현재까지이주호교육부장관청년보좌역으로근무하고있는상황 임.한국교육과정평가원의‘2024년교과용도서검청신청안내자 료’에따르면“저작자는검정신청일(2023년12월11일~14일)현재 교육부및검정심사기관소속이아닌자여야한다”고명시돼있 어김보좌역은저작자가될수없음.그럼에도불구하고김보좌 역은근무처를속여저작자자격위반을의도적으로회피하였음.또 한국교육과정평가원은최종검정합격공고(2024년8월30일)전에 김보좌역의저작자요건위반을인지했음에도불구하고 이를문 제삼지않고㈜한국학력평가원의한국사교과서를최종검정합격 시켰음.이는한국교육과정평가원의부실검정과김보좌역의특정 -3-출판사특혜로볼수있으므로감사가필요해보임. 2.교육부와한국교육과정평가원의역사교과서검정절차에대한감사 교육부는고교역사검정교과서출판사㈜한국학력평가원에교육부 관계자인김건호청년보좌역이집필진으로참여했음에도불구하고  “공고에도없는기준을넣은한국교육과정평가원의2024년교과용 도서검정신청안내는행정오류로추정”된다며책임을회피하고있 음.특히표지갈이를통해출판실적을조작하고 검정교과서의편 집자로자격미달의인물을등재한㈜한국학력평가원에대해교육 부와평가원은아무런문제가없다는입장과함께국회국정감사 대부분의자료제출요구를거절하였음.㈜한국학력평가원은17년전 출판했던교재를최신개발교재인것처럼발행등록을하고인쇄 본을제작했으며 거짓으로제작한출판물을시중에유통하지않은 채국립중앙도서관에만납본하고증명서를발급받은전적이있음. 결과적으로㈜한국학력평가원은해당납본증명서를이용해교과서 검정신청자격을얻어내최종적으로교과서검정에통과하였음.검 정당국인교육부와한국교육과정평가원은㈜한국학력평가원이법적 으로요구되는출판실적을충족하지못했음에도불구하고 이를제 대로확인하지않고검정을승인한것임.더불어㈜한국학력평가원 검정교과서의편집자중한명은앞서언급한출판실적조작에직 접관여한인물임.해당인물은교과서검정과정에서책임편집자 -4- 로등재되었지만 그가실제로해당출판사에서근무했는지조차불 분명한상황임.또국민연금데이터에따르면 ㈜한국학력평가원의 상근직원수는3명을넘지않으며 회사는5년간사실상출판실적 이없는상태인것이확인되었음.이처럼표지갈이 교육부소속집 필진 실제근무가의심되는편집자등의절차적문제만봐도㈜한 국학력평가원의검정역사교과서가정상적인검정과정을거치지않 았음을명확히알수있음.이같은사태는교육부와한국교육과정 평가원이공교육의질을보장하고 교과서검정의투명성과공정성 을확보해야할책무를방기한결과로보임.또국민세금이투입되 는교과서검정사업에무자격업체가참여하여공교육의신뢰성을 훼손하고 규정을무시한절차상의문제를방치한점은중대한행정 적실책임.따라서해당문제를바로잡고책임소재를명확히하기 위해 감사를요구하는바임. 3.한경국립대학교직장내괴롭힘가해자징계처리부적정 대학원생 학습권침해 중등교육연수원표적감사및부당해고 총장노래방 접대강요등비위에대한감사 최근국회교육위원회국정감사에서한경국립대학교이원희총장의 여대생접대강요의혹부터 대학원조교에대한직장내괴롭힘  표적감사의혹 교직원부당해고등각종비위의혹이드러남.먼 저 총장의접대강요및성적차등배정과관련된비위행위로지난 -5-2009년매니페스토경진대회에서이총장이여학생들을지인접대 에동원하고 노래방에서남성과짝을이루어앉도록강요했다는증 언이제기되었음.일부학생에게는성적을차등배정했다는의혹까 지제기되어 이러한비위행위에대해철저한사실확인이요구됨. 또직장내괴롭힘및교직원부당해고사건은대학구성원의기본 적권리를침해하며 직장내인권보호의무를방기한심각한문제 임.대학원조교의학습권과근무환경이침해받고 교직원이부당 하게해고되는상황은국립대학의공공성과신뢰성을훼손하는바  이에대한엄중한감사를통한재발방지조치가필요함.더불어  중등교육연수원에대한표적감사의혹도조사되어야함.특정인사 를대상으로한표적감사가존재했는지 감사권한이부당하게남 용된정황은없는지에대한조사를통해감사절차의공정성을확 보해야할것임.이와같은일련의비위행위는한경국립대학교가지 켜야할공공성과책임성을저해하는중대한사안으로 감사원의철 저한감사를요구하는바임. 4.이배용국가교육위원장의공공기관물품및차량사적사용에대한 감사  이배용국가교육위원장이공공기관소유차량을사적으로사용한 사례가27건적발되었으며 이는‘공직자의이해충돌방지법’제13 조와‘공무용차량관리규정’제10조를위반한것으로보임.특히 -6- 공식출장이나행사가없는날 연가중에도전용차량을사적으로 사용해차량유류비 하이패스및톨게이트비용등을공금으로처 리한사실이밝혀짐.‘공직자의이해충돌방지법’유권해석에따르 면 공무수행에필요한‘출장조치’시에만공용차량사용이가능하 며 단순한‘방문’이나‘식사’목적의차량사용은사적사용으로간 주됨.최근판례에서는경찰공무원A씨가공용차량을사적으로사 용한것에대한징계가적절하다고판단한바있으며 이는공무원 신분으로서의사회적책무와직무의특성등을고려한조치임.이 배용위원장의경우 국가교육위원장외에도서원통합보존관리단 장과한지살리기재단이사장등의직책으로행사에참석한것도사 적사용으로볼수있다는해석이가능함.또한 국가교육위원장이 외부행사나공식출장이없던날에도청사내차량출입기록이확 인되지않은무단이탈사례가38건적발되었음.이는국가공무원법 제56조(성실의무) 제57조(복종의의무) 제58조(직장이탈금지)  제63조(품위유지의의무)위반에해당됨.또한이배용국가교육위 원장은주말 공휴일 대체휴일을제외한총근무일409일중9시 이전에정상출근한날이10%(38일)에불과한것으로나타남.이러 한상습적인지각과직무소홀은기관장의조직관리책임을방기 한것으로간주됨.이러한사례들은국민의세금으로운영되는공 공자원의사적사용을경시하고 고위공직자로서본연의직무에충 실해야할의무를저버린것임.이에이배용국가교육위원장의공 -7-공기관물품및차량의사적사용과직무태만에대한철저한감사 를청구하는바임.,
316BB631-6C35-9E0F-AEAE-951853F0F0EE.pdf,8899,아시아태평양경제협력체(APEC)는아시아ㆍ태평양지역의경제성장 과번영을위하여1989년에설립된국제협력체로서 현재21개회원국의안 번호8899동의연월일:2025.3.13. 동의자:의장 -2- 이참여하고있고전세계GDP의약61% 교역량의약49%를점유 하는세계최대규모의지역경제협력체임. APEC정상회의는매년개최되는아시아ㆍ태평양지역의가장중요 한다자외교행사로평가받고있음.올해제32차APEC정상회의는 대한민국경주에서개최하며 우리나라는2005년제13차APEC정상 회의이후20년만에다시의장국을맡게되었음. 제32차APEC정상회의에는21개국회원국정상외에각료등정상 대표단 기업인 언론인등총2만여명이참석할것으로예상되어경 제적성과와대한민국의국제적위상강화등이기대됨.특히 이번 정상회의는트럼프미대통령취임이후다자협력및자유무역질서 의향방을가늠할수있다는점에서더욱의미가있음. 이에국회차원에서APEC정상회의의성공적인개최를적극적으로 지원하기위하여「2025아시아태평양경제협력체(APCE)정상회의지 원특별위원회」를구성하려는것임.,
35BB6922-2E20-2101-8EC0-31CC6FF74562.pdf,4613,국제연합 회원국으로서 국제연합의 국제평화유지 노력에 적극 동참하고  남수단 공화국의 평화 정착 및 재건 지원에 기여하기 위하여 ｢ 국제연합 남수단 임무단(UNMISS)｣ 에 파견되어 활동 중인 국군부대의 파견기간을 연장하려는 것임. 주요 골자 가.2013.3.31.부터 파견되어 2024.12.31.까지 연장된 국군부대의 파견기간을 2025.1.1.부터 2025.12.31.까지 1년간 연장함. 나.국군부대의 임무는 남수단 공화국 평화 정착 및 재건(공병)지원  인도주의적 활동 등임. 다.국군부대에 대한 지휘권 및 법적 지위에 관하여는 국제연합 평화유지 활동에 적용되는 원칙에 따르도록 함. 라.국군부대 파견에 따른 소요경비(所要經費)는 우리 정부 예산에서 먼저  지출하고 추후 국제연합으로부터 일부 보전 받음.,
40A10ECA-F07A-20EE-382C-08567A842AB9.pdf,8268,1.교과용도서관련법규체계및AI디지털교과서(AIDT)도입방안에 대한감사 교과용도서관련법규체계의전면적재검토및개선방안마련이필 요함.현행「초ㆍ중등교육법」과「교과용도서에관한규정」(대통령 령)의체계가헌법제31조제6항의교과서제도법률주의원칙에부합 하는지검토해야함.주요검토사항으로는교과용도서의중요사항을 법률에직접규정하는방안 교과용도서의“범위”관련규정정비  “교과용도서”명칭의적절성및대안검토 AIDT도입방식의적절 성검토등이있음.현재대통령령에위임된사항중법률로상향해야 할내용을식별하고 교과용도서의정의 범위 편찬ㆍ검정ㆍ인정절 차등핵심사항의법률규정필요성을검토해야함.AIDT등새로 운형태의교육자료를포괄할수있는범위설정과「초ㆍ중등교육 법」제29조(교과용도서의사용)개정필요성도검토가필요함.디지 털시대에맞는용어정비의필요성을고려하여“교육자료”등대안 적명칭을검토해야하며 AIDT를반드시“교과용도서”로도입해야 하는지에대한재고와「초ㆍ중등교육법」제29조의적용범위와해 석재검토가요구됨.국회입법조사처는“교과용도서의중요사항을법 률에직접규정하는방안을검토할필요가있다”고제안했으며 “교과 용도서”대신“교육자료”로서AIDT를도입하는방안도검토할필 요가있다고지적함.이러한법규체계개선을통해AIDT등새로운 -3-교육자료의도입과활용에대한명확한법적근거를마련하고 교육 의질향상과학생들의학습권보장을위한제도적기반을강화할수 있을것임.따라서교과용도서관련법규의체계성과명확성을제고 하고 디지털시대의교육환경변화에대응할수있는법적기반마 련을위한감사가필요함. 2.교육부의2025학년도AI디지털교과서(AIDT)도입과정에대한감사 교육부가2025학년도부터AIDT를도입하려는과정에서다수의시민 사회단체 교사 학부모 학생들이제기한우려를무시하고강행하려 한점에대해철저한감사가필요함.교육부는학부모ㆍ교원10만6448 명을대상으로한설문조사에서86.6%가AIDT도입에반대했음에도 불구하고 이를무시하고도입을강행하려했음.전국교직원노동조합 (전교조)등126개교육시민단체가참여한'AI디지털교과서중단공 동대책위원회'의반대성명을비롯해다수의교육단체들의우려를고 려하지않았음.이는「교육기본법」제5조(교육의자주성등)를위반 할소지가있음.또한 국회에서AIDT를'교과서'가아닌'교육자료' 로규정하는「초ㆍ중등교육법」개정안이통과되었음에도불구하고  교육부는이를무시하고재의요구를추진했음.교육부의AIDT도입 방식에대해학부모의84.9% 전체응답자의87.0%가부정적으로답 변했음에도이를반영하지않았음.이는「초ㆍ중등교육법」제23조 (교육과정등)를위반할소지가있음.AIDT가학습격차해소 문해 -4- 력향상 사교육감소에효과적이라는주장이구체적데이터와실증 사례로뒷받침되지않았다는지적이있었음.오히려집중력저하 디 지털기기의존도증가 문해력하락등의부작용이우려된다는의견 이제기되었음.이는교육정책결정에있어충분한검증과논의가부 족했음을시사함.더불어AIDT활용을위한태블릿 와이파이등학 교인프라가충분히구축되지않았다는지적과AIDT활용을위한교 사연수가제대로이루어지지않았다는의견이제기되었음.이는교육 현장의준비가미흡한상태에서정책을강행하려했다는것을보여줌. 이러한상황에서교육부 특히이주호장관이AIDT도입을강행하려 한것은교육정책결정과정에서의투명성 민주성 그리고교육주 체들의의견수렴절차가제대로이루어지지않았음을보여줌.따라서 이에대한철저한감사가필요함. 3.AI디지털교과서(AIDT)검정과정의투명성및공정성에대한감사 교육부의AIDT검정과정에서투명성과공정성에대한심각한의혹 이제기되고있어이에대한철저한감사가필요함.교육부는AIDT 검정과정에대한상세한정보를공개하지않고있음.검정기준 심 사위원구성 심사과정등에대한구체적인정보가제공되지않아검 정의객관성과공정성을확인할수없는상황임.이는「공공기관의 정보공개에관한법률」제3조(정보공개의원칙)를위반할소지가있 음.AIDT개발및공급에있어소수의대형출판사들이독점적지위 -5-를차지하고있다는의혹이제기되고있음.이는중소출판사들의참 여기회를제한하고 교육콘텐츠의다양성을저해할수있음.이러한 상황은「독점규제및공정거래에관한법률」의취지에반할수있 음.AIDT의특성을고려한적절한검정기준이마련되었는지에대한 의문이제기되고있음.기존서책형교과서와는다른AIDT만의특성 을반영한검정기준이필요함에도불구하고 이에대한충분한검토 와공론화과정이없었다는지적이있음.AIDT검정과정에서교사  학부모 교육전문가등다양한이해관계자들의의견을충분히수렴하 지않았다는비판이있음.이는「행정절차법」제52조(국민참여활성 화)의취지에부합하지않을수있음.AIDT검정결과에대한구체적 인평가내용과근거가공개되지않아 검정결과의신뢰성을확인할 수없음.이는교육의질과직결되는중요한문제로 「교육기본법」 제17조(국가및지방자치단체)의교육의질향상의무와관련이있음. 따라서AIDT검정과정전반에대한철저한감사를통해검정의투 명성과공정성을확보하고 특정출판사의독점여부를조사하며 검 정기준의적절성을재검토해야함.또한이해관계자들의의견을충분 히수렴하고검정결과의신뢰성을제고할수있는방안을마련해야 함.이를통해AIDT의질적향상과교육의공공성확보를위한제도 적개선방안을도출할수있을것으로기대됨.,
27944172-60CA-8678-90FA-DFC236F74177.pdf,4496,유엔 안보리 결의(1373/1838/1846/1851)에 근거 2009년 3월부터 소말리아 아덴만 해역에 파견된 국군부대(청해부대)의 파견기간이 2024년12월  31일 종료될 예정으로 다음과 같은 이유로 파견기간을연장하고자 함. 첫째 원유 등 국가 전략물자를 포함 연간 우리나라 선박 약 500여척이  통항하는 핵심수송로 아덴만해역의 해상안전을 확보함. 둘째 유사시 우리 국민 보호를 위한 즉응 전력으로 임무수행이 가능함. 셋째 연합해군사 및 EU와의 해양안보작전 참여를 통한 연합작전  수행능력 향상과 해적 활동 억제에 기여함. 넷째 외교부‧ 해수부‧ 연합해군사 및 국내 해운단체도 청해부대의  지속 파견을 적극 요청하고 있음.,가.소말리아 아덴만 해역에 파견된 국군부대의 파견기간을 2025년  1월 1일부터 2025년 12월 31일까지 1년간 연장함. 나.국군부대의 임무는 우리 선박의 안전한 활동을 보장하며 유사시우리 국민을 보호하고 연합해군사·EU의 해양안보작전에 참여하는 것임. 다.파견규모는 구축함1척(해상작전헬기 1대 고속단정 3척 이내 탑재)  인원 320명 이내이며 파견지역은소말리아 아덴만 해역 일대 (유사시 우리 국민 보호 활동 시에는 지시되는 해역 포함)임. 라.부대 지휘권은 한국군이 보유하며 우리 선박 호송간 작전운용은 우리 합동참모의장이 작전지휘하고 연합해군사·EU등 국제해양안보작전에 참여할 경우에는 현지 사령관이 전술통제함. 마.국군부대의 파견경비(약 376억 원)는 우리 정부의 부담으로 함.
4CF804AF-E671-B251-005D-2D911DA01390.pdf,6197,2024년12월3일윤석열대통령이비상계엄을선포한행위는명백한 위헌이므로입법부인국회가이를바로잡고자비상계엄의해제를요 구함.조정식ㆍ주철현ㆍ진선미 진성준ㆍ차지호ㆍ채현일 천준호ㆍ최기상ㆍ최민희 추미애ㆍ한민수ㆍ한병도 한정애ㆍ한준호ㆍ허성무 허영ㆍ허종식ㆍ홍기원 황명선ㆍ황정아의원 (170인),
4FEC2E96-093B-FDD5-B264-BED5C1C1C192.pdf,,1953년10월1일 대한민국과미국은평화와안보를유지하기위해 한미상호방위조약을체결하였음. 피로맺어진한미동맹은지난70여년동안자유민주주의 시장경 제 인권 법치등공동의가치를기반으로한반도와동북아 인도태평 양지역 나아가국제사회의평화와번영을위한핵심축으로발전해 왔음. 최근도널드트럼프미합중국제47대대통령이취임하면서한미양 국의전략적협력관계를한층더공고히하고 경제안보 첨단기술  에너지 국방등다양한분야에서호혜적협력을강화할필요가있음. 이에대한민국국회는굳건한한미동맹의지속적인발전이양국의 공동이익은물론한반도와국제사회의평화와번영에기여한다는분 명한인식하에 본결의안을통해한미동맹의중요성을재확인하고양 국간협력강화를적극지지하고자함.,
0EE037FA-D344-1CA8-D2E2-61F6B310AEA7.pdf,8161,대한민국국회는2024.12.3.불법비상계엄등내란행위에대해즉 시계엄해제를의결한뒤 내란사태의반복을막고헌정질서를수호하 기위하여2024.12.14.대통령을탄핵소추하였음. 한편대한민국국회는위불법비상계엄전여‧ 야합의로결정한 -5-헌법재판관선출절차의후속절차를합의대로진행하여 2024.12.26. 국회본회의를통해헌법재판소재판관마은혁 정계선 조한창에대 한선출을각각마쳤음. 그럼에도불구하고최상목대통령권한대행부총리는2024.12.31. 자의적으로헌법재판소재판관정계선 조한창에대해서만선별임명 하고 마은혁재판관임명을보류함. 최상목대통령권한대행부총리의위와같은선별임명과특정재 판관임명보류행위는삼권분립의헌법정신을위반하여국회의권능 을침탈한위헌‧ 위법한행위이자 비상한헌정위기상황을극복할책 임이있는대통령권한대행으로서의신분을망각한행위임. 이에대한민국국회는권한쟁의심판을청구하여국회의헌법재판소 재판관마은혁선출의효력을무력화하는최상목대통령권한대행부 총리의위법한헌법재판소재판관임명부작위의취소와조속한임명 을구하는권한쟁의심판을청구하였음. 그럼에도불구하고정치권일부와정부및대통령실측에서헌법재 판소에정당성시비를지속적으로제기하며여론을통한공격을선동 하고있고 특히일부책임있는인사들이헌법재판소에서재판관마 -6- 은혁임명결정이내려지더라도불복할의사를내비치는등헌법재판 소흔들기가도를넘고있음. 이에최상목대통령권한대행부총리에게다시한번헌법재판소재 판관마은혁임명을촉구하는한편헌법재판소를흔들고있는헌정질 서부정세력에게엄중하게경고하고자제안함. 첨부서류 1.권한쟁의심판청구서 2.가처분신청서 3.청구취지및청구원인등변경신청 -7-[첨부서류1]권한쟁의심판청구서 -8- -9- -10- -11- -12- -13- -14- -15- -16- -17- -18- -19- -20- -21- -22- -23- -24- -25- -26- -27- -28- -29- -30- -31- -32- -33- -34- [첨부서류2]가처분신청서 -35- -36- -37- -38- -39- -40- -41- -42- -43- -44- -45- -46- -47- -48- -49- -50- -51- -52- -53- -54- -55-[첨부서류3]청구취지및청구원인등변경신청 -56- -57- -58- -59-,
55D9C921-2489-878E-B645-9AD51187FC2B.pdf,7635,1.의대정원증원결정과정에대한감사 정부의의대정원증원결정과정에서충분한사회적합의와전문가 의견수렴이이루어졌는지 그리고이결정이객관적인데이터와장 기적인보건의료정책방향에기반하여이루어졌는지에대한의문이 제기되고있음.특히장상윤대통령실사회수석비서관은의대5년제 도입검토와관련하여교육부장관이발표한내용을보면의대교육 과정을6년에서5년으로단축한다는말은애초에있지않다고주장 하였으나 실제교육부발표자료에는해당내용이포함되어있어거 짓해명논란이제기되었음.또한장수석은2026년의대정원증원도 이미확정되었다고밝혀의료계의강한반발을샀음.이러한발언들 의진실성과정책결정과정의투명성에대한조사가필요함. 2.의대정원배정과정에대한감사 증원된의대정원의지역별 대학별배정과정에서공정성과형평 성이보장되었는지 그리고이과정에서특정지역이나대학에대 한편향이없었는지확인할필요가있음.특히배정심사위원회의 운영과관련하여심각한투명성문제가제기되었음.교육부는처음에 회의록이없다고주장했다가이후회의자료를제출하면서회의록 파기의혹이제기되었고 위원회구성원명단을공개하지않아의사 결정과정의객관성을검증할수없는상황임.또한배정심사위원회 -3-가5일만에3차례회의로결정을내린점 현장실사없이결정이 이루어진점등은심도있는논의가부족했다는의혹을불러일으킴. 더불어특정지역의의대정원이대폭증가한것에대한의문과 함께 특정지자체간부가배정심사위원회에참석했다는의혹이제 기되어공정성문제가제기됨.지역별 대학별배정기준의불명확 성과의료수요와공급현황을제대로반영하지않았다는비판도 있음.이러한과정에서「공공기록물관리에관한법률」위반가 능성과국회에대한위증가능성등법적문제도제기되고있음. 따라서「고등교육법」제32조(학생의정원)와「교육기본법」제4 조(교육의기회균등등)의준수여부를포함하여 의대정원배정 과정전반에대한감사가필요함. 3.의대생휴학처리금지방침및서울대의대감사에대한감사 교육부의의대생휴학처리금지방침과서울대의대에대한감사 가학생들의학습권과대학의자율성을침해했는지 그리고이러한 조치들이법적 제도적으로정당한지에대한철저한검토가필요 함.교육부는의대생들의'동맹휴학'은휴학사유가될수없다고 강조하며휴학승인을저지했으나 이러한방침이「고등교육법」 제21조(교육과정의운영)와「교육기본법」제12조(학습자)를위반 하여학생들의학습권을침해하지않았는지검토가필요함.서울대 의대가약780명의의대생휴학을일괄승인한후 교육부는12명 -4- 의감사인단을투입해고강도감사를실시함.이는「고등교육법」 제6조(학교규칙)와「행정조사기본법」제4조(행정조사의기본원칙) 를위반하여대학의자율성을침해했을가능성이있음.특히교육 부가당초11일까지였던서울대감사기간을21일까지로연장한 것이정당한사유에의한것인지 아니면부당한압력행사의일환 인지확인이필요함.이주호교육부장관이국민의힘연찬회에서의 정갈등과관련해'6개월만버티면이긴다'는취지로발언한것으로 알려져논란을일으켰음.이러한발언이의료계와의갈등을심화시 키고정부정책에대한신뢰를저하시켰는지검토가필요함.또한 이주호장관은의대생들과의소통실패에대해국민께송구스럽 게생각한다고언급했으나 교육부의의료정책추진과정에서의 소통방식이적절했는지 그리고이로인해불필요한갈등이야기 되지않았는지검토가필요함.서울대의대는교육부가이드라인에 따른학사운영방침을적용하더라도휴학을승인할수밖에없다는 입장을교육부에지속해서밝혀왔음에도불구하고 교육부가강도 높은감사를실시한것이대학의자율성을침해하고부당한압력 으로작용하지않았는지확인이필요함.이러한사항들에대한감 사를통해「공공기관의정보공개에관한법률」제3조(정보공개의 원칙)와「국가공무원법」제56조(성실의무)의준수여부를확인 하고 향후유사한상황에서의정책결정및집행과정개선을위 한제도적방안을마련할수있을것으로기대함. -5-4.한국의학교육평가원독립성침해및의대정원증원에따른교육여 건준비에대한감사 정부가한국의학교육평가원(의평원)의독립성을침해하려시도했다 는의혹과의대정원증원에따른교육여건준비상황에대한철 저한조사가필요함.의평원은의학교육의질관리를위한독립기 관으로 그자율성과전문성이보장되어야함.그러나정부가의대 정원증원을추진하면서교육여건악화가예상됨에도불구하고 이 를객관적으로평가할수있는의평원을무력화하려한다는의혹 이제기되고있음.교육부는의평원에대해이사회구성의다양화 를요구하고 '고등교육기관의평가ㆍ인증등에관한규정'개정을 통해의평원의평가권한을제한하려했음.이는의평원의독립성 과전문성을훼손할수있는시도로보임.또한의대정원증원에 따른교육인프라구축 임상실습환경개선 교수인력확보등 교육여건준비가미흡한상황에서 정부가의평원을통제하려는시 도는의학교육의질적저하를초래할수있음.정부는2025년부터 2030년까지의대교육여건개선에5조원을투자하겠다고발표했 으나 실제2025년예산은4 877억원에불과함.이는의대들이요구 한6조5 000억원에크게미치지못하는금액임.특히사립의대에 대한지원은저금리융자에그치고있어 교육여건개선에실질적 인도움이될지의문임.따라서정부의의평원독립성침해시도에 대한사실관계를확인하고 그경위와책임소재를밝혀야함.동 -6- 시에의대정원증원에따른교육여건준비상황과예산확보현 황 계획의적절성을철저히검토하여의학교육의질적저하를방 지하기위한대책이충분한지확인해야함.이를통해「고등교육 법」제11조의2(평가등)와「행정절차법」제4조(신의성실과신뢰 보호)의준수여부를확인하고 향후의학교육의질보장을위한 제도적방안을마련할필요가있음. 5.전공의ㆍ의대생미복귀에따른정부대책에대한감사 전공의와의대생들의장기미복귀상황에대한정부의대응방안 과그실효성을검토해야함.특히의료공백을최소화하고의료 서비스의질을유지하기위한단기및장기대책의적절성과실행 가능성을평가할필요가있음.이주호교육부장관은의대생들의20 25학년도복귀를마지노선으로제시하며 미복귀시유급또는제 적될수있다고경고했음.또한대학에2개학기초과연속휴학을 제한하는규정을마련하라고요청하는등강압적인태도를보임. 이는「고등교육법」제21조(교육과정의운영)와「교육기본법」 제12조(학습자)를위반하여학생들의학습권을침해할소지가있 음.장상윤대통령실사회수석은의대생들의휴학에대해개인적인 이유에기인한것이아니므로인정할수없다는입장을밝힘.고 등교육법령상휴학은교육과정에등록한학생이입대나질병 어학 연수나가족의이사이런개인적이고예측불가능한사유가생겼 -7-을때신청하고학교에서승인해주는것이라며현행의대생들의' 동맹'휴학은법령상맞지않는다고지적함.이는「국가공무원 법」제56조(성실의무)를위반할소지가있음.정부의이러한대 응은의대생들의복귀를오히려어렵게만들고있으며 장기적으로 의료인력수급에심각한문제를초래할수있음.특히2025학년도 에7500명의의대신입생이한꺼번에입학하게될경우 의학교육 의질저하가우려되는상황임.이에대해이주호장관은교육부 가질만큼은확실히보장하겠다고자신감을보였으나 구체적인 계획이나실행방안은제시하지못하고있음.따라서정부의의대 생미복귀대책이실효성있고적절한지 그리고이를추진하는과 정에서관련법령을준수하고있는지에대한철저한감사가필요 함.또한정부고위관료들의발언이의료계와의갈등을심화시키 고있는지 그리고이로인해의대생들의복귀가더욱어려워지고 있는지에대한검토도이루어져야함.이를통해의료인력양성과 의료서비스질유지를위한장기적이고실질적인대책마련이시 급함.,
61DD33F5-F515-BAE5-DFA3-6F9922B14C02.pdf,6378,법률안처리등필요한안건을심사․처리하기위한것임.의안 번호6378,
55A10E93-93C3-6E8B-BD94-44C15C802D09.pdf,4612,국제연합 회원국으로서 국제연합의 국제평화유지 노력에 적극 동참하고  레바논의 안정화와 중동지역의 평화 달성에 기여하기 위하여「국제연합  레바논 평화유지군(UNIFIL)」에 파견되어 활동 중인 국군부대의 파견 기간을 연장하려는 것임. 주요 골자 가.2007.7.19.부터 파견되어 2024.12.31.까지 연장된 국군부대의 파견기간을 2025.1.1.부터 2025.12.31.까지 1년간 연장함. 나.국군부대의 임무는 작전지역에 대한감시정찰 레바논군 협조 및  지원 인도주의적 활동 등임. 다.국군부대에 대한 지휘권 및 법적 지위에 관하여는 국제연합 평화유지 활동에 적용되는 원칙에 따르도록 함. 라.국군부대 파견에 따른 소요경비(所要經費)는 우리 정부 예산에서 먼저  지출하고 추후 국제연합으로부터 일부 보전 받음.,
6F938978-75BC-50E4-8DE9-1445E453DD8D.pdf,10078,2025년3월경상북도 경상남도및울산등영남권일대에광범위하 게발생한대형산불로지역주민의생명과안전을위협받고삶과생업 의터전이파괴되었을뿐만아니라산림자원의소실과산업기반 중소 기업및소상공인경영악화등으로지역사회전반에걸쳐큰경제적 ㆍ사회적피해가발생하였음. 이러한대형산불은최근기후위기심화에따른이상고온 강풍및 가뭄등의요인으로확산속도가매우빠르고예측이어려워 복합적이 고광범위한피해를초래하는새로운유형의재난으로진화하고있어 그위험으로부터국민의안전을확보하고재난ㆍ안전관리를강화할 필요성이중요하게제기되고있음. 이에국회가정부와함께최근영남권에서발생한대형산불피해에 대한지원ㆍ복구경과를점검하고 실효성있는피해구제ㆍ지원방안 과대형산불방지및대형산불등으로인한재난ㆍ안전관리등을위 한종합대책을마련하며 대형산불피해지원등을위한특별법안등 대형산불방지 재난ㆍ안전관리및피해지원관련법률안을심사ㆍ처 리하기위하여「국회법」제44조에따라국회내에「산불피해지원 대책특별위원회」를구성하려는것임.,
7B848151-7C9D-57EC-41AD-E74A64179321.pdf,5994,2023년10월7일이후이스라엘의가자지구에대한무차별적인폭 격이1년가까이이어졌습니다.이과정에서유례없는민간인피해가 발생했으며 재앙수준의인도적위기가발생합니다.이에유엔의여 러기구들은‘즉각휴전’을요구하고 국제사법재판소(ICJ)는지난1월 이스라엘에‘집단학살방지’와‘팔레스타인주민의인도주의적상황을 개선하기위한조치도요구하였습니다.5월에도‘라파공격중단’을명 령하기도했습니다. 이스라엘은서안지구와레바논까지공습을확대하며중동전역으로 의확전가능성이제기되는등긴장이고조되고있습니다.이에더이 상의민간인희생이발생하지않도록즉각적이고영구적인휴전에나 설것을촉구합니다.,
7D88C35F-DB9D-35D5-F4AA-3118ACBE13DE.pdf,4913,1.이진숙방송통신위원회위원장의공무원으로서의정치적중립의무위반의혹에 대한감사 이진숙방송통신위원회위원장은정치적중립성을위반하고직무를 남용했다는이유로탄핵소추가이뤄져직무가정지된상태임.그러나  탄핵으로직무가정지되었더라도공무원신분은그대로유지됨.그렇기에 두달간2700여만원의급여도그대로받는것임.그런데 이진숙위원장은 유튜브등방송에출연해서“민주당이나좌파집단은우리가상상할수있는 모든것을하는집단”이라발언하며 적대와편향적인정치메시지를지속 해서쏟아내고있음.이는‘특정정당또는특정인을지지하거나반대하기 위한행위를하면아니된다’는「국가공무원법」제65조제2항에명시된 정치적중립의무를위반하는것이므로이에대한감사가필요함. 2.부적격인사를선거방송심의위원으로위촉한방송통신심의위원회의 선거방송심의위원선임과정에대한감사 방송통신심의위원회는「공직선거법」제8조의2에따라선거방송의공정 성을유지하기위하여선거방송심의위원회를설치해야하며 동법에서지명한 단체에서후보를추천하면전문성과대표성을고려해선거방송심의위원을최 종결정함.그런데 공정성과중립성을최우선해야할방송통신심의위원회 -3-는류희림방송통신심의위원회위원장의대학원지도교수인인사를제22 대국회의원선거선거방송심의위원회위원에이어2024년하반기재·보궐 선거선거방송심의위원회위원으로위촉했음.또한 ‘여성혐오발언’과같은 정치적편향으로논란을빚은인사를2024년하반기재·보궐선거선거방송심 의위원회위원으로위촉하였으며 해당위원은결국사회적물의를일으킨 끝에위원에서결국사퇴했음.논란이있는인사들이선거방송심의위원으 로임명되기까지철저한검증과심사등인사과정에서제역할을하지못한 방송통신심의위원회의인사시스템과선임과정에대한감사가필요함.,
0613B2DB-ED51-3E0E-EB73-05EC97FCF133.pdf,3229,이협정의체결을통하여우리나라와에콰도르공화국간의형사사법 공조를위한제도적기반을마련함으로써형사사건의수사 기소및재 판절차에서의효율성과신속성을도모하고양국간우호협력관계를 강화하려는것임.,가.양당사국은수사또는사법절차에필요한사람의소재․신원확 인과진술취득 서류및기록의제공과증거수집 수색및압수 요청의이행 범죄수익의처분제한․몰수등형사사건에서상호 공조를제공함(안제2조). 나.요청당사국은이협정에따라취득한정보또는증거를피요청당사 국의허가없이공조요청서에기재된것이외의목적으로사용하거 -2- 나이관하지않음(안제3조). 다.피요청당사국은공조요청이정치적범죄와관련되거나 공조요청 의이행이자국의주권․안보․공공질서를저해할수있는경우등 에는공조를거절할수있음(안제8조). 라.이협정은관련작위또는부작위가이협정의발효전에발생했 더라도 이협정의발효후에제기되는모든공조요청에적용됨(안 제23조).
7D288B19-9104-1C05-4389-C43F768DCEA4.pdf,4494,한-UAE간 군사협력의 일환으로 2011년 1월부터 아랍에미리트(UAE)에 파견된 국군부대(아크부대)의 파견기간이 2024년 12월 31일 종료될  예정으로 다음과 같은 이유로 파견기간을 연장하고자 함. 첫째 아크부대의 주둔은한-UAE간 특별 전략적 동반자 관계 발전및 다양한 분야에서의 양국간 교류협력 확대에 기여함. 둘째 UAE군 특수전부대의 첨단장비·훈련시설을 활용한 훈련을 통해  우리 군 특수전부대의 작전수행능력이 향상됨. 셋째 UAE정부는 양국간 협력의 상징이자 UAE군의 역량 제고에 기여하고 있는 아크부대의 파견연장을 희망함. 넷째 유사시 UAE지역 내 우리 국민(1만여 명)보호 임무 수행이 가능함.,가.UAE에 파견된 국군부대 파견기간을 2025년 1월 1일부터 2025년 12월 31일까지 1년간 연장함. 나.국군부대의 임무는 UAE군 특수전부대에 대한 교육훈련 지원 UAE군 특수전부대와 연합훈련및연습 유사시 우리 국민 보호임. 다.파견규모는 150명 이내이며 파견지역은 UAE아부다비주 지역임. 라.부대 지휘권은 한국군이 보유하며 우리 합동참모의장이 작전지휘함. 마.국군부대의 파견경비(약 107억 원)는 우리 정부의 부담으로 함.
86A27875-7279-BB01-5F85-0E7C6DA34DBC.pdf,7521,1.국토교통부가대통령실집들이행사비용을용산공원예산에서편법ㆍ 위법전용한의혹과용산어린이정원위탁업체선정과정간특정업체 밀어주기관련의혹에대한감사 2022년6월19일대통령실은“윤석열대통령 대통령실이전기념주 민초대행사참석”제하의보도자료를내고‘대통령실이전기념주 민초대행사’(부제:안녕하세요!새로이사온대통령입니다)를주민 400여명을초대하여진행했다고발표함.그런데 2022년6월국토부 『용산공원조성추진기획단』이작성한‘용산공원개방행사추진보고’ 에따르면 용산공원개방행사를‘대통령집무실이전에따라용산공 원을국민정원으로조성하여임시개방에앞서국민적공감대형성을 위해필요한행사’로기획 이를위해대행사를선정하는계약‘용산 공원시범개방행사대행용역’(㈜앤다수주)과‘지역주민어울림행사 (가칭)대행용역’(올댓캠퍼스수주)두건을발주함.㈜앤다가수행한 ‘용산공원시범개방행사’는국토부주관으로정상진행되었으나 ‘지 역주민어울림행사(가칭)’는용산공원개방행사가아니라대통령실이 주최한‘대통령실이전기념주민초대행사’의위장용역이었음. 대통령실주민초대행사는대통령실자체행사이며 이것과용산공원 시범개방행사는근접장소일뿐전혀관련없는행사로이는「용산 -3-공원조성특별법」이정한사업범위에들지않는것으로써국토부 장관이위법하게행사를수행했으며 국회국정감사과정에서이에 대한지적에대해국토부장관은철저히거짓말로일관하여위증하는 등국회를무시하고「국회에서의증언ㆍ감정등에관한법률」을 위반하였음.이에감사원감사가필요함. 한편 ‘대통령실이전기념주민초청행사’를대행한‘올댓캠퍼스’는 이행사이후곧바로2022년7월14일국토부로부터위탁받아용산 공원조성과임시개방을운영하던한국토지주택공사(이하LH)로부터 ‘용산공원임시개방부지관리운영방안수립용역’을1인수의계약으 로수주한뒤이관리운영방안용역이채끝나기전인2022년8월 19일에LH로부터‘반환부지임시개방관리운영대행용역’을수주하 였는데 ‘올댓캠퍼스’가수주한과정에서는크게세가지의문제점이 제기되고있음.1)올댓캠퍼스가운영관리계획을수립하는용역을 하고있었기때문에이에기반하여과업지시가결정되는‘관리운영 대행용역’의핵심적내용을사전에파악할수있었다는점2)올댓 캠퍼스는‘행사대행’업체로‘관리운영대행’을하기에는‘시설관리’의 경험이전혀없는상태였는데 동년8월16일‘사전규격공고(자격)’ 가나오자마자이튿날인8월17일부로이벤트업체였던‘올댓캠퍼스’ 가법인사업목적에“건물관리 시설관리업”을추가함.그러나 자격 을입증할경력이전무한상태에서LH는1인수의계약으로계약함 -4- 3)1인수의계약과정도입찰한1개업체는스스로입찰을포기하며 한언론과의인터뷰에서“우리가모르고들어간것이다.이미정해져 있다는느낌을받았다.”라고폭로한바있음.이렇듯용산공원반환 부지임시개방관리운영위탁은특정업체를몰아주기위해의도적 으로「국가를당사자로하는계약에관한법률」등을위반하여진 행된의혹이있으므로이를규명하기위해감사원감사가필요함. 2.한국도로공사가운영하는‘레이더식돌발상황검지시스템’ ‘다봄 CCTV’ ‘도로전광표지판(VMS)기술개발제품’관련성능불량 성능조 작 부실준공검사 전ㆍ현직직원및업체간유착의혹등에관한감 사 한국도로공사는레이더식돌발상황검지시스템사업을추진함에있 어시방서와다르게성능평가검지거리를임의로축소해검지율을 측정하거나성능평가장소를임의로변경하고검지거리를축소하는등 의방법으로성능평가를조작하여성능평가성적서를발급하였으며  부실준공검사를한것이국정감사를통해밝혀짐.또한 한국도로공 사는메타빌드㈜에일감을몰아주는등한국도로공사전‧ 현직직원 들간유착관계에대한의혹이제기되고있음. 또한 한국도로공사가야간 새벽 악천후에도시인성확보를위한다 봄CCTV(야간초저조도카메라)사업을추진함에있어다봄CCTV -5-는사업의목적과달리일반CCTV와뚜렷한차이점이없고 야간에도 차량번호판인식이불가하는등성능에대한불량의혹이제기되고있 음.이와함께 다봄CCTV를납품한업체들의경우개별업체임에도 불구하고규격에서부터제품사양 제품안내서등이하나의제품인것 으로의혹이제기되어「중소기업제품구매촉진및판로지원에관한 법률」에따른직접생산의무를위반한것으로의심됨.더불어한국도 로공사는시방서변경및성능검증시험기준등을특정업체만참여 할수있도록하여일감을몰아주는등전‧ 현직직원과업체와의유착 의혹이제기되고있음. 또한 한국도로공사는도로전광표지판(VMS)기술개발제품사업관련 2024년4월국민권익위원회조사와한국도로공사자체감사를통해 계약서상기술개발제품이아닌다른제품이나부품등을납품및설 치한사실이드러났음.이와함께 한국도로공사는사전현장조사및 준공검사등을통해부정납품을사전에예방하거나별도조치를취 할수있었음에도불구하고이를묵인하고준공허가한책임이있음. 그러나한국도로공사는관련자들에대해경고조치의솜방망이징계 를한것이국정감사를통해밝혀짐.더욱이 도로전광표지판기술개 발제품대부분이실제로는해당기술개발제품과다른제품이설치되 거나 설계도면과는다르게설치및운영되고있다는의혹이제기되 고있음.또한 이러한만연한부정납품배경에는한국도로공사전ㆍ -6- 현직직원과업체간의유착의혹이제기되고있으므로이에대한 감사원감사를요구함.,
95620529-87A0-E2A1-7353-496B50ED0FC5.pdf,8356,정치적으로중립적이고공정한특별검사임명으로윤석열대통령 배우자김건희에대한각종의혹을엄정히조사하고자함. 윤석열대통령배우자김건희는도이치모터스주가조작및삼부토 건주가조작 코바나컨텐츠뇌물성협찬 명품가방수수 인사개입 대 통령집무실관저이전및국가계약개입 서울양평선고속도로노선 변경 국가기밀정보유출등다양한비리의혹을받고있음. 여러의혹이넘쳐나는데 검찰은명품가방수수사건은불기소처분 하고 도이치모터스주가조작사건에대해서도공범들은모두기소되 어재판이진행중임에도윤석열대통령배우자김건희에대한검찰 의수사의지가전혀없음.오히려대통령배우자라는이유로시간끌 -4- 기수사 봐주기수사 특혜수사를반복함. 「특별검사의임명등에관한법률」에따르면 국회가정치적중립 성과공정성등을이유로특별검사의수사가필요하다고본회의에서 의결한사건이특별검사의수사대상임.특검법상특별검사임명절차와 추천방식에대해서이미규정되어있기때문에특별검사임명등에 대해서정치적중립성과공정성에관한논란이나지체없이 본회의 의결을통해즉시특별검사임명절차가개시되어특별검사가신속히 수사를진행할수있음. 이사건과관련한특별검사수사를통한진상규명및책임자처벌 은국회를중심으로하여국민적관심이높은윤석열대통령배우자 김건희에대한각종의혹등을철저히수사함으로써 대한민국의사법 시스템의신뢰도를제고하고대한민국의공정과상식을바로잡을수 있음.,
9062C3E6-74BC-5B07-602E-D7670CF8ED01.pdf,3531,｢ 한국장학재단설립등에관한법률｣ 에따라설립된한국장학재단이 2025년도에발행하는한국장학재단채권의원리금상환에대해국가가 보증하기위하여｢ 국가재정법｣ 제92조에따라국회의동의를요청하고자 제안하는것임,가.채무자:｢ 한국장학재단설립등에관한법률｣ 에의해 설립된한국장학재단 나.채권자:한국장학재단채권의소유자 다.발행액:2조5천억원이내 라.보증액:한국장학재단채권의원리금 마.발행방법:공모또는사모발행 - 2- 바.발행금리:시장금리 사.상환기간:채권발행일로부터20년이내 아.상환재원:학자금대출원리금상환액 자.자금사용계획:2025년도학자금대출(취업후상환학자금대출  일반상환학자금대출)재원및2025년도에만기 도래하는한국장학재단채권상환 차.기타필요한사항은기획재정부장관의승인을얻어정함 - 3-2025년도에발행하는 한국장학재단채권에대한국가보증동의안 「한국장학재단설립등에관한법률」에따라설립된한국장학재단이 2025년도에발행하는한국장학재단채권의원리금상환을「국가재정법」 제92조에따라국가가보증하는것을동의한다. 1.채무자:「한국장학재단설립등에관한법률」에 따라설립된한국장학재단 2.채권자:한국장학재단채권의소유자 3.발행액:2조5천억원이내 4.보증액:한국장학재단채권의원리금 5.발행방법:공모또는사모발행 6.발행금리:시장금리 7.상환기간:채권발행일로부터20년이내 8.상환재원:학자금대출원리금상환액 9.자금사용계획:2025년도학자금대출(취업후상환학자금대출 일반상환 학자금대출)재원및2025년도에만기도래하는한국 장학재단채권상환 10.기타필요한사항은기획재정부장관의승인을얻어정함 - 4-
AFE57A41-ECDB-76E0-73B4-6D4DF5EC40F8.pdf,3321,1.대통령이임명한2인체제에기반한방송통신위원회의불법적운영에 관한감사 방송통신위원회는정치적다양성을반영하고방송의자유와공공성및 공익성 국민의권익보호와공공복리증진이라는입법목적을달성하기위 해5인으로구성되어야함에도2인의기형적인형태로방송통신위원회를 운영하며방송문화진흥회이사선임등불법적인의사결정을내렸으므로 이에대한감사가필요함 2.방송통신위원회의불법적인방송문화진흥회 한국방송공사이사선임과 정에대한감사 방송통신위원회는방송통신위원회의설치및운영에관한법률에따라 방송의자유와공공성및공익성을높이고국민의권익보호와공공복리의 증진에이바지하기위하여 5인의상임위원으로구성된위원회를통해방 송문화진흥회이사선임과정을거쳐야했으나 2인의기형적인형태로방 송문화진흥회 한국방송공사이사를선임하였으며심의·의결과정에서절 차준수와심의의적법성 위법성여부등에관하여방통위법이추구하는 입법목적을저해하였으므로이에대한감사가필요함 -3-3.「국회에서의증언·감정등에관한법률」과관련하여자료제출의무의 불성실한이행과증언거부에대한감사 방송통신위원회는「국회에서의증언·감정등에관한법률」에따라국 회가요구하는보고와서류제출의요구 증언등에따라야할의무가있으 나 국회과학기술정보방송통신위원회위원들의신문과자료요구에대해 성실하게임하지않았으며이사선임과과정등에관련하여회의록과속기 록등을제출하라는국회의요청에따르지않았으므로이에대한감사가 필요함 4.방송통신위원회가‘공영방송이사선임이적법한이유’문건을제출한과 정에대한감사 방송통신위원회는국회의자료제출요구에관하여성실하게자료를 제출하여야하나‘공영방송이사선임이적법한이유’라는자료의경우 공 영방송이사선임과정에대한적법성을방송통신위원회가설명한중요한 자료이고 여야가모두공영방송이사선임과관련하여광범위한범위의 자료를요청하였음에도이를여당에만제출하였고 해당자료의제출기록 이나작성부서는확인되지않고있으므로이에대한감사가필요함,
ADB1CC35-49BC-54D6-105E-AD71287AD09F.pdf,3224,이협정의체결을통하여대한민국과필리핀공화국간자유무역지대 를창설함으로써 무역및투자를자유화하고경제협력촉진기반을마 련하는등양국간경제통상관계를한층확대․강화하려는것임.,가.양당사국은「1994년도관세및무역에관한일반협정」제24조및 「서비스무역에관한일반협정」제5조에합치되게자유무역지대를 창설함(안제1.1조). 나.상대국에서수입되는상품에대한자유무역협정(FTA)특혜관세적 용의결과로 동종및직접경쟁상품을생산하는국내산업에심각한 피해또는피해의우려가있을경우 해당품목에대한관세인하정지 또는최혜국(MFN)관세율수준까지관세인상이가능하도록하는내 -2- 용의긴급수입제한조치를적용할수있음(안제3.2조). 다.각당사국은관세법과규정이관세영역에일관되게이행·적용되도록 보장하고 이해관계인등이쉽게접근할수있는방식으로가능한한 인터넷에신속하게관세법과관련절차를공표함(안제5.4조및제5.5 조). 라.양당사국은상호이익을기초한분야에집중하여협력활동을발굴 하고수행하며 협정의효과적인이행및운영을위하여경제및기술 협력위원회를설치함(안제7.2조및제7.5조). 마.분쟁의회피및해결을위한효과적인분쟁해결절차를마련함(안제 9.2조). 바.협정의이행과운영을감독하고양국간무역ㆍ투자관계증진방안 을검토하기위하여공동위원회를설치함(안제11.1조).
BA4DA2E7-2EFC-963C-3246-5EF7EF441EFE.pdf,8820,1.방송통신심의위원회위원장류희림이가족과지인들(이하‘사적이해 관계자등’이라함)을이용하여민원을사주하였다는의혹에대한 감사 2023년9월경방송통신심의위원회에특정보도에대한다수의민원이 제기됨.해당민원에서는서로내용이유사하거나 심지어오타까지 똑같은사례가발견되었고 상당수의민원인이류희림의사적이해관계 자등이라는사실이드러나면서류희림이민원을사주한것아니냐는 의혹이제기되고있으므로이에대한감사가필요함. 2.방송통신심의위원회위원장류희림이사적이해관계자등의민원을 인지하고도이를직접심의하여「방송통신위원회의설치및운영 -3-에관한법률」 「공직자의이해충돌방지법」등을위반한사실 에대한감사 2025년3월5일열린국회과학기술정보방송통신위원회현안질의에서 방송통신심의위원회간부는2023년9월14일방송통신심의위원회위 원장류희림에게‘쌍둥이동생민원’을보고했다고밝힘. 2023년9월14일방송통신심의위원회간부가보고한내용의핵심은 류희림의쌍둥이동생이2023년9월5일제기한민원이방송통신심의 위원회방송소위의안건으로상정될예정인바 이해충돌방지를위해 류희림이이를심의해선안된다는것임. 하지만류희림은해당내용을보고받은후로도최소7차례에걸친방 송소위및전체회의에참석하여사적이해관계자등이제기한민원을 직접심의하였고 이는「방송통신위원회의설치및운영에관한법 률」 「공직자의이해충돌방지법」등에규정된이해충돌방지의무 를위반한것이므로이에대한감사가필요함. 3.방송통신심의위원회위원장류희림이민원사주및이해충돌방지의 무위반사실을숨기기위해국회등에서수십차례거짓증언을 반복하고 방송통신심의위원회간부등에게위증을교사한사실에 -4- 대한감사 류희림은본인의위법사실을감추려는목적으로국회과학기술정보방 송통신위원회회의등에서사적이해관계자등의민원제기관련내용 을보고받은적이없다고수십차례주장하였으나이역시명백한거 짓증언이라는사실이드러남. 한편방송통신심의위원회간부는류희림의부패신고(「공직자의이해 충돌방지법」위반및공무원행동강령위반)와관련한국민권익위원 회조사에서“위원장에게보고한적이없다”고거짓으로진술하고난 후류희림으로부터“고맙다” “잘챙겨주겠다”는말을들었으며 이후 수차례에걸친국회과학기술정보방송통신위원회회의에서도“보고한 적이없다”는거짓진술을했다고증언함.이는류희림이본인의지위 와권한을악용해위증을교사했다는사실을보여주는것이므로류희 림의위증및위증교사에대한감사가필요함. 4.방송통신심의위원회가방송통신심의위원회위원장류희림의민원사 주의혹등에대한감사를부실하게진행한의혹에대한감사 위와같은사실관계에도불구하고방송통신심의위원회는2024년7월 부터2025년1월까지6개월에걸쳐류희림의민원사주의혹등에대 -5-한감사를진행하였으나‘불법여부를확인할수없다’는결과를도출 해류희림에게면죄부를줌으로써부실감사의혹이제기되고있으므 로이에대한감사가필요함. 5.방송통신심의위원회위원장류희림이공익신고자색출을목적으로 수사를의뢰하고 본인의위법사실에대한의혹등을제기해온직 원들에게인사상불이익을주는등사실상의보복행위를자행한 과정에대한감사 2023년12월류희림은민원사주의혹등을감추고 공익신고자를색출 하기위한목적으로서울남부지검에수사를의뢰하였음.또한민원사 주등불법행위에대한의혹을제기하고 가짜뉴스심의추진등과관 련해비판적의견을표명한직원들에게인사상불이익을주는등사 실상의보복행위를자행하였으므로이에대한감사가필요함.,
63CA201F-3F64-510C-B5F1-9B4861ABE5EF.pdf,5260,이협정의체결을통하여우리나라가2026년부터2030년까지주한 미군의주둔에관련되는경비의일부를부담함으로써우리나라와미합 중국간의동맹강화에기여하려는것임.,가.우리나라는주한미군의주둔에관련되는경비의일부를부담하고 그지원분은인건비분담 군수비용분담및우리나라가지원하는 건설항목으로구성됨(안제1조). 나.우리나라의지원분은2026년1조5 192억원이며 2027년부터2030년 까지는전년도지원분에전전년도우리나라물가상승률(소비자물 - 2- 가지수)을적용하여증가되고 모든해당연도에적용되는물가상 승률은5퍼센트를초과하지않음(안제2조). 다.인건비분담은현금지원으로이루어지고 군수비용분담은현물 지원으로이루어지며 우리나라가지원하는건설은현금지원및 현물지원으로이루어지되 이중현금지원분은사업설계와시공 감리에사용됨(안제3조). 라.우리나라는미합중국이서면으로요청하는경우이협정종료후 최대1년동안이협정유효기간의마지막연도인건비분담배정 금액을한도로인건비분담지원분을지급할수있음(안제5조). 마.당사자는현행특별조치협정제도의개선을목표로대한민국국방 부와주한미군사령부의국장급인사를공동의장으로하는합동실 무단을계속하여운영함(안제6조). 바.이협정은당사자의상호서면합의에의해연장되지않는한  2030년12월31일까지유효함(안제7조).
9E2523D7-8E45-217B-1EFA-6B07AC722812.pdf,3533,2025년도 무역보험계약 체결 한도를 「무역보험법」제8조에 따라 국회의 의결을 얻어 확정하고자 제안하는 것임.,가.2025년도 무역보험계약 체결 총한도(본한도+예비한도)는 2024년도 한도인 270조원에서 10조원 증액한 280조원으로 설정함 나.2025년도 본한도는 255조원으로 하고 이중 대금결제 기간이  2년을 초과하는 중장기연불(中長期延拂)수출거래는 20조원으로 함 다.2025년도 예비한도는 기업 수요 등에 탄력적으로 대응하고  무역보험의 원활하고 안정적인 지원을 위해 25조원으로 설정함 2025년도 무역보험계약 체결 한도에 대한 동의안 정부가 다음과 같이 제안한 2025년도 무역보험계약 체결 한도를 「무역보험법」제8조에 따라 동의함. ㅇ 2025년 ‘무역보험계약 체결 한도’를 280조원으로 하고 본한도는 255조원 예비한도는 25조원으로 하고 본한도 중 대금결제기간 2년을 초과하는 ‘중장기연불 수출거래의 계약체결 한도’는 20조원으로 함. <2025년도 무역보험계약 체결 한도 > (단위 :억원) 구 분 2024년 2025년전년대비 증감액 % 계약 체결 한도(총액)2 700 0002 800 000100 000 3.7 ㅇ 본한도  (중장기연불 수출거래*)  (단기수출 등 기타거래)2 500 000 (200 000) (2 300 000)2 550 000 (200 000) (2 350 000)50 000 ( - ) (50 000)2.0 ( - ) (2.2) ㅇ 예비한도 200 000 250 000 50 000 25.0  * 중장기연불 수출거래 :중장기수출보험  이자율변동보험  해외사업금융보험 <참 고 자 료 > Ⅰ.무역보험제도의개요·········································1 Ⅱ.계약체결한도산출내역···································2 Ⅲ.무역보험운영현황···············································3 가.운영종목·····································································3 나.연도별계약체결한도···········································4 다.무역보험인수현황···················································5 라.연도별계약체결한도소진율·····························6 마.연도별무역보험유효계약현황···························7 Ⅰ.무역보험제도의 개요 □무역보험은 우리 기업이 대외거래 상대방으로부터 수출대금 또는 선지급 수입대금을 회수하지 못하거나 수출입금융을 제공한  금융기관이 대출금을 회수하지 못하는 손실을 보상하는 제도 ㅇ 수출기업의 해외 시장 개척을 촉진하고 대내외 복합위기에  대응하여 지속적인 수출을 지원하는 주요 수출진흥정책 수단 □우리나라는 1968년 12월 「무역보험법」제정 후 대한재보험공사  수출입은행 등에서 무역보험을 운영하여 왔으나 1992년 7월  무역보험 전담기관인 한국수출보험공사(‘10.7월 한국무역보험공사로 사명 변경)를 설립하여 운영 중 ㅇ 전담기관의 설립․운영으로 무역보험은 비약적으로 발전하여  특히 ‘97년 IMF외환위기 ‘08년 금융위기 극복 과정에서 보험수요가 급격히 확대  * 무역보험 지원액 : (’93) 3.0조원→ (’08) 115.3조원→ (’20) 164.1조원→ (’23) 243.5조원 □무역보험 업무흐름 [신용조사 ] ▪수출자/수입자  신용조사 ▪신용등급 부여 ▪수입국 신용평가[인 수 ] ▪인수심사 ▪한도책정 ▪증권발급 및 보험료 수취[보 상 ] ▪사고조사 ▪보상 심사 ▪보험금 지급 (대위변제)[채권관리 ] ▪회수실익 분석 ▪채권추심 소송 등 회수활동 ▪종결 및 상각 Ⅱ.계약 체결 한도 산출내역 (단위:억원) 종 목계약체결 한 도산출내역 중장기연불  수출거래중 장 기 수출보험100 000 -‘25년 예상 인수실적과  단일건 최대 인수한도 감안 해외사업 금융보험99 000 이 자 율 변동보험1 000-향후 수요발생 가능성감안 단기 수출등  기타거래단기수출 보 험2 200 100 -‘25년 예상 인수실적과  최근 10년간 최대수요 감안수출신용 보 증65 000 수출보증 보 험21 000 수입보험 26 000 해외투자 보 험14 000 수출기반 보 험21 000 서 비 스 종합보험1 860 -향후 수요발생 가능성감안해외공사 보 험1 000 부품소재 신뢰성보험40 계(본한도) 2 550 000 예비한도 250 000-본 한도를 넘는 보험수요에 탄력 대응 하기 위해 예비한도를 별도로 설정 총 한 도 2 800 000 Ⅲ.무역보험 운영현황 가.운영종목 종 목 운 영 내 용 중 장 기 수출보험수출대금의 결제기간이 2년을 초과하는 수출계약을 체결한 후 수출이  불가능하게 되거나 수출대금을 못 받을 경우에 입게 되는 손실을 보상 해외사업 금융보험국내외 금융기관이 수출증진이나 외화획득 효과가 있을 것으로  예상되는 해외사업에 필요한 자금을 대출하고 회수하지 못하는  경우의 손실을 보상 이 자 율 변동보험금융기관의 조달금리(변동금리)와 수출자금 제공금리(고정금리)간  차이로 인해 발생하는 손실을 보상  단기수출 보 험수출대금의 결제기간이 2년 이내인 수출계약을 체결한 후 수출이  불가능하게 되거나 수출대금을 받을 수 없는 경우의 손실을 보상 수출신용 보 증수출입자가 수출입계약과 관련하여 금융기관 등으로부터 대출을  받거나 금융기관 등에 환어음을 매각하여 발생한 채무를 무역 보험공사가 연대보증 수출보증 보 험금융기관이 해외공사계약 또는 수출계약과 관련하여 수입자에게  보증서(Bond)를 발급한 후 수출자의 수출불이행 또는 하자발생시  보증 채무를 이행함에 따라 발생하는 손실을 보상 수입보험국민경제에 중요한 자원과 물품의 수입을 위해 기업이 선급금을 지급한  후 선급금을 회수할 수 없게 됨으로써 입게 되는 손실을 보상하거나  금융기관이 주요 자원 및 물품의 수입과 관련하여 금융을 제공한 후  원리금을 받을 수 없게 됨으로써 입게 되는 손실을 보상 해외투자 보 험해외투자 또는 해외투자에 따른 신용공여 금융계약 체결 후 원리금  배당금 등을 회수할 수 없게 될 경우 입게 되는 손실을 보상 수출기반 보 험수출기반 조성을 통해 외화획득의 효과가 있을 것으로 예상되는 사업의  설비도입과 관련하여 금융기관이 상환기간 2년 초과의 금융계약을  체결한 후 원리금을 받을 수 없게 됨으로써 입게 되는 손실을 보상 서 비 스 종합보험기업이 정보통신 기술 컨설팅 및 순수엔지니어링 관광 운송 등의 수출과 관련하여 수출계약 체결 후 수출대금을 받을 수 없는  경우의 손실을 보상 해외공사 보 험기업이 산업설비수출 건설공사 등과 관련하여 기성고방식 또는 연불방식  수출계약 체결 후 수출이 불가능하게 되거나 수출대금을 받을 수 없는  경우 또는 수출목적 투입장비에 대한 권리를 상실하는 경우의 손실을 보상 부품소재 신뢰성보험국산 부품․소재를 사용하는 기업에게 부품․소재의 신뢰성과 관련된  재산적 피해를 담보 나.연도별 계약 체결 한도 (단위 :억원) 종 목 2020년2021년2022년2023년2024년2025년 중장기수출보험 해외사업금융보험 이자율변동보험 단기수출보험 수출신용보증 수출보증보험 수입보험 해외투자보험 수출기반보험 서비스종합보험 해외공사보험 부품소재신뢰성보험113 000 65 000 1 000 1 860 000 68 000 42 020 24 000 18 900 5 000 2 020 1 000 6081 000 96 000 1 000 1 873 000 67 000 40 000 24 000 10 000 5 100 1 860 1 000 4081 000 96 000 1 000 2 073 000 65 000 40 600 24 000 10 000 6 500 1 860 1 000 4081 000 96 000 1 000 2 082 000 65 000 26 100 24 000 10 000 12 000 1 860 1 000 40133 000 66 000 1 000 2 132 100 68 000 43 000 26 000 14 000 14 000 1 860 1 000 40100 000 99 000 1 000 2 200 100 65 000 21 000 26 000 14 000 21 000 1 860 1 000 40 계약 체결 한도(본한도) (중장기연불 수출거래)2 200 000 (179 000)2 200 000 (178 000)2 400 000 (178 000)2 400 000 (178 000)2 500 000 (200 000)2 550 000 (200 000) 계약 체결 한도(예비한도)100 000100 000200 000200 000200 000250 000 계약 체결 한도(총한도) (증감률 %)2 300 000 -2 300 000 -2 600 000 13.02 600 000 -2 700 000 3.82 800 000 3.7 다.무역보험 인수현황 (단위:억원) 종 목 ‘23년‘24년(예상) ‘25년(추정)‘24.1～7월 중장기수출보험 148 417 69 47338 827 71 128 해외사업금융보험 119 875 65 95932 862 66 282 이자율변동보험 - - - - 단기수출보험 2 081 0672 188 4751 198 2652 224 197 수출신용보증 44 470 52 36629 005 55 299 수출보증보험 13 164 6 124 3 273 6 199 수입보험 15 988 24 36913 431 24 619 해외투자보험 8 560 13 799 6 707 14 233 서비스종합보험 - - - - 수출기반보험 3 601 21 20021 567 21 361 부품소재신뢰성보험 - - - - 해외공사보험 - - - - 소 계 2 435 1422 441 7651 343 9372 483 317 환변동보험(선물환) 12 795 16 662 8 858 16 745 총 계 2 447 9372 458 4271 352 7952 500 062 라.연도별 계약 체결 한도 소진율 (단위:억원 %) 연 도계약 체결 한도(A)인수실적(B) 소진율(B/A) 1993년 1994년 1995년 1996년 1997년 1998년 1999년 2000년 2001년 2002년 2003년 2004년 2005년 2006년주1) 2007년 2008년 2009년 2010년 2011년 2012년 2013년 2014년 2015년 2016년 2017년 2018년 2019년 2020년 2021년 2022년 2023년36 000 58 000 110 000 179 000 187 000 310 000 393 000 490 000 540 000 590 000 590 000 650 000 760 000 840 000 930 000 1 300 000 1 700 000 1 900 000 2 000 000 2 070 000 2 200 000 2 250 000 2 300 000 2 300 000 2 300 000 2 300 000 2 300 000 2 300 000 2 300 000 2 600 000 2 600 00030 327 45 635 100 446 124 087 153 064 281 696 341 691 359 177 373 161 420 405 501 353 628 912 731 580 746 011 822 258 1 220 390 1 635 521 1 847 289 1 903 502 2 011 535 2 019 600 1 887 058 1 669 097 1 554 617 1 443 161 1 478 526 1 549 241 1 640 688 1 950 786 2 371 527 2 435 14084.2 78.7 91.3 69.3 81.9 90.9 86.9 73.3 69.1 71.3 85.0 96.8 96.3 88.8 88.4 93.9 96.2 97.2 95.2 97.2 91.8 83.9 72.6 67.6 62.7 64.3 67.4 71.3 84.8 91.2 93.7 총 계주2)41 383 000 34 277 481 82.8 주1)‘06년부터 계약 체결 한도 산정시 환변동보험(선물환방식)은 제외 주2)‘93～'23년 누적 인수실적 및 평균 소진율 마.연도별 무역보험 유효계약 현황 (단위:억원) 종 목 2021년 2022년 2023년 2024.7월 중장기수출보험 287 332274 476329 876335 193 해외사업금융보험 170 224199 767263 405274 146 이자율변동보험 - - - - 단기수출보험 276 405296 870314 458260 042 수출신용보증 22 836 24 218 24 231 25 834 수출보증보험 25 067 30 200 38 227 38 417 수입보험 3 945 8 454 4 823 5 571 해외투자보험 8 502 8 637 9 884 9 992 수출기반보험 6 840 16 868 18 072 34 204 서비스종합보험 - - - - 해외공사보험 - - - - 부품소재신뢰성보험 - - - - 소 계 801 151859 4901 002 976983 399 환변동보험(선물환) 2 745 6 029 6 264 7 061 총 계 803 896865 5191 009 240990 460 산업통상자원부 무역투자실 수출입과
BF84D97C-4428-114E-5248-69B563933174.pdf,3532,「경제안보를위한공급망안정화지원기본법」에따라한국수출입 은행이2025년도에발행하는공급망안정화기금채권의원리금상환에 대해국가가보증하기위하여「국가재정법」제92조에따라국회의 동의를요청하고자제안하는것임.,가.채무자:한국수출입은행 나.채권자:공급망안정화기금채권의소유자 다.발행액:원화기준10조원이내 (외화의경우발행당시매매기준율적용) 라.보증액:공급망안정화기금채권의원리금 마.발행방법:공모또는사모발행 바.발행금리:시장금리를참작하여별도결정 - 2- 사.상환기간:채권발행일로부터10년이내 아.상환재원:「경제안보를위한공급망안정화지원기본법」 제39조제1항에따른공급망안정화기금의재원 자.자금사용계획:「경제안보를위한공급망안정화지원기본법」 제41조제2항에따른기금의용도에사용 차.기타필요한사항은기획재정부장관의승인을얻어정함 - 3-2025년도에발행하는 공급망안정화기금채권에대한국가보증동의안 「경제안보를위한공급망안정화지원기본법」에따라한국수출입 은행이2025년도에발행하는공급망안정화기금채권의원리금상환을 「국가재정법」제92조에따라국가가보증하는것을동의한다. 1.채무자:한국수출입은행 2.채권자:공급망안정화기금채권의소유자 3.발행액:원화기준10조원이내 (외화의경우발행당시매매기준율적용) 4.보증액:공급망안정화기금채권의원리금 5.발행방법:공모또는사모발행 6.발행금리:시장금리를참작하여별도결정 7.상환기간:채권발행일로부터10년이내 8.상환재원:「경제안보를위한공급망안정화지원기본법」 제39조제1항에따른공급망안정화기금의재원 9.자금사용계획:「경제안보를위한공급망안정화지원기본법」 제41조제2항에따른기금의용도에사용 10.기타필요한사항은기획재정부장관의승인을얻어정함 - 4-
D1026F9F-7BF4-DB53-B129-C5D444617568.pdf,7328,2024년12월29일전라남도무안군망운면무안국제공항에서제주 항공2216편여객기가착륙중활주로를이탈하면서해당여객기탑 승자중179명이사망하고2명이부상을입는참사(이하‘12ㆍ29여객 기참사’)가발생함. 불의의사고로유명을달리한수많은희생자뿐만아니라 준비도 하지못한채사랑하는가족을떠나보내야했던유가족과사고로인 한부상자에대한피해구제와지원책마련이절실함. 또한12ㆍ29여객기참사는국내에서발생한항공기사고중최다 사망자를발생시킨참사로서사고의발생원인을규명하고재발방지 책과제도개선방안을마련함으로써우리나라의항공교통안전시스템 을강화하고국민의생명과안전을보장하는것이시급함. 이에12ㆍ29여객기참사로희생된분들을추모하고참사로인해 피해를입은분들에대한피해구제및지원방안을마련하며사고의 진상규명및재발방지대책수립등에관한사항등을논의하고관 련법률안을심사하기위하여「12.29여객기참사진상규명과피해자 및유가족의피해구제를위한특별위원회」를구성하려는것임.,
D2EB6E17-2716-E7B5-5D3E-438516073263.pdf,4595,및주요내용 특별검사의임명을위한특별검사후보추천위원회는7명으로구성되 어있으며 그중4명이국회에서추천하게되어있음.현행규칙은국 회에서추천하는4명의위원을제1교섭단체및그외교섭단체가각 각2명씩추천하도록되어있음. 대통령또는대통령의친인척의위법사건수사의경우대통령이소 속되거나 소속되었던정당이추천하는사람이특별검사후보추천위원 회의위원이되는경우 대통령의영향력이미칠수있으며 또한이 해충돌의소지가크다는지적이있음. 이에대통령또는대통령과「민법」제779조에따른가족에해당 하는자가위법한행위를하여수사대상이되는경우대통령이소속 되거나 소속되었던정당은추천할수없게하고그외의정당이추천 하도록하여이해충돌이나는것을방지하고자함(안제2조).의안 번호4595 발의자:박성준ㆍ윤종군ㆍ전용기 노종면ㆍ강유정ㆍ고민정 추미애ㆍ허종식ㆍ정진욱 양문석ㆍ김민석의원 (11인) -3-규칙제 호 특별검사후보추천위원회의구성및운영등에관한규칙 일부개정규칙안 특별검사후보추천위원회의구성및운영등에관한규칙일부를다음 과같이개정한다. 제2조제2항에단서를다음과같이신설하고 같은항에각호를다음 과같이신설하며 같은조에제3항부터제5항까지를각각다음과같 이신설한다. 다만 법제2조의수사대상이다음각호의어느하나에해당하는 경우에는대통령이소속되거나 소속되었던정당의교섭단체를제외 하여야한다. 1.대통령 2.대통령과「민법」제779조가정한가족관계에있는자.이경우 같은조제2항은적용하지아니한다. ③제2항에따라추천할수있는교섭단체가2개에미달하는경우 비교섭단체중의석수가많은2개비교섭단체가각각1명씩추천한 다.다만 의석수가같은경우에는선수(選數)가앞선국회의원이있 는비교섭단체가추천하고 선수(選數)도같은경우에는연장자인 국회의원이있는비교섭단체가추천한다. ④국회의장은위원추천을위해제2항에따른교섭단체(제3항의경 -4- 우에는비교섭단체를포함한다.이하이조에서같다)에5일이내의 기한을정하여위원의추천을서면으로요청하여야하고 각교섭단 체는요청받은기한내에추천을마쳐야한다. ⑤제4항에도불구하고기한내에추천을하지아니한교섭단체가 있는경우에는국회의장이추천한다. 부 칙 이규칙은국회가의결한날부터시행한다. -5-신·구조문대비표 현 행 개정안 제2조(위원회의구성)①(생 략)제2조(위원회의구성)①(현행 과같음) ②「특별검사의임명등에관 한법률」(이하“법”이라한다) 제4조제4항제4호에따라국회 에서추천하는4명의위원은 국회의장이교섭단체의추천을 받아임명또는위촉하되 제1 교섭단체및그외교섭단체가 각각2명씩추천한다.<단서 신설>②------------------------- ---------------------------- ---------------------------- ---------------------------- ---------------------------- ---------------------------- ---------------------------- -----------------------.다 만 법제2조의수사대상이다 음각호의어느하나에해당 하는경우에는대통령이소속 되거나 소속되었던정당의교 섭단체를제외하여야한다. <신설> 1.대통령 <신설> 2.대통령과「민법」제779조 가정한가족관계에있는자. 이경우같은조제2항은적 용하지아니한다. <신설> ③제2항에따라추천할수있 는교섭단체가2개에미달하는 경우비교섭단체중의석수가 -6- 많은2개비교섭단체가각각1 명씩추천한다.다만 의석수가 같은경우에는선수(選數)가앞 선국회의원이있는비교섭단 체가추천하고 선수(選數)도 같은경우에는연장자인국회 의원이있는비교섭단체가추 천한다. <신설> ④국회의장은위원추천을위 해제2항에따른교섭단체(제3 항의경우에는비교섭단체를 포함한다.이하이조에서같 다)에5일이내의기한을정하 여위원의추천을서면으로요 청하여야하고 각교섭단체는 요청받은기한내에추천을마 쳐야한다. <신설> ⑤제4항에도불구하고기한 내에추천을하지아니한교섭 단체가있는경우에는국회의 장이추천한다.,
C9E54345-CAA8-531C-7AC0-D7AA112150ED.pdf,,「사회기반시설에 대한 민간투자법」제7조의2에 따라 2025년도에 실시할 임대형 민자사업(BTL)의 총한도액 및 대상시설별  한도액과 전년도에 사용한 예비한도액의 사용 명세를 국회에 제출하고자 하는 것임.,가.정부가 2025년도에 실시할 임대형 민자사업의 한도액(BTL)은 16 431억 원으로 구체적인 내역은 다음과 같음. 1)국가사업 :3 267억 원 ㅇ 대학시설(기숙사 시설개선):995억 원 ㅇ 국방시설(군 주거시설 교육시설 등):2 272억 원 2)국고보조 지자체사업 :12 382억 원 ㅇ 하수처리시설 :2 787억 원 ㅇ 하수관로시설:9 595억 원 3)예비한도액*:782억 원 *사업추진과정에서예측할수없는지출에충당하기위해국가사업 및국고보조자치단체사업한도액합계액의5%수준을계상 나.정부가 2023년도에 지출한 예비한도액은 3 076백만원으로  구체적인 사용명세는 다음과 같음. - 2-1)국가사업 :3 076백만 원 ㅇ 대학시설 -전북대 :268억 원 →279억 원 -서울과기대 :280억 원 →293억 원 -부산대 :254억 원 →260억 원
D3BE5927-14B1-9AA9-24A8-119D44775BD2.pdf,7717,이의정서의체결을통하여2012년12월11일서울에서서명된 「대한민국정부와키르기즈공화국정부간의소득과자본에대한조 세의이중과세방지와탈세예방을위한협정」을개정하여조세회피 목적의거래에대해서는협정에따른혜택이부여되지않도록함으로 써OECD및G20이주도하는세원잠식및소득이전대응방안을이 행하기위한국제적공조움직임에참여하려는것임.,가.납세자가체약국의조치로이협정의규정에부합하지않는과세상 결과가자신에게발생하거나발생할것이라고볼때상호합의절차를 신청할수있는국가를거주지국에서양체약국으로확대함(안제2조). - 2- 나.정보를요청받은체약국은자국의조세목적상그러한정보가필요 하지않을수있더라도요청받은정보를취득하기위하여자국의정 보수집수단을사용하도록하는등체약국의정보교환협조의무를 강화함(안제3조). 다.이협정의혜택을얻는것이주요목적인계약또는거래에대해 그혜택 을부여하는것이이협정의관련규정의대상과목적에부합한다고 입증되는경우를제외하고는 이협정의혜택을부여하지않음(안제4 조).
DF82EFAC-DCA8-2C2B-A680-69A858FBC7B2.pdf,4595,및주요내용 특별검사의임명을위한특별검사후보추천위원회는7명으로구성되 어있으며 그중4명이국회에서추천하게되어있음.현행규칙은국 회에서추천하는4명의위원을제1교섭단체및그외교섭단체가각 각2명씩추천하도록되어있음. 대통령또는대통령의친인척의위법사건수사의경우대통령이소 속되거나 소속되었던정당이추천하는사람이특별검사후보추천위원 회의위원이되는경우 대통령의영향력이미칠수있으며 또한이 해충돌의소지가크다는지적이있음. 이에대통령또는대통령과「민법」제779조에따른가족에해당 하는자가위법한행위를하여수사대상이되는경우대통령이소속 되거나 소속되었던정당은추천할수없게하고그외의정당이추천 하도록하여이해충돌이나는것을방지하고자함(안제2조).의안 번호4595 발의자:박성준ㆍ윤종군ㆍ전용기 노종면ㆍ강유정ㆍ고민정 추미애ㆍ허종식ㆍ정진욱 양문석ㆍ김민석의원 (11인) -3-규칙제 호 특별검사후보추천위원회의구성및운영등에관한규칙 일부개정규칙안 특별검사후보추천위원회의구성및운영등에관한규칙일부를다음 과같이개정한다. 제2조제2항에단서를다음과같이신설하고 같은항에각호를다음 과같이신설하며 같은조에제3항부터제5항까지를각각다음과같 이신설한다. 다만 법제2조의수사대상이다음각호의어느하나에해당하는 경우에는대통령이소속되거나 소속되었던정당의교섭단체를제외 하여야한다. 1.대통령 2.대통령과「민법」제779조가정한가족관계에있는자.이경우 같은조제2항은적용하지아니한다. ③제2항에따라추천할수있는교섭단체가2개에미달하는경우 비교섭단체중의석수가많은2개비교섭단체가각각1명씩추천한 다.다만 의석수가같은경우에는선수(選數)가앞선국회의원이있 는비교섭단체가추천하고 선수(選數)도같은경우에는연장자인 국회의원이있는비교섭단체가추천한다. ④국회의장은위원추천을위해제2항에따른교섭단체(제3항의경 -4- 우에는비교섭단체를포함한다.이하이조에서같다)에5일이내의 기한을정하여위원의추천을서면으로요청하여야하고 각교섭단 체는요청받은기한내에추천을마쳐야한다. ⑤제4항에도불구하고기한내에추천을하지아니한교섭단체가 있는경우에는국회의장이추천한다. 부 칙 이규칙은국회가의결한날부터시행한다. -5-신·구조문대비표 현 행 개정안 제2조(위원회의구성)①(생 략)제2조(위원회의구성)①(현행 과같음) ②「특별검사의임명등에관 한법률」(이하“법”이라한다) 제4조제4항제4호에따라국회 에서추천하는4명의위원은 국회의장이교섭단체의추천을 받아임명또는위촉하되 제1 교섭단체및그외교섭단체가 각각2명씩추천한다.<단서 신설>②------------------------- ---------------------------- ---------------------------- ---------------------------- ---------------------------- ---------------------------- ---------------------------- -----------------------.다 만 법제2조의수사대상이다 음각호의어느하나에해당 하는경우에는대통령이소속 되거나 소속되었던정당의교 섭단체를제외하여야한다. <신설> 1.대통령 <신설> 2.대통령과「민법」제779조 가정한가족관계에있는자. 이경우같은조제2항은적 용하지아니한다. <신설> ③제2항에따라추천할수있 는교섭단체가2개에미달하는 경우비교섭단체중의석수가 -6- 많은2개비교섭단체가각각1 명씩추천한다.다만 의석수가 같은경우에는선수(選數)가앞 선국회의원이있는비교섭단 체가추천하고 선수(選數)도 같은경우에는연장자인국회 의원이있는비교섭단체가추 천한다. <신설> ④국회의장은위원추천을위 해제2항에따른교섭단체(제3 항의경우에는비교섭단체를 포함한다.이하이조에서같 다)에5일이내의기한을정하 여위원의추천을서면으로요 청하여야하고 각교섭단체는 요청받은기한내에추천을마 쳐야한다. <신설> ⑤제4항에도불구하고기한 내에추천을하지아니한교섭 단체가있는경우에는국회의 장이추천한다.,
E0CEF2CC-F0ED-824F-9625-98BEBF32FBC1.pdf,8819,방송통신심의위원회는방송내용의공공성및공정성을보장하고 정보통신에서의건전한문화창달과올바른이용환경조성을위하여 설립된독립기관으로서 방송통신심의위원회위원장은기관의설립목 적과취지를앞장서준수해야할책무가있음. 이와관련하여2023년9월경방송통신심의위원회에특정보도에대 한다수의민원이제기되었는바 해당민원에서는서로내용이유사하 거나 심지어오타까지똑같은사례가발견되었고 상당수의민원인이 방송통신심의위원회위원장류희림의사적이해관계자등이라는사실이 드러나면서류희림이민원을사주한것아니냐는의혹이제기되어왔음. 류희림은이러한민원사주의혹에대해전면부인하며 본인은민원 인의정보에대해일체보고받지않았기때문에민원인의정보 본인 과의관계를전혀알수없었다고주장함. 하지만2025년3월5일열린국회과학기술정보방송통신위원회현 안질의에서방송통신심의위원회간부는2023년9월14일류희림에게 ‘쌍둥이동생민원’을보고했다고밝힘. 2023년9월14일방송통신심의위원회간부가보고한내용의핵심은 -3-류희림의쌍둥이동생이2023년9월5일제기한민원이방송통신심의 위원회방송소위의안건으로상정될예정인바 이해충돌방지를위해 류희림이이를심의해선안된다는것임. 류희림은해당내용을보고받은후로도최소7차례에걸친방송소 위및전체회의에참석하여사적이해관계자등이제기한민원을직접 심의하였고 이는「방송통신위원회설치및운영에관한법률」  「공직자의이해충돌방지법」등에규정된이해충돌방지의무를위 반한것임. 뿐만아니라류희림은본인의위법사실을감추려는목적으로국회 과학기술정보방송통신위원회회의등에서사적이해관계자등의민원 제기관련내용을보고받은적이없다고수십차례주장한바 이역 시명백한거짓증언이라는사실이드러남. 한편방송통신심의위원회간부는류희림의부패신고(이해충돌방지법 위반및행동강령위반)와관련한국민권익위원회조사에서‘위원장에 게보고한적이없다’고거짓으로진술하고난후류희림으로부터“고 맙다” “잘챙겨주겠다”는말을들었으며이후수차례에걸친국회과 학기술정보방송통신위원회회의에서도‘보고한적이없다’는거짓진 술을했다고증언함.이는류희림이본인의지위와권한을악용해위 -4- 증을교사했다는사실을보여줌. 사실관계가이러함에도방송통신심의위원회는2024년7월부터2025 년1월까지6개월에걸쳐류희림의민원사주의혹등에대한감사를 진행하였으나‘불법여부를확인할수없다’는결과를도출해류희림 에게면죄부를줌으로써부실감사의혹이제기되고있음. 또한류희림은2023년12월공익신고자색출을목적으로수사를의 뢰하고 본인의위법사실에대한의혹등을제기해온직원들에게인사 상불이익을주는등사실상의보복행위를자행해왔음. 이에대한민국국회는류희림이민원사주의혹 이해충돌방지의무 위반등으로방송통신심의위원회의공공성과공정성을훼손하였고 본 인의불법행위를은폐하기위해국회에서반복적으로위증을하며내 부구성원들에게회유 보복을자행해왔다는점에서류희림의즉각적 인사퇴를촉구하기로결의함. 아울러류희림의민원사주및은폐의혹등과관련해국민권익위원 회와경찰의엄정하고신속한재조사및수사를촉구함.,
E715C15A-11E7-4725-2D72-FC8F039CAF6E.pdf,9175,국민의안정적인노후생활을보장하기위하여「국민연금법」및 「기초연금법」등에따라각종연금제도를운용하고있음.그러나연 금제도의소득보장효과에한계가있고저출생ㆍ고령화로인한재정 의불안정성도증대하고있어 제도개선의필요성이커지고있음.의안 번호9175동의연월일:2025.3.20. 동의자:의장 -2- 이에연금재정의지속가능성과노후소득보장을도모하기위해재 정안정화조치및국민ㆍ기초ㆍ퇴직ㆍ개인연금등의개혁방안을논 의하고 관련법률안을심사ㆍ처리하기위하여「연금개혁특별위원 회」를구성하려는것임.,
E8CA57CC-6B9D-A156-3732-F5630D6F0EE6.pdf,3319,일본이후쿠시마원전오염수해양투기를시작한지1년 한국정부 는더이상일본의원전오염수해양투기를방조하지말고 국민안전 과수산업계보호를위해일본에즉각원전오염수해양투기중단을 -5-요구해야함. 바다는무한한복원력으로전인류를먹여살리는생명창고임.전 세계적으로약30억명이상이바다에서주요단백질을얻고있음. 바다는연간약1억톤이상의어류및해산물을생산하고있으며  이는전세계식량공급의약16%에해당함.우리가바다환경을지 키고보존해야할이유임. 하지만일본정부는인접국가와국제사회의동의도없이지난해8 월24일후쿠시마원전오염수134만톤을앞으로30년이상전인류 의바다에투기를시작하였음.단지원전오염수해양투기가비용이 제일싸다는이유에서임. 이는IAEA의권고로시작되었고 IAEA의최종보고서에의해결정 되었음.하지만IAEA는최종보고서에대해아무런책임도지지않는 다고함. 인접국가로서누구보다도해양투기를저지해야할한국정부는일 본의원전오염수투기중단을위해아무런조치도취하지않았음. 오염수방류후처음개최된23년런던협약ㆍ의정서당사국총회에 서한국정부는“첫방류가국제기준을충족하는방류계획에따라이 루어진다”고일본정부를옹호하였음.인접국가인중국과러시아의 “해양투기이며런던의정서위반이다”는입장과는상반된주장임. 이에대한민국국회는일본정부가지금이라도원전오염수투기를 중단하고IAEA의책임있는자세를촉구하는결의안을제안함.,
B379ADEE-568D-4AE5-15BC-1E5036E2B857.pdf,9823,대한민국국회는2024.12.3.불법비상계엄등내란행위에대해즉 시계엄해제를의결한뒤 내란행위의반복을막고헌정질서를수호하 기위하여2024.12.14.대통령을탄핵소추하였고 윤석열대통령은 2025.4.4.헌법재판소의결정으로최종파면되었음. 한편한덕수대통령권한대행국무총리는2024.12.27.국회가선출 하는헌법재판소재판관후보자를임명보류하겠다는위헌적인대국 민담화발언등으로탄핵소추되었음. -4- 2025.3.24.한덕수국무총리에대한탄핵심판사건에대하여재판 관다수가헌법재판소재판관선출전대국민담화의발언만으로확정 적인임명보류로단정하기어렵고 그정도지체만으로파면할정도의 중대한헌법위반으로보긴어렵다고판단하였으나 일부재판관은중 대한헌법위반이라며파면을정당화하기에충분하다는의견을밝힌 바도있음. 한덕수대통령권한대행국무총리는헌법재판소가이미국회선출 재판관임명은헌법상의무이며이를거부하는것은위헌임을확인하 였음에도불구하고 위탄핵소추가기각되어복귀하여서도계속임명 을미루다가 2025.4.8.갑작스레임명을미루던마은혁재판관을임 명하면서그와동시에2025.4.18.퇴임예정인대통령몫의헌법재판 소재판관문형배 이미선의후임으로이완규 함상훈을후보자로전 격지명함. 국회선출또는대법원장지명몫헌법재판소재판관은법률이정 한자격에미달하는명백한경우가아닌한대통령이라도임명을거 부할수없는반면 대통령몫재판관은권한대행이행사할수없다는 선례와학계의중론 그리고대통령과그권한을대행하는국무총리 또는국무위원의지위는확연히구분된다는헌법재판소결정례도모 두무시하고대통령몫헌법재판소재판관임명을강행하는절차를 -5-개시함. 윤석열전대통령은국정운영의파트너이자또다른민주적정당 성을갖춘국회를상대로그구성이대통령의의지를관철하기어렵 다는판단에따라불법비상계엄을발령하여군경을동원해국회마 비를시도하였음. 이는지난제22대총선에서드러난주권자인국민의대통령국정 운영에대한평가내지의사를임의로변경하려한것으로서 이불법 비상계엄의발령으로국민의신임을배반하였다는점이인정되어결 국헌법이정한절차에따라헌법재판소에서파면되었음. 한덕수대통령권한대행국무총리는이미파면되어국민의신임이 거두어진대통령에의해임명된국무총리이므로 최소한의간접적민 주적정당성조차소멸한상태임. 한덕수대통령권한대행국무총리스스로이러한정치적책임을인 식한다면 이제채60일이남지않은대통령선거가공정하게치러질 수있도록선거관리에매진하여새로선출될대통령에게권한을이양 해야할임시적관리자지위로서필요최소한의범위에서대통령권 한을대행함에있어신중히하고자제함이마땅함. -6- 그럼에도불구하고헌법상명문규정(60일내새대통령선출에한 정된시한부대통령권한대행) 헌법학계의지배적해석 선례로확인 되는헌법적관습을모두무시하고헌법재판소재판관임명에관하여 형식적임명권은불행사하고 실질적임명권은거침없이행사하는만 용에이르렀음. 이에대한민국국회는다시한번한덕수대통령권한대행국무총리 에대한권한쟁의심판을청구함과아울러더이상재판관임명절차를 진행할수없도록효력정지가처분을신청하여한덕수대통령권한대 행국무총리의헌정질서문란행위를방지하고헌정질서를수호하고자 함. 한덕수대통령권한대행국무총리에게권한없는재판관임명행위 로나아가는것은헌정질서를파괴하는중대한위헌‧ 위법으로서법 적단죄의대상임을경고하고 더이상헌정질서문란을국회가좌시 하지않을것임을경고함. 첨부서류 1.권한쟁의심판청구서 2.가처분신청서 -7-[첨부서류 1] 권한쟁의심판 청구서 권한쟁의심판 청구서 청 구 인1. 국회  대표자 국회의장 우원식 2. 국회의장 피청구인대통령 권한대행 국무총리 심판대상이 되는 피청구인의 처분 또는 부작위  피청구인이 인사청문회법 제6조 제1항에 따라 행한 헌법재판소 재판관 후보자  이완규  같은 함상훈의 임명동의안등을 청구인에게 제출한 처분(또는 작위) 침해된 청구인의 권한 1.헌법  국회법 및 인사청문회법에 의하여 청구인 국회에 부여된 적법한 헌법재 판소 재판관 후보자에 관한 임명동의안등의 심의‧표결권 및 인사청문절차 진행 을 통한 국정통제권 -8- 2.국회법 및 인사청문회법에 의하여 청구인 국회의장에게 부여된 적법한 헌법재 판소 재판관 후보자에 관한 인사청문의 의사 진행권(인사청문절차 진행을 위한  본회의 개회  보고  위원회 회부  본회의 부의  위원회 출석 및 발언권 등) 청 구 취 지 피청구인이 2025. 4. 8. 헌법재판소 재판관 후보자로 이완규  같은 함상훈의 임명 동의안등을 청구인에게 제출한 처분(또는 작위)은 청구인 국회의 적법한 헌법재판 소 재판관 후보자 임명동의안등에 관한 심의‧표결권 및 인사청문절차 진행을 통한  국정통제권과 청구인 국회의장의 국회법 및 인사청문회법이 정한 인사청문의 의 사 진행권을 침해하여 무효임을 확인한다. 라는 결정을 구합니다. 청 구 원 인 1.사건의 개요  가.대통령 탄핵심판 인용으로 인한 파면과 피청구인의 대통령 권한대행  청구인 국회는 12‧3 불법 비상계엄을 통한 국헌문란을 원인으로 2025. 12. 14.  윤석열 대통령을 탄핵소추하였고  헌법재판소는 장장 111일 간의 심리 끝에 2025.  4. 4. 11:22경 국회가 소추한 탄핵소추사유 전부를 인정하며 그 탄핵소추를 인용 -9-하여 대통령을 파면하였습니다. 이로써 피청구인은 헌법상 차기 대통령 선출을 마 쳐야 하는 2025. 6. 3.까지 시한부 대통령 권한대행 국무총리의 상태에 놓이게 되 었습니다.  나.피청구인의 대통령 임명 몫 후임 헌법재판소 재판관 후보자 지명  피청구인은 그간 국회 선출 마은혁 헌법재판소 재판관 임명을 임시로 대통령의  권한을 대행하는 국무총리에 불과하다는 이유로 미뤄오다 한 차례 국회로부터 탄 핵소추되었으나  그 임명지체가 지나치게 짧다는 등의 이유로 탄핵심판청구가 기 각되면서 직무에 복귀한 바 있습니다.  그 사이 국회가 선출한 마은혁 재판관을 대통령의 권한을 대행하는 국무총리  또는 국무위원이 임명보류 또는 부작위하는 행위는 국회의 헌법재판소 재판관 선 출을 통한 헌법기관 구성권을 침해하는 위헌적인 국회 권한침해행위라는 헌법재 판소 결정이 내려졌습니다.  하지만 피청구인은 직무복귀 후에도 청구인 국회의장의 거듭된 공식 요청을 거 부하면서 대통령 탄핵심판사건의 종료 시까지 끝내 마은혁 재판관을 임명하지 않 았습니다.  그런 피청구인이 위 헌법재판소 결정이 있은 뒤로도 무려 41일이 지나서야 뒤 늦게 마은혁 재판관을 임명하면서 동시에 곧 임기 종료를 앞둔 대통령 임명 몫  문형배  이미선 헌법재판소 재판관의 후임으로 이완규  함상훈을 후보자로까지 지 명하였습니다(갑 제1호증 ‘2025. 4. 8.자 아이뉴스24 기사’ 참조).  다.헌법재판소 재판관 후보자 인사청문절차의 예정과 지명의 효력 검토  피청구인은 곧 인사청문회법 제6조 제1항을 근거로 국회에 임명동의안등1)의 제 -10- 출이 예정되어 있습니다. 청구인 국회는 위 임명동의안등의 제출이 권한 없는 자 에 의한 당연무효인 제출행위(행정행위)라는 지적이 있어 일단 선결적 법률검토를  이미 진행하여  그 결과를 확인하였습니다(갑 제2호증 ‘국회입법조사처 국회의장  보고자료’ 참조).  라.국회입법조사처의 법률 검토 결과 - 위헌  청구인 겸 청구인 대표인 국회의장은 헌법기관 구성이라는 중차대한 권한을 민 주적 정당성이 없이 단지 50여일 남은 대통령 보궐선거 관리에 집중해야 할 대통 령 권한대행 국무총리가 행사할 수 있는지에 관한 신중한 검토를 위해 국회법 제 22조의3에 따라 입법 및 정책과 관련된 사항을 조사‧연구하고 관련 정보 및 자료 를 제공하는 등 입법정보서비스와 관련된 의정활동을 지원하기 위하여 설치된 국 회입법조사처에 조사를 의뢰하였습니다.  국회입법조사처는 청구인 국회의장의 지시로 헌법학계에서 저술한 각종 문헌을  확인하고 저명한 헌법학자들에게 개별 접촉하여 본 사안에 대하여 문의하였고  결 과는 압도적 다수가 피청구인이 대통령 임명 몫의 헌법재판소 재판관 임명을 하 는 것은 위헌이며  탄핵소추사유에 해당할 정도의 중대한 위헌‧위법이라는 사실을  확인하였습니다. 극히 일부의 반대의견도 명문의 규정이 없는 이상 위법이라 보긴  어렵지만 대통령 권한대행이 이를 행사하는 것은 바람직하지 않다는 의견임이 확 인되었습니다(갑 제2호증 ‘국회입법조사처 국회의장 보고자료’ 참조).  피청구인이 지명한 재판관 후보자 중 1인인 이완규가 수장으로 있는 법제처 또 한 헌법주석서를 공식 간행물로 발간하면서 학계의 여러 견해를 밝히면서 이른바  1)인사청문회법 제2조 제2호는 국회의 임명동의가 필요한 자뿐만 아니라 법률에 의하여 국회에 인사청문절차 를 진행하도록 정한 자의 인사청문절차 개시를 위한 요청안을 ‘임명동의안등’이라 하므로  법률용어인 ‘임명 동의안등’으로 사용하는 것입니다. -11-‘현상유지설’이 정당하다고 결론내리기도 했습니다(갑 제3호증 ‘법제처 2010.  2. 발간 헌법주석서 3권’ 497쪽 마지막 문단 이하 기재 참조).  뿐만 아니라 최근의 헌정 질서 혼란을 극복하기 위해 전국 헌법학자들로 결성 된 [헌정회복을 위한 헌법학자회의] 또한 보도자료를 배포하여 피청구인의 이번  대통령 임명 몫 후임 재판관 지명이 명백한 위헌이며  탄핵소추사유에 해당한다는  입장을 표명하였습니다(갑 제2호증 국회입법조사처 국회의장 보고자료’ 별첨된  보도자료 참조).  마.권한쟁의심판 및 효력정지가처분신청의 제기  청구인은 행정부 인사권 행사에 관한 국회의 국정통제권한이 원활하게 행사될  수 있도록 인사청문절차를 도입하였는바  대통령이 임명하는 헌법재판소 재판관으 로 적법하게 지명된 후보자를 인사청문절차를 통해 심의하여 국민들에게 투명하 게 드러냄으로써 대통령의 인사권 행사가 투명하고 적정하게 행사되도록 이끌어  갈 수 있는 권한이 보장되어 있습니다.  그런데 피청구인은 후술하는 것처럼 헌법재판소 재판관 같은 헌법기관 구성권 이 없음에도 불구하고 이제 국민의 직접 투표에 의한 새 대통령의 취임이 50여  일밖에 남지 않은 상황에서 위헌‧위법하게 헌법재판소 재판관 임명을 위한 절차를  추진하고 있습니다.  이에 청구인은 피청구인의 재판관 임명을 위한 절차 개시가 국회의 인사청문권  및 인사청문절차 공개과정을 통해 형성되는 민심을 기반으로 하는 국정 통제권을  무력화하는 위헌적인 권한행사라 판단하고 그 권한의 침해 여부를 다투기 위해  권한쟁의심판을 청구함과 동시에 그 쟁송이 끝나 위헌성 여부가 분명해질 때까지  피청구인의 임명동의안등 제출행위 등의 효력을 정지함으로써 위헌적 권한행사로 -12- 초래될 수 있는 헌정질서의 혼란과 위기를 방지하고자 이 사건 권한쟁의심판 청 구와 그 보전소송으로서의 효력정지가처분신청을 제기하는 것입니다. 2.적법요건의 구비 여부  가.당사자능력의 구비 여부  1) 청구인 국회의 경우  청구인 국회는 헌법이 정한 전형적인 헌법기관이자 국가기관입니다. 또한 헌법 재판소법 제62조 제1항 제1호가 명시하고 있는 당사자 중 하나입니다. 따라서 당 사자능력을 구비하고 있음에는 의문의 여지가 없습니다.  2) 청구인 국회의장의 경우  헌법재판소는 처음에는 국회가 아닌 국회의장 또는 국회의원은 국회의 내부기 관 또는 구성원에 불과하여 헌법재판소법이 정한 국가기관이 아니라는 이유로 당 사자적격을 부정하다가 견해를 바꿔  “헌법이 특별히 권한쟁의심판의 권한을 법 원의 권한에 속하는 기관소송과 달리 헌법의 최고 해석⋅판단기관인 헌법재판소 에 맡기고 있는 취지에 비추어 보면  헌법 제111조 제1항 제4호가 규정하고 있는  “국가기관 상호간”의 권한쟁의심판은 헌법상의 국가기관 상호간에 권한의 존부 나 범위에 관한 다툼이 있고 이를 해결할 수 있는 적당한 기관이나 방법이 없는  경우에 헌법재판소가 헌법해석을 통하여 그 분쟁을 해결함으로써 국가기능의 원 활한 수행을 도모하고 국가권력 간의 균형을 유지하여 헌법질서를 수호⋅유지하 고자 하는 제도라고 할 것”이라면서 “헌법 제111조 제1항 제4호 소정의 “국가 기관”에 해당하는지 아닌지를 판별함에 있어서는 그 국가기관이 헌법에 의하여 -13-설치되고 헌법과 법률에 의하여 독자적인 권한을 부여받고 있는지 여부  헌법에  의하여 설치된 국가기관 상호간의 권한쟁의를 해결할 수 있는 적당한 기관이나  방법이 있는지 여부 등을 종합적으로 고려하여야 할 것”이라고 결정한 바 있습 니다2).  그런데 국회의장은 헌법 제48조에 따라 국회에서 선출되는 입법부 수장으로서  헌법에 의하여 직접 설치된 국가기관이자  헌법 제50조 회의의 공개여부의 결정   확정 법률의 예비적 공포 등에 관한 헌법상 권한을 가진 독립한 국가기관이기도  합니다. 또한 다른 헌법기관인 대통령 또는 국무총리와 국회 또는 국회의장 사이  권한에 관한 다툼은 헌법재판소가 관할하는 권한쟁의심판 외에 다른 구제수단이  없으므로  청구인인 국회의장은 당연히 권한쟁의심판의 당사자능력이 인정된다고  할 것입니다.  나.청구인적격의 구비 여부  1) 청구인 국회의 청구인적격  청구인 국회는 회의체 헌법기관으로서 삼권분립의 핵심 주체 중 하나이며 대통 령과 마찬가지로 국민에 의해 직접 선출되어 구성되는 헌법기관입니다. 청구인 국 회는 입법권(헌법 제40조) 및 예산안 심의‧확정권을 통해 대통령을 중심으로 하는  국정 운영을 법치주의에 입각한 적법한 행정 집행을 담보하도록 통제하는 권한과  의무가 있습니다. 헌법은 국회의 이러한 기능을 충분히 보장하도록 국회를 구성하 는 개별 헌법기관인 국회의원에 대한 회기 중 불체포특권과 직무상 행한 국회 발 언에 관한 면책특권도 정하고 있습니다. 따라서 행정부에 그 권한이 집중된 대통 령 중심제 헌법 구조에서 또 다른 국민대표성을 갖는 청구인 국회로 하여금 인사   2)헌법재판소 2022. 12. 22. 2022헌라5 결정 등 참조. -14- 예산 등 행정집행권력의 핵심에 관하여 폭넓은 국정통제권한을 행사하여 국민의  기본권을 보호하고 행정부의 권력 남용을 방지하며  권력의 부패를 감시하고  국 민의 의사가 국정운영에 반영될 수 있도록 그 역할을 부여한 것입니다.  국회는 특히 대통령의 인사권 중 헌법기관 구성 등 주요 인사권 행사를 적절하 게 통제하기 위하여 인사청문제도를 두고 인사 대상자에 대해 충분히 검증하여  국민들에게 공개함으로써  국민의 여론에 의한 간접적인 인사통제권이 행사되도록  정하고 있는바  이러한 인사청문제도를 통한 국정통제권은 적법한 후보자에게 행 사될 기회가 반드시 보장되어야 합니다. 그런데 피청구인과 같은 권한 없는 자에  의하여 지명된 부적법한 재판관의 임명절차가 진행됨으로써  논리 필연적으로 적 법한 재판관 임명절차가 침탈‧배제된다면 국회의 국정통제권이 무력화할 수밖에  없는바  피청구인의 재판관 임명절차 진행의 효력을 다툴 적격이 인정된다고 할  것입니다.  2) 청구인 국회의장의 청구인적격  청구인 국회의장은 헌법이 정한 회의 공개에 관한 권한 및 법률안 공포 권한뿐  아니라  국회법 제10조에 따라 국회를 대표하고 그 의사를 정리하며  질서를 유지 하고  사무를 감독할 권한이 있습니다. 청구인의 국회 대표권과 의사정리권을 기 초로 국회의원 의석배정권(국회법 제3조)  집회 공고권(국회법 제4  5조)  국회 연 간 기본일정 확정권(국회법 제5조의2)  본회의 휴회 및 재개권(국회법 제8조)  위원 회 출석 및 발언권(국회법 제11조) 등 광범위한 의사 관여권이 인정됩니다.  특히 인사청문회법은 의장에게 헌법재판소 재판관 임명동의안등의 본회의 보고   위원회 회부  인사청문절차 종료 후 본회의 부의권 및 위원회로부터 보고받은 인 사청문경과보고서를 대통령 등에게 송부할 권한을 명시하고 있고  전술한 국회법 -15-제11조에 따라 당해 위원회에 출석하여 발언할 수 있는 권한 또한 인정됩니다.  피청구인이 헌법재판소 재판관 후보자를 지명 또는 임명할 권한이 없음에도 불 구하고 국민 직선으로 선출하는 대통령을 사실상 참칭하며 재판관 임명절차를 강 행하는 경우  결과적으로 청구인의 국회의장으로서 갖는 위 인사청문절차에서의  의사절차 진행에 관한 각종 권한(인사청문절차 진행을 위한 본회의 개회  보고   위원회 회부  본회의 부의  위원회 출석 및 발언권 등)이 무력화되어 논리 필연적 으로 권한 있는 자(대통령)에 의해 적법하게 지명된 적격 재판관 후보자에 대해  행사할 수 있는 위 권한 행사의 기회가 박탈될 수밖에 없습니다. 따라서 피청구인 의 임명동의안등 송부 행위의 위헌‧위법성과 그 유효성을 다툴 청구인적격이 당연 히 인정된다고 할 것입니다.  다.임명동의안등의 제출행위의 처분성  피청구인에 의해 제출되는 임명동의안등은 청구인측에게 인사청문절차 진행을  위한 본회의 보고  위원회 회부 등 절차 진행의무를 직접적으로 발생시키므로(인 사청문회법 제6조 제1항 참조)  그 자체로 처분성이 인정됩니다.  라.심판이익의 존부  권한쟁의심판은 피청구인의 처분 또는 부작위가 헌법 또는 법률에 의하여 부여 받은 청구인의 권한을 침해하였거나 침해할 현저한 위험이 있는 때에 청구하는  것입니다.  피청구인은 대통령 권한대행으로서 후술하는 것처럼 국민에 의해 직접 선출된  대통령만이 행사할 수 있는 대통령 임명 몫의 헌법재판소 재판관 후보자를 임명 할 권한이 없습니다. 그럼에도 불구하고 피청구인은 이미 후임 재판관 후보자 이 -16- 완규  함상훈을 지명하여 해당 후보자의 임명동의안등에 첨부될 서류의 준비에 착 수하는 등 대통령 몫 재판관 임명절차를 사실상 개시하였는바  당연히 후속절차로 서 인사청문회법 제6조 제1항에 따라 국회에 임명동의안등이 제출되면 청구인 국 회의장에 의한 본회의 보고 및 위원회 회부 절차를 시작으로 하여  그 때로부터  같은 법 제6조 제4항에 따라 최소 21일  최대 30일이 지나면 언제든지 재판관 임 명이 가능한 상태에 놓이게 됩니다. 즉  대통령 임명 몫의 지명행위 자체로 청구 인측의 국정통제권 등이 침해될 위험이 명백한 상태에 놓이게 됩니다. 따라서 이  사건 청구는 심판의 이익이 넉넉히 인정된다고 할 것입니다. 3.피청구인의 대통령 임명 몫 재판관 후보자 임명의 위헌성  가.헌법상 대통령 권한대행의 지위  헌법 제71조는 대통령이 궐위 또는 사고로 직무를 수행할 수 없을 때에는 국무 총리  법률이 정한 국무위원의 순으로 그 권한을 대행하도록 정하고 있습니다. 또 한 대통령이 궐위된 때에는 국무총리 등이 그 권한과 지위를 승계하는 것이 아니 라  60일 이내 후임자를 선거하도록 하여(헌법 제68조 제2항)  대통령 궐위 시 국 무총리 등이 행하는 권한의 대행이 시한부 임시지위임을 분명히 하고 있습니다.  헌법재판소 또한 피청구인의 탄핵심판사건(2025. 3. 24. 선고 2024헌나9 결정)에 서 대통령의 탄핵소추에 국회 재적 2/3 찬성이라는 가중 의결정족수를 규정한 취 지는 민주적 정당성의 크기에 비례한 것이라고 하면서 헌법 제71조가 대통령의  궐위 등에 대통령직의 ‘승계’가 아닌 권한의 ‘대행’을 규정한 취지도 이와  같으며  피청구인은 국민으로부터 직접 선출된 대통령의 민주적 정당성과 비교하 여 상당히 축소된 간접적인 민주적 정당성만 보유하므로  대통령과는 확연히 구분 -17-되는 지위에 있다는 취지로 판시하여 피청구인의 지위가 임시적 지위임을 다시  확인한 바 있습니다. 특히 이에 따라 피청구인을 파면하기 위한 국회의 탄핵소추 에 대통령에게 적용되는 가중된 의결정족수가 아닌 국무위원 등의 일반 의결정족 수가 적용된다고 하여 그 결론에서도 대통령과의 지위에 분명한 차등을 두어 판 단하였습니다.  나.학계에서의 대통령 권한대행의 지위 논의  청구인측은 이번 권한쟁의심판 청구여부를 보다 신중하게 판단하기 위하여 국 회입법조사처에 학계 전반의 논의에 관한 조사를 명하여 그 결과를 회신받았는바   국내에 저술된 각종 문헌과 헌법학계의 저명한 학자들에게 유선 확인한 결과 압 도적 다수는 피청구인의 행위가 위헌이며 명백한 월권에 의한 권한 남용으로서  탄핵소추사유에 해당할 수 있다는 의견이었습니다. 극히 일부 대통령 권한대행이  헌법재판소 재판관 등 헌법기관 구성권을 행사할 수 있다는 견해에서도 정치적으 로 바람직하지 않다는 것을 덧붙이고 있습니다.  학계에서의 논의를 구체적으로 살펴보면  ① 대통령 권한대행은 임시 관리자로 서 제1차적인 헌법적 과제는 60일 이내 대통령 선거를 실시하여 새 대통령에게  권한을 넘겨주는 것이므로 잠정적인 현상유지에만 국한되고 정책의 전환 또는 인 사권 행사는 허용되지 않는다는 현상유지설(권한축소설)3)  ② 사고 시에는 현 대 통령 재집무가 가능할 수 있으므로 현상유지에 제한되나  궐위 시에는 60일 장기 간 대통령 부재상태이므로 국가안전을 위해서라도 권한범위를 제한할 수 없다는  궐위/사고구분설4)  ③ 현행 헌법상 대통령 권한대행의 권한범위를 따로 제한하는  3)헌법학계의 다수설로 인정되고 있습니다. 4)이에 대하여는 헌법이 사고 기간의 장단에 관한 구분이 따로 없어 오히려 궐위보다 사고가 더 장기간일 수  있고  궐위 시에는 60일 내 국민에 의해 직접 선출된 새 대통령의 취임이 명확하게 예정된 것이어서 오히려  부적절하다는 허영 교수 등의 비판이 있습니다. 실제로 이번에 파면된 윤석열 전 대통령만 보더라도2024.  12. 14. 탄핵소추되어 사고가 발생한 뒤 123일만인 2025. 4. 4. 최종 파면선고됨에 따라 사고기간이 헌법이 -18- 규정이 없으므로 제한 없이 권한을 행사할 수 있다는 전권행사설  ④ 대통령 권한 대행의 헌법적 근거  민주적 정당성  임시적‧관리자적 특성 등을 고려하여 권한별 로 구체적으로 검토하되  행정부가 아닌 다른 헌법기관의 구성권을 실질적‧적극적 으로 행사(대통령 몫의 행사)  헌법개정안제안  사면  행정부 내라도 대폭적‧전면적  개각 등은 불가하다는 권한별구분설  ⑤ 헌법기관 정지 등 국가존립을 위한 긴급 한 사안에 한하여 상황별로 판단해야 한다는 긴급사안여부구분설 등으로 구분됩 니다.  하지만 이미 검토한 것처럼  국회입법조사처 조사의견도 피청구인의 대통령 임 명 몫 헌법재판소 재판관 임명은 허용될 수 없고  피청구인의 지명 직후 전국 법 학교수를 대표하는 한국법학교수회도 성명을 내 피청구인의 지명이 중대한 위헌 임을 표명하였습니다(갑 제4호증 ‘2025. 4. 9.자 뉴시스 기사’ 참조). 즉  학계의  중론은 피청구인의 지명이 중대한 위헌이라는 것입니다.  다.황교안 전 대통령 권한대행 국무총리 사례에서 확인된 헌법적 관습  현재와 같은 상황은 황교안 전 대통령 권한대행 국무총리의 사례를 들 수 있습 니다. 2017. 12. 9. 이른바 국정농단 사건으로 탄핵소추되어 심판절차가 진행 중에  박한철 헌법재판소장이 퇴임하였습니다. 당시 황교안 대통령 권한대행 국무총리가  대통령 몫의 박한철 재판관 후임을 임명할 수 없다는 해석이 지배적이었고  황교 안 대통령 권한대행은 그 해석을 존중하여 임기를 마칠 때까지(즉  대통령이  2017. 3. 10. 파면됨에 따라 대통령 궐위상태에 놓인 이후에도) 끝내 임명하지 않 았습니다.  반면 대통령 탄핵심판사건이 끝난 이후인 2017. 3. 13. 헌법재판소장 권한대행  예정한 대통령 궐위기간의 2배 이상입니다. -19-겸 재판관이었던 이정미 재판관이 퇴임한 뒤  대법원장이 그 후임으로 이선애 재 판관을 지명하자  황교안 전 대통령 권한대행 국무총리는 이선애 재판관의 임명이  삼권분립의 원칙에 따라 헌법이 정한 대법원장 지명 인사에 대한 형식적 임명권  행사에 불과하다는 대다수 헌법학계의 해석을 존중하여 인사청문회법이 정한 인 사청문절차를 거쳐 2017. 3. 29. 이선애 재판관을 임명하였습니다. 대통령 권한대 행은 대통령 몫 재판관이 먼저 퇴임하였지만 끝내 임명하지 않은 반면 그 이후  퇴임한 대법원장 지명 몫만 임명한 것입니다.  결론적으로 황교안 전 대통령 권한대행 국무총리는 헌법학계의 주류적 해석을  존중하여 헌법재판소 재판관 임명권을 행사함으로써  대통령 권한대행의 헌법재판 소 재판관 임명권 행사의 기준(형식적 임명권은 행사하되  실질적 임명권은 불행 사)을 명확히 하였고  이로써 대통령 권한대행의 헌법재판소 재판관 임명에 관한  헌법적 관습이 확인되었습니다.  이번에도 피청구인은 황교안 전 대통령 권한대행과 동일한 상황에 놓여 있습니 다. 형식적 임명권 행사에 해당하는 국회 선출 몫인 정계선  조한창  마은혁의 임 명권 행사 상태에 놓였으나  피청구인은 과거 황교안 전 대통령 권한대행 국무총 리가 확립한 헌법적 관습을 무시하고 형식적 임명권 행사를 부작위하여 탄핵소추 를 당하기에 이르렀으며  피청구인 다음으로 대통령 권한을 대행한 최상목 기재부 장관의 마은혁 재판관에 관한 계속된 임명부작위로 인해 벌어진 권한쟁의심판사 건을 통해 헌법재판소가 명확하게 만장일치로 형식적 재판관 임명권 불행사가 위 헌임을 확인해주기도 했습니다. 그럼에도 불구하고 피청구인은 이미 확인된 헌법 적 관습을 무시하고 실질적 재판관 임명권을 행사하는 절차에 착수한 것입니다.  라.이 사건 대통령 몫 헌법재판소 재판관 2인의 임명권 존부 -20-  피청구인은 2025. 4. 4. 주권자인 국민의 의지가 구체화된 헌법이 정한 절차에  따라 국회가 재적 2/3 이상의 찬성으로 탄핵소추하여  헌법재판소가 재적 재판관  전원일치의 결정으로 파면을 선고하여 국민 신임을 회수함으로써 민주적 정당성 을 상실한 윤석열 전 대통령에 의해 임명된 국무총리입니다. 국민의 직접 선출로  취임한 대통령이 임명하였다는 간접적 민주적 정당성조차 해당 대통령의 파면에  따라 소멸된 기관일 뿐입니다.  이제 피청구인은 헌법 제68조 제2항에 따라 채 60일도 남지 않은 차기 대통령  선거가 공정하게 치러지도록 잘 관리하다가 국민이 직접 뽑은 새 대통령에게 안 정적으로 정부를 승계할 의무만을 부담할 뿐입니다.  앞서 검토된 대통령 권한대행의 법적 지위에 관한 학설을 검토하더라도 ① 현 상유지설(권한축소설)은 당연히 헌법기관인 재판관 임명이 불가하고  ② 권한별구 분설에 따르더라도 행정부 외 헌법기관의 적극적 구성은 불가하며  ③ 긴급사안여 부구분설에 따르더라도 궐원된 재판관이 없더라도 헌법재판소법이 정한 헌법재판 의 심리정족수인 7인 이상의 요건을 충족하여 재판관 임명이 불가능합니다.  이미 지적한 것처럼 피청구인의 이번 재판관 임명권 행사는 황교안 대통령 권 한대행 국무총리의 사례에서도 확인된 헌법적 관습에 명백히 반하는 행태이기도  합니다.  이처럼 헌법 명문의 규정과 헌법재판소가 직전 대통령 권한대행 국무총리의 국 법상 대통령 권한 행사에 따른 탄핵소추를 위한 국회 의결정족수에 관한 판단  거 기에 더하여 헌법학계 대다수의 논의 및 황교안 대통령 권한대행 국무총리 시절  확인된 헌법적 관습에 비춰볼 때 피청구인이 공석인 대통령 임명 몫의 헌법재판 소 재판관을 임명할 권한은 없다고 보아야 합니다. -21- 마.피청구인의 재판관 임명절차 진행의 위헌성과 그 효력  앞서 본 것처럼  피청구인은 헌법기관인 헌법재판소 재판관 중 대통령 임명 몫 의 임명권  즉 실질적 임명권이 없습니다. 그럼에도 불구하고 피청구인은 지난 탄 핵심판사건에서의 헌법재판소의 해석상 대통령과 확연히 구분되는 지위에 있다는  사정까지 스스로 잘 알면서도 그 권한의 범위는 넘어서는 월권적‧위헌적 헌정행위 를 강행한 것입니다. 따라서 이는 권한 없는 자에 의해 이뤄진 헌정행위에 해당하 여 무효인 행위라 할 것입니다5). 4.피청구인의 청구인 권한 침해  가.청구인 국회의 권한 침해  전술한 것처럼  청구인 국회는 헌법에 따라 입법권 및 예산심의‧확정권을 통해  대통령제 중심 국가에서의 대통령과 행정부의 국정 운영을 통제함으로써 국민의  대표기관으로서 국민의 기본권을 보호하고  행정부의 권력 남용을 방지하며  권력 의 부패를 감시하고  국민의 의사가 국정운영에 반영될 수 있도록 할 권한과 의무 가 있습니다.  특히 국회는 위 입법권을 바탕으로 인사청문제도를 도입함으로써  인사청문절차 에서 헌법기관 등 주요 인사 대상자를 심의하고 이를 국민들에게 공개하여 여론 을 통해 대통령의 인사권이 적정하게 행사되도록 할 권한을 구현하고 있는 것입 니다.  그런데 헌법재판소 재판관 임명권이 없는 대통령 권한대행이 재판관 후보자를  5)권한 없는 자의 행정행위는 당연무효라는 대법원 1996. 6. 28. 선고 96누4374 판결 등 참조. -22- 지명하여 임명절차를 진행하고  이후 임명까지 나아간다면  현실적으로 재판관이  임명되어 사실상 재판관으로서의 업무를 수행하게 되고  이로써 논리 필연적으로  권한 있는 차기 대통령에 의해 임명될 적법한 후보자의 인사청문권한이 사실상  제약‧박탈되는 상황에 놓이게 되는바  이는 국회가 가진 인사청문절차의 진행(심 의  위원회 위원을 통한 인사청문경과보고서 채택 표결  본회의 보고를 통한 심 의  회의 공개에 따른 대외적인 공개 등)을 통한 국정통제권을 침해받게 되는 것 입니다.  나.청구인 국회의장의 권한 침해  청구인 국회의장은 국회의 대표자이자  의사정리권을 가진 헌법기관으로서 국회 가 피청구인을 포함하는 행정부에 대해 헌법 및 국회법이 정한 권한의 적절한 행 사를 통해 달성하려고 하는 국정통제가 원활하게 이뤄질 수 있도록  국회법 및 인 사청문회법이 정한 인사청문의 의사 진행권(인사청문절차 진행을 위한 본회의 개 회  보고  위원회 회부  본회의 부의  위원회 출석 및 발언권 등)을 행사할 수 있 어야 합니다. 하지만 전 가항 기재와 같이 무권한자에 의한 헌법재판소 재판관 임 명절차 진행은 논리 필연적으로 적격 후보자 인사청문에 관한 위 의사진행권이  침해될 수밖에 없습니다. 5.결론  헌법이 구현하는 삼권분립은 각 권력 주체의 자제와 관용에서 나옵니다. 특히  대통령과 국회는 각 국민의 직접 선출을 통해 구성되는 헌법기관으로서 직접적인  민주적 정당성으로 뒷받침된 기관입니다. 더더욱 상호 간 존중과 자제를 통해 국 민주권주의가 국정 전반에 걸쳐 잘 반영될 수 있도록 협력할 의무가 있습니다. -23- 그럼에도 불구하고 대통령은 국정 운영의 파트너이자 또 다른 민주적 정당성을  갖춘 국회를 상대로 그 구성이 대통령 의지를 관철하기 어렵다는 판단에 따라 불 법 비상계엄을 발령하여 병력을 동원해 국회 마비를 시도하였습니다. 지난 제22대  총선에서 드러난 주권자인 국민의 대통령 국정 운영에 대한 평가 내지 의사를 임 의로 변경하려 한 것입니다. 대통령은 이 불법 비상계엄의 발령으로 국민의 신임 을 배반하였다는 점이 인정되어 헌법이 정한 절차에 따라 헌법재판소에서 파면되 었습니다.  피청구인은 이 파면되어 국민의 신임이 거두어진 대통령에 의해 임명된 국무총 리입니다. 피청구인의 민주적 정당성의 기초부터 무너진 것입니다. 이는 대통령의  수석 보좌기관으로서 피청구인에게 막중한 과오이기도 합니다.  피청구인 스스로 이러한 정치적 책임을 인식한다면  이제 채 60일이 남지 않은  대통령 선거관리에 매진하여 공정하게 치러져 새로 선출될 대통령에게 권한을 이 양해야 할 임시적 관리자 지위로서 필요 최소한의 범위에서 대통령 권한을 대행 함에 있어 신중히 하고 자제함이 마땅합니다. 그럼에도 불구하고 헌법상 명문 규 정(60일 내 새 대통령 선출에 한정된 시한부 대통령 권한대행)  헌법학계의 지배 적 해석  선례로 확인되는 헌법적 관습을 모두 무시하고 헌법재판소 재판관 임명 에 관하여 형식적 임명권은 불행사하고  실질적 임명권은 거침없이 행사하는 만용 에 이르렀는바  곧 있을 제21대 대통령 선거에서 선출된 대통령을 통해 행사되어 야 할 국민의 재판관 임명권이 침해되지 않도록 헌법재판소가 피청구인의 행태를  저지해주셔야만 합니다.  대한민국은 민주공화국입니다(헌법 제1조 제1항). 기존 대통령이 국민의 신임을  배반하여 파면되었고  헌법에 따라 주권자인 국민은 이제 새 대통령 선출을 목전 -24- 에 두고 있습니다. 국민주권주의가 온전히 구현되기 위해서는 헌법기관 구성에 있 어 헌법이 전제하고 있는 민주적 정당성은 반드시 뒷받침되어야 합니다.  헌법 수호의 최후 보루이자  헌법의 명령자인 헌법재판소가 현 재판관들과 같이  민주적 정당성이 충분히 갖춰진 재판관으로 온전히 구성되어 국민주권의 원리가  최고 사법기관에도 완전 무결하게 구현될 수 있도록 피청구인의 무도한 권한 침 해를 확인하고 그 무효를 선언하여주시기 바랍니다. 증 명 방 법 1.갑 제1호증 2025. 4. 8.자 아이뉴스24 기사 2.갑 제2호증 국회입법조사처 국회의장 보고자료 3.갑 제3호증 법제처 2010. 2. 발간 헌법주석서 3권 4.갑 제4호증 2025. 4. 9.자 뉴시스 기사 2025. 4. . 청 구 인1. 국회  대표자 국회의장 우원식 2. 국회의장 헌법재판소 귀중 -25-[첨부서류 2] 가처분 신청서 가처분 신청서 신 청 인1. 국회  대표자 국회의장 우원식 2. 국회의장 피신청인대통령 권한대행 국무총리 신 청 취 지 1.피신청인이 인사청문회법 제6조 제1항에 따라 행한 헌법재판소 재판관 후보자  이완규  같은 함상훈의 임명동의안등을 신청인 국회에 제출할 처분(또는 작위) 의 효력은 이 사건 신청과 함께 제기된 양 당사자 사이 위 처분의 권한 침해  및 무효를 다투는 권한쟁의심판청구사건의 종국 결정 선고 시까지 이를 정지한 다. 2.인사청문회법 제6조 제4항을 대통령 권한대행 국무총리 또는 국무위원에게 적 용하는 범위에서의 효력은 이 사건 신청취지 제1항 기재 권한쟁의심판청구사건 의 종국 결정 선고 시까지 이를 정지한다. -26- 신 청 이 유 1.사건의 개요  가.대통령 탄핵심판 인용으로 인한 파면과 피신청인의 대통령 권한대행  신청인 국회는 12‧3 불법 비상계엄을 통한 국헌문란을 원인으로 2024. 12. 14.  윤석열 대통령을 탄핵소추하였고  헌법재판소는 장장 111일 간의 심리 끝에 2025.  4. 4. 11:22경 국회가 소추한 탄핵소추사유 전부를 인정하며 그 탄핵소추를 인용 하여 대통령을 파면하였습니다. 이로써 피신청인은 헌법상 차기 대통령 선출을  2025. 6. 3.까지 마쳐야 하는 시한부 대통령 권한대행 국무총리의 상태에 놓이게  되었습니다.  나.피신청인의 대통령 임명 몫 후임 헌법재판소 재판관 후보자 지명  피신청인은 그간 국회 선출 마은혁 헌법재판소 재판관 임명권이 대통령의 권한 을 대행하는데 불과한 국무총리로서는 행사할 수 없다는 이유로 미뤄오다 한 차 례 국회로부터 탄핵소추되었으나  그 임명지체가 지나치게 짧다는 등의 이유로 탄 핵심판청구가 기각되면서 직무에 복귀한 바 있습니다.  그 사이 국회가 선출한 마은혁 재판관을 대통령의 권한을 대행하는 국무총리  또는 국무위원이 임명보류 또는 부작위하는 행위는 국회의 헌법재판소 재판관 선 출을 통한 헌법기관 구성권을 침해하는 위헌적인 국회 권한침해행위라는 헌법재 판소 결정이 내려졌습니다. -27- 하지만 피신청인은 직무복귀 후에도 신청인 국회의장의 거듭된 공식 요청을 거 부하면서 대통령 탄핵심판사건의 종료 시까지 끝내 마은혁 재판관을 임명하지 않 았습니다.  그런 피신청인이 국회 선출 헌법재판소 재판관 임명부작위가 위헌이라는 헌법 재판소 결정이 있은 뒤로도 무려 41일이 지나서야 뒤늦게 마은혁 재판관을 임명 하면서 동시에 곧 임기 종료를 앞둔 대통령 임명 몫 문형배  이미선 헌법재판소  재판관의 후임으로 이완규  함상훈을 지명하였습니다(소갑 제1호증 ‘2025. 4. 8. 자 아이뉴스24 기사’ 참조).  다.헌법재판소 재판관 후보자 인사청문절차의 예정과 지명의 효력 검토  피신청인은 위 지명으로 곧 인사청문회법 제6조 제1항을 근거로 국회에 임명동 의안등6)을 제출할 것으로 보입니다. 신청인 국회는 위 임명동의안등의 제출이 권 한 없는 자에 의한 당연무효인 제출행위(행정행위)라는 국회사무처 내부의 지적이  있어 선결적 법률검토를 진행하였고  그 결과를 확인하였습니다(소갑 제2호증  ‘국회입법조사처 국회의장 보고자료’ 참조).  라.국회입법조사처 등 국가기관의 법률 해석 - 위헌  신청인 겸 신청인 대표인 국회의장은 헌법기관 구성이라는 중차대한 권한을 민 주적 정당성이 없이 단지 50여일 남은 대통령 보궐선거 관리에 집중해야 할 대통 령 권한대행 국무총리가 행사할 수 있는지에 관한 신중한 검토를 위해 국회법 제 22조의3에 따라 입법 및 정책과 관련된 사항을 조사‧연구하고 관련 정보 및 자료 를 제공하는 등 입법정보서비스와 관련된 의정활동을 지원하기 위하여 설치된 국 6)인사청문회법 제2조 제2호는 국회의 임명동의가 필요한 자뿐만 아니라 법률에 의하여 국회에 인사청문절차 를 진행하도록 정한 자의 인사청문절차 개시를 위한 요청안을 ‘임명동의안등’이라 하므로  법률용어인 ‘임명 동의안등’으로 사용하는 것입니다. -28- 회입법조사처에 조사를 의뢰하였습니다.  국회입법조사처는 신청인 국회의장의 지시로 헌법학계에서 저술한 각종 문헌을  확인하고 저명한 헌법학자들에게 개별 접촉하여 본 사안에 대하여 문의하였고  결 과는 압도적 다수가 피신청인이 대통령 임명 몫의 헌법재판소 재판관 임명을 하 는 것은 위헌이며  탄핵소추사유에 해당할 정도의 중대한 위헌‧위법이라는 사실을  확인하였습니다. 극히 일부의 반대의견도 명문의 규정이 없는 이상 위법이라 보긴  어렵지만 대통령 권한대행이 이를 행사하는 것은 바람직하지 않다는 의견임이 확 인되었습니다(소갑 제2호증 ‘국회입법조사처 국회의장 보고자료’ 참조).  피신청인이 지명한 재판관 후보자 중 1인인 이완규가 수장으로 있는 법제처 또 한 헌법주석서를 공식 간행물로 발간하면서 학계의 여러 견해를 밝히면서 이른바  ‘현상유지설’이 정당하다고 결론내리기도 했습니다(소갑 제3호증 ‘법제처  2010. 2. 발간 헌법주석서’ 중 3권 497쪽 마지막 문단 이하 기재 참조).  뿐만 아니라 최근의 헌정 질서 혼란을 극복하기 위해 전국 헌법학자들로 결성 된 [헌정회복을 위한 헌법학자회의] 또한 보도자료를 배포하여 피신청인의 이번  대통령 임명 몫 후임 재판관 지명이 명백한 위헌이며  탄핵소추사유에 해당한다는  입장을 표명하였습니다(소갑 제2호증 국회입법조사처 국회의장 보고자료’ 별첨 된 보도자료 참조).  마.권한쟁의심판 및 효력정지가처분신청의 제기  신청인은 행정부 인사권 행사에 관한 국회의 국정통제권한이 원활하게 행사될  수 있도록 인사청문절차를 도입하였는바  대통령이 임명하는 헌법재판소 재판관으 로 적법하게 지명된 후보자를 인사청문절차를 통해 심의하여 국민들에게 투명하 게 드러냄으로써 대통령의 인사권 행사가 투명하고 적정하게 행사되도록 이끌어 -29-갈 수 있는 권한이 보장되어 있습니다.  그런데 피신청인은 후술하는 것처럼 헌법재판소 재판관 같은 헌법기관 구성권 이 없음에도 불구하고 이제 국민의 직접 투표에 의한 새 대통령의 취임이 50여  일밖에 남지 않은 상황에서 위헌‧위법하게 헌법재판소 재판관 임명을 위한 절차를  추진하고 있습니다.  이에 신청인은 피신청인의 재판관 임명을 위한 절차 개시가 국회의 인사청문권  및 인사청문절차 공개과정을 통해 형성되는 민심을 기반으로 하는 국정 통제권을  무력화하는 위헌적인 권한행사라 판단하고 그 권한의 침해 여부를 다투기 위해  권한쟁의심판을 청구함과 동시에 그 쟁송이 끝나 위헌성 여부가 분명해질 때까지  피신청인의 임명동의안등 제출행위 등의 효력을 정지함으로써 위헌적 권한행사로  초래될 수 있는 헌정질서의 혼란과 위기를 방지하고자 이 사건 권한쟁의심판 청 구와 그 보전소송으로서의 효력정지가처분신청을 제기하는 것입니다. 2.피보전권리의 존재와 침해  가.피보전권리의 존재와 내용  1) 신청인 국회의 피보전권리  신청인 국회는 회의체 헌법기관으로서 삼권분립의 핵심 주체 중 하나이며 대통 령과 마찬가지로 국민에 의해 직접 선출되어 구성되는 헌법기관입니다. 신청인 국 회는 입법권(헌법 제40조) 및 예산안 심의‧확정권을 통해 대통령을 중심으로 하는  국정 운영을 법치주의에 입각한 적법한 행정 집행을 담보하도록 통제하는 권한과  의무가 있습니다. 헌법은 국회의 이러한 기능을 충분히 보장하도록 국회를 구성하 -30- 는 개별 헌법기관인 국회의원에 대한 회기 중 불체포특권과 직무상 행한 국회 발 언에 관한 면책특권도 정하고 있습니다. 따라서 행정부에 그 권한이 집중된 대통 령 중심제 헌법 구조에서 또 다른 국민대표성을 갖는 신청인 국회로 하여금 인사   예산 등 행정집행권력의 핵심에 관하여 폭넓은 국정통제권한을 행사하여 국민의  기본권을 보호하고 행정부의 권력 남용을 방지하며  권력의 부패를 감시하고  국 민의 의사가 국정운영에 반영될 수 있도록 그 역할을 부여한 것입니다.  국회는 특히 대통령의 인사권 중 헌법기관 구성 등 주요 인사권 행사를 적절하 게 통제하기 위하여 인사청문제도를 두고 인사 대상자에 대해 충분히 검증하여  국민들에게 공개함으로써  국민의 여론에 의한 간접적인 인사통제권이 행사되도록  정하고 있는바  이러한 인사청문제도를 통한 국정통제권은 적법한 후보자에게 행 사될 기회가 반드시 보장되어야 합니다. 그런데 피신청인과 같은 권한 없는 자에  의하여 지명된 부적법한 재판관의 임명절차가 진행됨으로써  논리 필연적으로 적 법한 재판관 임명절차가 침탈‧배제될 수밖에 없습니다. 따라서 신청인 국회의 피 보전권리는 임명동의안등의 심의‧표결과 보고 등 인사청문절차의 진행을 통한 국 정통제권입니다.  2) 신청인 국회의장의 피보전권리  신청인 국회의장은 헌법이 정한 회의 공개에 관한 권한 및 법률안 공포 권한뿐  아니라  국회법 제10조에 따라 국회를 대표하고 그 의사를 정리하며  질서를 유지 하고  사무를 감독할 권한이 있습니다. 신청인의 국회 대표권과 의사정리권을 기 초로 국회의원 의석배정권(국회법 제3조)  집회 공고권(국회법 제4  5조)  국회 연 간 기본일정 확정권(국회법 제5조의2)  본회의 휴회 및 재개권(국회법 제8조)  위원 회 출석 및 발언권(국회법 제11조) 등 광범위한 의사 관여권이 인정됩니다. -31- 특히 인사청문회법은 의장에게 헌법재판소 재판관 임명동의안등의 본회의 보고   위원회 회부  인사청문절차 종료 후 본회의 부의권 및 위원회로부터 보고받은 인 사청문경과보고서를 대통령 등에게 송부할 권한을 명시하고 있고  전술한 국회법  제11조에 따라 당해 위원회에 출석하여 발언할 수 있는 권한 또한 인정됩니다.  피신청인이 헌법재판소 재판관 후보자를 지명 또는 임명할 권한이 없음에도 불 구하고 국민 직선으로 선출하는 대통령을 사실상 참칭하며 재판관 임명절차를 강 행하는 경우  결과적으로 신청인의 국회의장으로서 갖는 위 인사청문절차에서의  의사절차 진행에 관한 각종 권한(인사청문절차 진행을 위한 본회의 개회  보고   위원회 회부  본회의 부의  위원회 출석 및 발언권 등)이 무력화되어 논리 필연적 으로 권한 있는 자(대통령)에 의해 적법하게 지명된 적격 재판관 후보자에 대해  행사할 수 있는 위 권한 행사의 기회가 박탈될 수밖에 없습니다. 따라서 신청인  국회의장은 위 인사청문절차에서의 의사절차 진행에 관한 각종 권한이라는 피보 전권리가 인정됩니다.  나.피보전권리의 침해  1) 신청인 국회의 권한 침해  전술한 것처럼  신청인 국회는 헌법에 따라 입법권 및 예산심의‧확정권을 통해  대통령제 중심 국가에서의 대통령과 행정부의 국정 운영을 통제함으로써 국민의  대표기관으로서 국민의 기본권을 보호하고  행정부의 권력 남용을 방지하며  권력 의 부패를 감시하고  국민의 의사가 국정운영에 반영될 수 있도록 할 권한과 의무 가 있습니다.  특히 국회는 위 입법권을 바탕으로 인사청문제도를 도입함으로써  인사청문절차 에서 헌법기관 등 주요 인사 대상자를 심의하고 이를 국민들에게 공개하여 여론 -32- 을 통해 대통령의 인사권이 적정하게 행사되도록 할 권한을 구현하고 있는 것입 니다.  그런데 헌법재판소 재판관 임명권이 없는 대통령 권한대행이 재판관 후보자를  지명하여 임명절차를 진행하고  이후 임명까지 나아간다면  현실적으로 재판관이  임명되어 사실상 재판관으로서의 업무를 수행하게 되고  이로써 논리 필연적으로  권한 있는 차기 대통령에 의해 임명될 적법한 후보자의 인사청문권한이 사실상  제약‧박탈되는 상황에 놓이게 되는바  이는 국회가 가진 인사청문절차의 진행(심 의  위원회 위원을 통한 인사청문경과보고서 채택 표결  본회의 보고를 통한 심 의  회의 공개에 따른 대외적인 공개 등)을 통한 국정통제권을 침해받게 되는 것 입니다.  2) 신청인 국회의장의 권한 침해  신청인 국회의장은 국회의 대표자이자  의사정리권을 가진 헌법기관으로서 국회 가 피신청인을 포함하는 행정부에 대해 헌법 및 국회법이 정한 권한의 적절한 행 사를 통해 달성하려고 하는 국정통제가 원활하게 이뤄질 수 있도록  국회법 및 인 사청문회법이 정한 인사청문의 의사 진행권(인사청문절차 진행을 위한 본회의 개 회  보고  위원회 회부  본회의 부의  위원회 출석 및 발언권 등)을 행사할 수 있 어야 합니다. 하지만 전 1)항 기재와 같이 무권한자에 의한 헌법재판소 재판관 임 명절차 진행은 논리 필연적으로 적격 후보자 인사청문에 관한 위 의사진행권이  침해될 수밖에 없습니다. 3.보전의 필요성의 존재 -33- 가.현저한 손해의 발생  이 사건 가처분이 인용되지 않는다면 본안의 권한쟁의심판에 관한 심도 깊은  심리에 이르기 전에 재판관 임명이 이뤄질 것입니다. 이하에서 후술하는 것처럼  헌법학계의 압도적 다수가 대통령의 권한을 새 대통령 선출 전까지 한시적으로  대행하는 피신청인이 헌법재판소 재판관과 같은 중대한 인사권을 행사할 수 없다 는 것이고  이를 공개적으로 천명하며 지명의 철회를 요구하는 상황이므로 불법  비상계엄이라는 헌정문란을 단죄한 헌법재판소의 지혜로운 판결로 가까스로 진정 된 헌정질서의 위기가 다시 초래할 것입니다. 국론은 분열하고 진보와 보수가 이  재판관 임명행위를 놓고 극심한 사회적 대립상태로 나아갈 것은 너무도 자명합니 다.  무엇보다 대한민국은 대내외적 위기상황에 있어 신속하고 안정적인 대선 관리 가 절대적으로 요구됩니다. 피신청인의 임명절차 강행은 필연적으로 정치적 대립 의 극대화를 부르고  국회 정치지형 상 피신청인을 비롯한 헌법재판소 재판관 임 명절차를 강행하는 대통령 권한대행 국무총리 또는 국무위원의 순차 탄핵소추를  초래할 위험이 있습니다. 이로 인한 국정 마비와 헌정 질서 혼란은 견디기 어려운  수준일 것입니다.  새 대통령 선출 이후에도 이 논란은 가라앉기 어렵습니다. 새 대통령과 그를 지 지한 많은 국민은 민주적 정당성이 없는 피신청인이 강행한 재판관 임명의 효력 을 인정하지 않을 것입니다. 결국 새 대통령은 피신청인의 재판관 임명 자체가 권 한 없는 자의 행위로서 당연무효로 보고 별도의 후임 재판관 임명을 진행할 가능 성이 높습니다. 이 과정에서 새로 임명되는 재판관과 피신청인이 미리 임명해놓은  재판관 사이 상호 유효성을 둘러싼 논란과 충돌은 수습하기 어려운 헌법재판소의 -34- 위기상황을 초래할 것입니다.  피신청인이 임명한 재판관들이 심리한 사건에 관하여 이를 불복하는 많은 당사 자들에 의한 재심 청구 또한 빗발칠 것입니다. 자격 없는 법관에 의한 재판 관여 를 주장하며 재심을 청구하고 이는 최고 사법기관으로서의 헌법재판소의 위상 추 락을 초래할 것이며  계속된 사법불신과 위기를 조장할 것입니다.  지금이라도 이 가처분을 통해 피신청인의 임명절차를 멈춘다면 이 모든 논란을  미연에 방지할 수 있습니다.  나.급박한 위험을 막을 필요성  피신청인은 헌법재판소 재판관 후임자 지명을 통해 임명절차를 개시하였습니다.  인사청문회법에 따르면 곧 있을 국회에의 임명동의안등 제출행위 이후 최소 21 일7)  최장 30일이 경과하면 즉시 지명한 재판관 후보자를 임명할 수 있습니다. 따 라서 피신청인의 인사청문회법 제6조 제1항에 따른 임명동의안등 제출의 효력 및  이에 기반한 일정 기간 경과 후의 인사권자 임명권을 규정한 인사청문회법 제6조  제4항의 효력을 정지하지 않는다면 전술한 회복할 수 없는 손해의 발생 우려가  현저하게 됩니다. 한 달여가 남은 기간 이를 정지하지 않으면 헌법학적으로 큰 논 란이 있는 행위로 인해 발생할 수 있는 걷잡을 수 없는 헌정 질서의 혼란을 막기  어려우므로 반드시 신속하게 이 사건 가처분 신청이 인용되어야 합니다.  다.이익형량  이제 국민의 직접 선거에 의한 새 대통령 선출이 50여 일 남았습니다. 새 대통 7)인사청문회법 제6조 제3항에 따르면  임명동의안등의 국회 로부터 20일 내 인사청문경과보고서의 제 출을 요구할 수 있고  같은 조 제4항은 그 기간 내 제출이 없는 경우 10일의 범위 내에서(따라서 가장 짧게  정할 경우 1일로 정할 수 있습니다) 추가로 기일을 정하여 위 보고서 제출을 요구하되  그 기간 내에도 보고 서 제출이 없는 경우 인사권자는 즉시 인사 대상자의 임명이 가능합니다. -35-령은 선거에서 확인된 국민적 의사를 담아 새 재판관을 선출하게되면 앞선 논란  자체가 발생할 여지가 없습니다.  헌법재판소는 이미 전술한 것처럼  2025. 4. 18. 임기를 마치는 문형배  이미선  재판관이 퇴임하더라도 7인의 재판관이 여전히 근무하고 있으므로  헌법재판소법  제23조 제1항이 정한 헌법소송사건의 심리정족수를 구비하고 있어 현재 진행 중 인 사건의 처리에 있어 아무런 제약이 없습니다. 또 헌법재판소는 그간 다루던 주 요 인사에 대한 탄핵심판사건 등 중요하고 시급한 사건을 2025. 4. 10. 일괄 선 고8)하기도 했습니다. 따라서 새 대통령에 의한 임명권 행사 전 짧게는 45일  길게 는 두달 여 기간 2명의 재판관 공백이 있다 하더라도 그로 인해 초래될 헌정 질 서의 혼란 등 불이익은 크지 않습니다.  반면 피신청인의 재판관 임명 강행 시 벌어질 헌정 질서의 혼란은 전술한 위  가항의 손해  즉 사회적 갈등과 분열의 극대화  재판 불복과 재심으로 이어지는  헌법재판소의 위상 하락과 위기의 심화 및 새 대통령의 후임자 임명권 행사 시  벌어지게 될 걷잡을 수 없는 갈등 확산과 선‧후 재판관 임명 유효성 논란 등을 유 발할 것입니다. 이는 대통령 탄핵 못지않은 헌정 질서의 혼란을 초래할 것이고   헌정 질서 혼란 시 이를 수습해야 할 헌법재판소 자체에 심대한 영향을 주는 사 안으로서 향후 그 수습 자체가 곤란할 수 있습니다.  따라서 이 사건 가처분 인용으로 인한 헌정 질서 수호의 이익이 피신청인 인사 권의 한시적 제약 또는 완전한 헌법재판소 구성의 한시적 지체로 인한 불이익 내 지 혼란을 압도할 정도라고 할 것입니다. 8)이제 남은 탄핵심판사건은 손준성 검사 및 조지호 경찰청장 등인데 이 두 사건 중 손준성 검사 사건은 손준 성 검사 스스로 법원에 진행 중인 관련 형사사건의 결과가 나올 때까지 심리를 미뤄달라고 한 사건이고  조 지호 경찰청장 사건은 이미 그로 인해 파면이 확정된 윤석열 대통령과 공범으로 형사재판이 심리 중인 사건 이어서 국가공무원법에 따라 원래부터 직위해제 등으로 직무정지될 사건이므로 통상의 탄핵심판사건과 달리  사건의 시급성을 인정하기 어렵습니다. -36-  라.본안의 승소 가능성  이 요건이 반드시 필요한 것은 아니나 전 다항의 이익형량의 한 고려요소이기 도 하므로 이를 추가로 논증하겠습니다.  1) 헌법상 대통령 권한대행의 지위  헌법 제71조는 대통령이 궐위 또는 사고로 직무를 수행할 수 없을 때에는 국무 총리  법률이 정한 국무위원의 순으로 그 권한을 대행하도록 정하고 있습니다. 또 한 대통령이 궐위된 때에는 국무총리 등이 그 권한과 지위를 승계하는 것이 아니 라  60일 이내 후임자를 선거하도록 하여(헌법 제68조 제2항)  대통령 궐위 시 국 무총리 등이 행하는 권한의 대행이 시한부 임시지위임을 분명히 하고 있습니다.  헌법재판소 또한 피신청인의 탄핵심판사건(2025. 3. 24. 선고 2024헌나9 결정)에 서 대통령의 탄핵소추에 국회 재적 2/3 찬성이라는 가중 의결정족수를 규정한 취 지는 민주적 정당성의 크기에 비례한 것이라고 하면서 헌법 제71조가 대통령의  궐위 등에 대통령직의 ‘승계’가 아닌 권한의 ‘대행’을 규정한 취지도 이와  같으며  피신청인은 국민으로부터 직접 선출된 대통령의 민주적 정당성과 비교하 여 상당히 축소된 간접적인 민주적 정당성만 보유하므로  대통령과는 확연히 구분 되는 지위에 있다는 취지로 판시하여 피신청인의 지위가 임시적 지위임을 다시  확인한 바 있습니다. 특히 이에 따라 피신청인을 파면하기 위한 국회의 탄핵소추 에 대통령에게 적용되는 가중된 의결정족수가 아닌 국무위원 등의 일반 의결정족 수가 적용된다고 하여 그 결론에서도 대통령과의 지위에 분명한 차등을 두어 판 단하였습니다.  2) 학계에서의 대통령 권한대행의 지위 논의 -37- 신청인측은 이번 권한쟁의심판 청구여부를 보다 신중하게 판단하기 위하여 국 회입법조사처에 학계 전반의 논의에 관한 조사를 명하여 그 결과를 회신받았는바   국내에 저술된 각종 문헌과 헌법학계의 저명한 학자들에게 유선 확인한 결과 압 도적 다수는 피신청인의 행위가 위헌이며 명백한 월권에 의한 권한 남용으로서  탄핵소추사유에 해당할 수 있다는 의견이었습니다. 대통령 권한대행이 헌법재판소  재판관 등 헌법기관 구성권을 행사할 수 있다는 극히 일부의 견해에서도 정치적 으로 바람직하지 않다는 것을 덧붙이고 있습니다.  학계에서의 논의를 구체적으로 살펴보면  ① 대통령 권한대행은 임시 관리자로 서 제1차적인 헌법적 과제는 60일 이내 대통령 선거를 실시하여 새 대통령에게  권한을 넘겨주는 것이므로 잠정적인 현상유지에만 국한되고 정책의 전환 또는 인 사권 행사는 허용되지 않는다는 현상유지설(권한축소설)9)  ② 사고 시에는 현 대 통령 재집무가 가능할 수 있으므로 현상유지에 제한되나  궐위 시에는 60일 장기 간 대통령 부재상태이므로 국가안전을 위해서라도 권한범위를 제한할 수 없다는  궐위/사고구분설10)  ③ 현행 헌법상 대통령 권한대행의 권한범위를 따로 제한하는  규정이 없으므로 제한 없이 권한을 행사할 수 있다는 전권행사설  ④ 대통령 권한 대행의 헌법적 근거  민주적 정당성  임시적‧관리자적 특성 등을 고려하여 권한별 로 구체적으로 검토하되  행정부가 아닌 다른 헌법기관의 구성권을 실질적‧적극적 으로 행사(대통령 몫의 행사)  헌법개정안제안  사면  행정부 내라도 대폭적‧전면적  개각 등은 불가하다는 권한별구분설  ⑤ 헌법기관 정지 등 국가존립을 위한 긴급 한 사안에 한하여 상황별로 판단해야 한다는 긴급사안여부구분설 등으로 구분됩 9)헌법학계의 다수설로 인정되고 있습니다. 10)이에 대하여는 헌법이 사고 기간의 장단에 관한 구분이 따로 없어 오히려 궐위보다 사고가 더 장기간일 수  있고  궐위 시에는 60일 내 국민에 의해 직접 선출된 새 대통령의 취임이 명확하게 예정된 것이어서 오히려  부적절하다는 허영 교수 등의 비판이 있습니다. 실제로 이번에 파면된 윤석열 전 대통령만 보더라도2024.  12. 14. 탄핵소추되어 사고가 발생한 뒤 123일만인 2025. 4. 4. 최종 파면선고됨에 따라 사고기간이 헌법이  예정한 대통령 궐위기간의 2배 이상입니다. -38- 니다.  하지만 이미 검토한 것처럼  국회입법조사처 조사의견도 피신청인의 대통령 임 명 몫 헌법재판소 재판관 임명은 허용될 수 없고  피신청인의 지명 직후 전국 법 학교수를 대표하는 한국법학교수회도 성명을 내 피신청인의 지명이 중대한 위헌 임을 표명하였습니다(소갑 제4호증 ‘2025. 4. 9.자 뉴시스 기사’ 참조). 즉  학계 의 중론은 피신청인의 지명이 중대한 위헌이라는 것입니다.  3) 황교안 전 대통령 권한대행 국무총리 사례에서 확인된 헌법적 관습  현재와 같은 상황은 황교안 전 대통령 권한대행 국무총리의 사례를 들 수 있습 니다. 2017. 12. 9. 이른바 국정농단 사건으로 탄핵소추되어 심판절차가 진행 중에  박한철 헌법재판소장이 퇴임하였습니다. 당시 황교안 대통령 권한대행 국무총리가  대통령 몫의 박한철 재판관 후임을 임명할 수 없다는 해석이 지배적이었고  황교 안 대통령 권한대행은 그 해석을 존중하여 임기를 마칠 때까지(즉  대통령이  2017. 3. 10. 파면됨에 따라 대통령 궐위상태에 놓인 이후에도) 끝내 임명하지 않 았습니다.  반면 대통령 탄핵심판사건이 끝난 이후인 2017. 3. 13. 헌법재판소장 권한대행  겸 재판관이었던 이정미 재판관이 퇴임한 뒤  대법원장이 그 후임으로 이선애 재 판관을 지명하자  황교안 전 대통령 권한대행 국무총리는 이선애 재판관의 임명이  삼권분립의 원칙에 따라 헌법이 정한 대법원장 지명 인사에 대한 형식적 임명권  행사에 불과하다는 대다수 헌법학계의 해석을 존중하여 인사청문회법이 정한 인 사청문절차를 거쳐 2017. 3. 29. 이선애 재판관을 임명하였습니다. 대통령 권한대 행은 대통령 몫 재판관이 먼저 퇴임하였지만 끝내 임명하지 않은 반면 그 이후  퇴임한 대법원장 지명 몫만 임명한 것입니다. -39- 결론적으로 황교안 전 대통령 권한대행 국무총리는 헌법학계의 주류적 해석을  존중하여 헌법재판소 재판관 임명권을 행사함으로써  대통령 권한대행의 헌법재판 소 재판관 임명권 행사의 기준(형식적 임명권은 행사하되  실질적 임명권은 불행 사)을 명확히 하였고  이로써 대통령 권한대행의 헌법재판소 재판관 임명에 관한  헌법적 관습이 확인되었습니다.  이번에도 피신청인은 황교안 전 대통령 권한대행과 동일한 상황에 놓여 있습니 다. 형식적 임명권 행사에 해당하는 국회 선출 몫인 정계선  조한창  마은혁의 임 명권 행사 상태에 놓였으나  피신청인은 과거 황교안 전 대통령 권한대행 국무총 리에서 확인된 헌법적 관습을 무시하고 형식적 임명권 행사를 부작위하여 탄핵소 추를 당하기에 이르렀으며  피신청인 다음으로 대통령 권한을 대행한 최상목 기재 부장관의 마은혁 재판관에 관한 계속된 임명부작위로 인해 벌어진 권한쟁의심판 사건을 통해 헌법재판소가 명확하게 만장일치로 형식적 재판관 임명권 불행사가  위헌임을 확인해주기도 했습니다. 그럼에도 불구하고 피신청인은 이미 확인된 헌 법적 관습을 무시하고 실질적 재판관 임명권을 행사하는 절차에 착수한 것입니다.  4) 이 사건 대통령 몫 헌법재판소 재판관 2인의 임명권 존부  피신청인은 2025. 4. 4. 주권자인 국민의 의지가 구체화 된 헌법이 정한 절차에  따라 국회가 재적 2/3 이상의 찬성으로 탄핵소추하여  헌법재판소가 재적 재판관  전원일치의 결정으로 파면을 선고하여 국민 신임을 회수함으로써 민주적 정당성 을 상실한 윤석열 전 대통령에 의해 임명된 국무총리입니다. 국민의 직접 선출로  취임한 대통령이 임명하였다는 간접적 민주적 정당성조차 해당 대통령의 파면에  따라 소멸된 기관일 뿐입니다.  이제 피신청인은 헌법 제68조 제2항에 따라 채 60일도 남지 않은 차기 대통령 -40- 선거가 공정하게 치러지도록 잘 관리하다가 국민이 직접 뽑은 새 대통령에게 안 정적으로 정부를 승계할 의무만을 부담할 뿐입니다.  앞서 검토된 대통령 권한대행의 법적 지위에 관한 학설을 검토하더라도 ① 현 상유지설(권한축소설)은 당연히 헌법기관인 재판관 임명이 불가하고  ② 권한별구 분설에 따르더라도 행정부 외 헌법기관의 적극적 구성은 불가하며  ③ 긴급사안여 부구분설에 따르더라도 궐원된 재판관이 없더라도 헌법재판소법이 정한 헌법재판 의 심리정족수인 7인 이상의 요건을 충족하여 재판관 임명이 불가능합니다.  이미 지적한 것처럼 피신청인의 이번 재판관 임명권 행사는 황교안 대통령 권 한대행 국무총리의 사례에서도 확인된 헌법적 관습에 명백히 반하는 행태이기도  합니다.  이처럼 헌법 명문의 규정과 헌법재판소가 직전 대통령 권한대행 국무총리의 국 법상 대통령 권한 행사에 따른 탄핵소추를 위한 국회 의결정족수에 관한 판단  거 기에 더하여 헌법학계 대다수의 논의 및 황교안 대통령 권한대행 국무총리 시절  확인된 헌법적 관습에 비춰볼 때 피신청인이 공석인 대통령 임명 몫의 헌법재판 소 재판관을 임명할 권한은 없다고 보아야 합니다.  5) 피신청인의 재판관 임명절차 진행의 위헌성과 그 효력  앞서 본 것처럼  피신청인은 헌법기관인 헌법재판소 재판관 중 대통령 임명 몫 의 임명권  즉 실질적 임명권이 없습니다. 그럼에도 불구하고 피신청인은 지난 탄 핵심판사건에서의 헌법재판소의 해석상 대통령과 확연히 구분되는 지위에 있다는  사정까지 스스로 잘 알면서도 그 권한의 범위는 넘어서는 월권적‧위헌적 헌정행위 를 강행한 것입니다. 따라서 이는 권한 없는 자에 의해 이뤄진 헌정행위에 해당하 여 무효인 행위라 할 것입니다11). -41-4.결론  헌법이 구현하는 삼권분립은 각 권력 주체의 자제와 관용에서 나옵니다. 특히  대통령과 국회는 각 국민의 직접 선출을 통해 구성되는 헌법기관으로서 직접적인  민주적 정당성으로 뒷받침된 기관입니다. 더더욱 상호 간 존중과 자제를 통해 국 민주권주의가 국정 전반에 걸쳐 잘 반영될 수 있도록 협력할 의무가 있습니다.  그럼에도 불구하고 대통령은 국정 운영의 파트너이자 또 다른 민주적 정당성을  갖춘 국회를 상대로 그 구성이 대통령 의지를 관철하기 어렵다는 판단에 따라 불 법 비상계엄을 발령하여 병력을 동원해 국회 마비를 시도하였습니다. 지난 제22대  총선에서 드러난 주권자인 국민의 대통령 국정 운영에 대한 평가 내지 의사를 병 력을 동원해 변경하려 한 것입니다. 대통령은 이 불법 비상계엄의 발령으로 국민 의 신임을 배반하였다는 점이 인정되어 헌법이 정한 절차에 따라 헌법재판소에서  파면되었습니다.  피신청인은 파면되어 국민의 신임이 거두어진 대통령에 의해 임명된 국무총리 입니다. 피신청인의 민주적 정당성의 기초부터 무너진 것입니다. 이는 대통령의  수석 보좌기관으로서 피신청인에게 막중한 과오이기도 합니다.  피신청인 스스로 이러한 정치적 책임을 인식한다면  이제 채 60일이 남지 않은  대통령 선거관리에 매진하여 공정하게 치러져 새로 선출될 대통령에게 권한을 이 양해야 할 임시적 관리자 지위로서 필요 최소한의 범위에서 대통령 권한을 대행 함에 있어 신중히 하고 자제함이 마땅합니다. 그럼에도 불구하고 헌법상 명문 규 정(60일 내 새 대통령 선출에 한정된 시한부 대통령 권한대행)  헌법학계의 지배 11)권한 없는 자의 행정행위는 당연무효라는 대법원 1996. 6. 28. 선고 96누4374 판결 등 참조. -42- 적 해석  선례로 확인되는 헌법적 관습을 모두 무시하고 헌법재판소 재판관 임명 에 관하여 형식적 임명권은 불행사하고  실질적 임명권은 거침없이 행사하는 만용 에 이르렀는바  곧 있을 제21대 대통령 선거에서 선출된 대통령을 통해 행사되어 야 할 국민의 재판관 임명권이 침해되지 않도록 헌법재판소가 피신청인의 행태를  이 사건 가처분 결정을 통해 반드시 저지해주셔야만 합니다. 그렇지 않는다면 무 효인 재판관의 임명과 그로 인한 사회적 혼란과 갈등의 확산  참칭 재판관에 의해  심리‧결정된 헌법재판소 결정의 효력에 관한 논란 및 새로 선출된 대통령의 후임  재판관 임명 시 피신청인이 임명한 재판관과의 지위 충돌 등 걷잡을 수 없는 헌 정질서의 혼란이 초래될 것입니다.  대한민국은 민주공화국입니다(헌법 제1조 제1항). 기존 대통령이 국민의 신임을  배반하여 파면되었고  헌법에 따라 주권자인 국민은 이제 새 대통령 선출을 목전 에 두고 있습니다. 국민주권주의가 온전히 구현되기 위해서는 헌법기관 구성에 있 어 헌법이 전제하고 있는 민주적 정당성은 반드시 뒷받침되어야 합니다.  헌법 수호의 최후 보루이자  헌법의 명령자인 헌법재판소가 현 재판관들과 같이  민주적 정당성이 충분히 갖춰진 재판관으로 온전히 구성되어 국민주권의 원리가  최고 사법기관에도 완전 무결하게 구현될 수 있도록 헌법재판소 재판관 임명절차 를 중단하기 위한 이 사건 신청을 인용하여주시기 바랍니다. 소 명 방 법 1.소갑 제1호증 2025. 4. 8.자 아이뉴스24 기사 -43-2.소갑 제2호증 국회입법조사처 국회의장 보고자료 3.소갑 제3호증 법제처 2010. 2. 발간 헌법주석서 3권 4.소갑 제4호증 2025. 4. 9.자 뉴시스 기사 2025. 4. . 신 청 인1. 국회  대표자 국회의장 우원식 2. 국회의장 헌법재판소 귀중,
5B64C25B-AE69-8CAC-84FB-7C8FB3176A46.pdf,3230,이협정의체결을통하여우리나라와세르비아공화국정부간투자의 상호증진및보호를위한제도적기반을마련함으로써양국간경제협력 관계를강화하려는것임.,가.각체약당사자는다른쪽체약당사자의투자자가자국의영역에서 투자를하는데유리한여건을장려하고조성하도록함(안제2조). 나.각체약당사자는자국의영역에서다른쪽체약당사자의투자자에게 그투자의관리등과관련하여유사한상황에서자국의투자자나 제3국의투자자에게부여하는대우보다불리하지않은대우중더 유리한대우를부여하도록함(안제3조). 다.각체약당사자가공공목적을위하여 비차별적방식으로 신속하 -2- 고적절하며효과적인보상을지불하고 적법절차에따르는등의 요건을갖추는경우에만다른쪽체약당사자의투자자의투자를직 접또는간접적으로수용또는국유화할수있도록함(안제5조). 라.각체약당사자는다른쪽체약당사자의투자자가투자와관련된 모든지급금을자국영역내외로자유롭게송금할수있도록보장 함(안제6조). 마.이협정의해석또는적용에관한체약당사자간의분쟁은가능하 면협의와교섭을통하여해결하되 해결을위한서면요청의접수 일부터180일내에분쟁이해결될수없는경우어느한쪽체약당 사자의요청으로임시중재판정부에회부되도록함(안제12조). 바.한쪽체약당사자와다른쪽체약당사자의투자자간분쟁은가능 하면협의나교섭을통하여해결하되 분쟁이서면으로제기된날 부터180일내에해결되지못한경우 투자자가분쟁을투자유치국 인체약당사자의국내구제절차또는각종국제중재절차에회부할 수있도록함(안제13조).
F7EE8659-8782-5F41-DB2E-F838BAD1CF70.pdf,7578,2024년12월29일무안국제공항에서발생한제주항공여객기참사 로탑승객181명중구조된승무원2명을제외한179명이사망했다. 사고이후피해자와가족들은신체적·정신적고통을겪고있다. 특히 일부인터넷과SNS에서는이들을대상으로한악의적인댓글 과허위정보가유포되어2차가해가발생하고있다.이러한2차가해 는피해자와가족들에게심각한정신적고통을유발하며 사건의공정 한해결과사회적치유를방해하는요소로작용한다. 현재경찰은이러한악성게시물과관련된수사를진행중이며 이 러한행위는명예훼손및모욕죄로처벌이가능하다. 이에대한민국국회는제주항공여객기참사피해자와그가족에 대한명예와권익을보호하고이들에대한2차가해를방지하기위해 정부의실효성있는대책마련과엄중한처분을요구하고자한다.,
F0733E55-D551-2473-FBE2-EC3D703D8DC2.pdf,6647,1.농림축산식품부와기획재정부에서2022년7월부터2024년9월까지 시행한시장접근물량증량및할당관세적용시절차적타당성에 대한감사 첫째 농림축산식품부는시장접근물량증량시「시장접근물량증량 에관한규칙」제4조제1호부터제7호까지당해물품의품목번호ㆍ 품명ㆍ규격ㆍ용도및대체물품등에대한자료를기획재정부장관 에게제출해야함. 하지만농림축산식품부장관은해당규칙제4호에해당하는생산농 가에미치는영향및제5호부터제7호까지에해당하는향후3년간 의수급계획및수입가격 수입실적 국내도매가격 국내생산실적 등의내용이누락된보고서를상습적으로제출함.특히 제5호부터 제7호까지에해당하는자료는전체보고서에미기재된상태로제출 됨.또한 ‘2023년맥아TRQ증량기재부제출보고서’에따르면국 내맥아생산이이뤄짐에도불구하고생산농가에미치는영향에 대해‘국내맥아생산농가없음’이라고거짓명시함. 둘째 농림축산식품부는시장접근물량의관리방향등을심의하기 위해「농축산물무역정책심의회규정(농림축산식품부훈령제467 호)」에따라농축산물무역정책심의회를농림축산식품부장관의자 문기관으로설치하고 시장접근물량증량시심의를할때에는회의 일시 장소등일정사항을각위원에게통지하며 안건의내용이 -3-경미하거나천재지변등의사유로출석에의한의사정족수를채우 기어려운등의경우에는서면으로대체하도록하고있음. 하지만2022년7월부터2024년9월까지진행된총22회의심의회 심의는모두서면으로이뤄졌으며 이에대한증빙을제대로하지 못함. 이에시장접근물량증량및할당관세주무부처인농림축산식품부 와기획재정부에대한감사원의감사를요구함. 2.해양수산부 한국해양교통안전공단 서울특별시가추진하고있는한 강리버버스사업의사업자선정과정에대한관리감독부실및 사업자선정과정에서의「국가를당사자로하는계약에관한법 률」 「보조금관리에관한법률」등관계법령위반에대한감 사 서울특별시는한강리버버스사업의선박건조계약체결시자본잠식 상태였던이크루즈와계약을체결하였으며 우선협상대상자로선정 하여서울시투자심사위원회심사면제대상이되도록편법을사 용함.이크루즈는해당선박건조에대해해양수산부가민간사업자 를대상으로진행하는친환경인증선박보급지원사업대상자로신청 ㆍ선정된후2개월후서울시SH공사지분51%로하는(주)한강 버스로합작하여편법적으로정부지원을받음.(주)한강버스(SH5 1% 이크루즈49%)는은성중공업 가덕중공업과나라장터를통한 -4- 계약과정에서입찰서류가제출되지않았는데도계약을체결하여 「국가를당사자로하는계약에관한법률」및「보조금관리에 관한법률」등관계법령위반이의심됨. 또한 친환경인증선박보급지원사업의위탁기관인한국해양교통안전 공단의경우이크루즈에대해선박건조능력및재무상태에대한 제대로된검증없이사업대상자로선정함.해당사업의최종집행 및관리감독권한을갖고있는해양수산부는이크루즈가사업대상 자로선정되는과정에대해제대로점검하지못하였으며 종국적으 로공공기관의지분이많은(주)한강버스를우회적으로지원하게 되어민간의친환경선박전환을지원하는사업의목적을크게위 반함. 이에한강리버버스사업의지원주체인해양수산부 한국해양교통 안전공단과사업의당사자인서울특별시에대한감사원의감사를 요구함. 3.국고채무부담행위인농림축산식품부의농협채권및정부양곡정 산사업의「국가재정법」위반에대한감사 농림축산식품부는「양곡관리법」제16조에따라양곡수급안정대 책을실시할수있으며 양곡수급안정대책의일환으로쌀시장격리 가결정되면농림축산식품부는같은조제3항에따라시장격리곡을 농협경제지주자금으로우선매입하도록하고 이후분할상환(외상 -5-거래)하고있음.이러한외상거래방식은「국가재정법」제25조에 따른국고채무부담행위의성격을지니지만 같은조제1항에따라 예산으로써국회의의결을얻지않고있으며 같은조제3항에따 라필요한이유를명백히하고그행위를할연도및상환연도와 채무부담의금액을표시하지도않고있음.더욱이 농림축산식품부 는「국가재정법」제25조국고채무부담행위의예외가되는‘법률 에따른것’에해당한다고주장해왔으나 기획재정부는‘법률에따 른것’에「양곡관리법」은포함되어있지않은것으로확인함.이 에법적근거없이진행되고있는농림축산식품부의‘농협채권및 정부양곡정산사업’에대한위법성을해소하기위하여농림축산식 품부로하여금현행양곡매입방식이「국가재정법」제25조에명 확히해당될수있도록법적근거를마련하고 농협경제지주에대 한원금및이자등사후정산관련절차와규모등이예산에명확 하게드러나도록하는방안을마련할것을지적했음.그러나 2024 년10월24일농림축산식품부종합감사에서농림축산식품부장관은 해당사안이위법이아니라고답변했음. 이에국고채무부담행위인농림축산식품부의농협채권및정부 양곡정산사업의「국가재정법」위반에대한감사원의감사를요 구함.,
FDECC266-FECC-6279-2C92-D014BEB43CA9.pdf,6195,1.검사탄핵추진에반발하여서울중앙지검부장검사들이회의를소 집하고집단성명을발표한데이어서울남부지검검사와서울중앙 지검부부장검사들이집단성명을발표하는등일련의행위가있었 는바 동검찰청검사들의행위가「헌법」과「국가공무원법」등 관련법령을위반하였다는의혹에대한감사 국가공무원은「헌법」제7조 「국가공무원법」제65조제2항과제66 조제1항및「국가공무원복무규정」에따라그신분과정치적중립 성이보장되며 특정정당또는정치단체를지지하거나반대할수없 음.또한공무외의일을위한집단행위를하여서는아니되는등공 무원의정치적행위와집단행위는금지하고있음.또한 「검사윤리 강령」제3조는‘검사는정치운동에관여하지아니하며 직무수행을 할때정치적중립을지킨다’고규정하여검사의정치적중립을강조 하고있음. 서울중앙지방검찰청은위법한검사탄핵에반발하여2024년11월26 -3-일부장검사회의를소집하고국회의고유권한인탄핵소추권을부정 하며특정정당의정치활동을반대하는입장을부장검사명의로발표 함.이에앞서서울중앙지검1ㆍ2ㆍ3차장검사도같은취지의공동입 장문을검찰내부망에발표했으며 이어서울남부지방검찰청검사 서 울중앙지검부부장검사들도집단적으로공동입장문을발표함.대검찰 청은같은입장의입장문을기자들에게배포함. 한편 경찰의경우지난2022년행정안전부경찰국신설에반대하며 경찰서장회의를주도한행위에대해징계와감찰을신속하게진행한 바있음.경찰서장회의를주도한총경은대기발령조치하고 회의참 석자들에대해서는감찰에착수하기도함.또한 2023년서이초교사 추모를위해집회에참가한교사들에대해교육부는법과원칙에따 라엄정하게대응하겠다는입장을발표하기도함. 이와같은경찰과교사에대한조치와비교할때검찰의집단행동에 대한징계와감찰조치는제대로이루어지지않고있는실정임. 이에공무원의위법한행위를바로잡고공직기강을바로세우기위해 검찰청검사들의「헌법」및「국가공무원법」등관련법령위반 의혹에대해감사할필요가있음. 2.검사들의국회탄핵소추와특정정당의정치활동에대한반대활동 과관련 국가공무원으로서의정치적중립의무위반과정치운동 금지위반등법령위반의혹에대한감사 -4- 「헌법」제7조제2항은‘공무원은신분과정치적중립성을법률이정 하고있는바에의하여보장된다’고규정하고있고 「국가공무원법」 제65조제2항은‘공무원은선거에서특정정당또는특정인을지지또 는반대하기위한행위를하여서는아니된다’고규정하고있음.또한  「검찰청법」제4조제3항은‘검사는그직무를수행할때국민전체에 대한봉사자로서헌법과법률에따라국민의인권을보호하고적법절 차를준수하여 정치적중립을지켜야하고주어진권한을남용하여서 는아니된다’며검사의정치적중립의무를명확하게규정하고있음. 서울중앙지방검찰청부장검사들은위법행위를한검사탄핵에반발하 며‘더불어민주당이주장하는탄핵소추사유에대상검사들에대한파 면을정당화할정도로중대한헌법및법률위반이있다고보기어려 움’이있다는이유를제시하며특정정당의정치활동을반대했음.또 한대검은‘중대한위헌ㆍ위법을인정할만한근거가전혀없다’며국 회가추진하고있는탄핵소추에대한반대입장을밝힘.서울남부지방 검찰청차장ㆍ부장검사들도국회가탄핵을‘시도하는것은그자체가 권한남용이다’며국회의고유권한인탄핵소추권을부정하며삼권분립 원칙을부정하는입장을발표함.이에동조한검사들도국회의고유권 한을부정하며특정정당의정치활동을반대하는글을검찰내부망이 프로스에게시하고있음.이프로스가검찰내부망이라할지라도법조 기자들의주요취재원이라는점을고려하면검사자신들의글과댓글 이공공에전파될것을충분히인지하고있었을것이고 실제언론을 -5-통해많은보도가이루어지고있음. 특정정당의정치활동을반대하고삼권분립원칙을부정하는입장을 발표하고 검사들의위법한행위를선동하는등공무원으로서의본분 을유기하고정치적중립의무위반 정치운동금지위반등각종법 령위반의혹이있는검사들에대한감사가필요함. 3.헌정질서를유린하고법령을위반한검사들에대한징계및감찰을 진행하지않고소속공무원의법령위반행위를방조 조장한법무 부ㆍ대검찰청ㆍ고등검찰청ㆍ해당지방검찰청의직무유기를시정하 고 징계및감찰등을추진하도록하기위한감사 「정부조직법」제7조 제32조에따라법무부장관은소속공무원을지 휘ㆍ감독하고검찰사무를관장하게되어있음.「검찰청법」제12조제 2항에따라검찰총장은대검찰청의사무를맡아처리하고검찰사무를 총괄하여검찰청의공무원을지휘ㆍ감독하게되어있고 「검사징계 법」제7조에따라검찰총장은징계를요구할수있음.또한「법무부 감찰규정」제15조제1항은‘법무부및검찰청소속공무원에대한진 정ㆍ비위사항은형사처벌또는징계처분의요건이되는행위를범하 였다고인정할만한상당한이유가있는경우에조사한다’고규정하고 있고 「검찰공무원의범죄및비위처리지침」제4조제1항‘각급청의 장은검찰공무원의비위를알게된경우에는사안의경중에따라지 체없이징계등신분에관한조치를취하여야한다’고규정하고있 -6- 음.이에대한책임을방기하고직무를유기할경우「형법」제122조 에따라처벌할수있음. 검찰총장은검사에대한감찰권과징계요구권을갖고있음.강력한 지휘권을가지고있는검찰총장이잘못된판단을할경우검찰조직은 무소불위의권력기관으로변질돼통제하기어려워질것임. 지난9월3일심우정검찰총장인사청문회에서당시후보자가검사 탄핵과관련하여‘적극적으로대응하겠다’는취지의답변을한이후  심우정검찰총장을비롯한각급청의장은위법한행위를한검사들에 대해그어떠한조치도취하지않아직무를유기하고있으며 검사들 의위법한집단행동과집단성명발표등정치행위에대해서도방조ㆍ 조장하고있음. 또한 법무부도위법행위를하고있는검사들에대한감찰을실시하 지도않는등책임을방기하고있음. 이에헌정질서를유린하고법령을위반한검사들에대해징계및감 찰을실시하지않는등소속공무원의법령위반행위를방조 조장한 법무부ㆍ대검찰청ㆍ고등검찰청ㆍ해당지방검찰청의직무유기에대한 감사가필요함. 4.위법한공무집행으로탄핵소추된검사들을비호하고변호사비지원 을목적으로규약개정을추진하고있는검찰동우회와대검찰청의 직무가「검찰청법」등관련법령을위반한의혹에대한감사 -7-대검찰청은탄핵대상이된검사들을비호하고소송비용을지원할목 적으로일선청에‘검찰동우회규약개정관련의견조회’공문을발송 하여검찰동우회의규약개정추진을독려하였음. 검찰동우회가적자로의전환위기에놓여있어퇴직전별금수익률을 조정해야하는상황에서도위법또는부당한업무처리로탄핵소추된 검사들의변호사비까지지원하겠다는것은국회의검사탄핵소추에대 한부정이며삼권분립원칙을정면으로부정하는것임.또한검사들의 위법한행위를비호하는것으로보여「검찰청법」과「검사징계법」 등관련법령을위반한의혹이있음. 이에공무원의위법한행위와공직기강을바로잡기위해위법한검사 들을비호하고국회의탄핵소추권을부정하는검찰동우회와대검찰청 의직무에대한감사가필요함.,
2C8D039B-7A1F-23BC-D5CE-1F084E6DBCDE.pdf,3228,이협정의체결을통하여동일한소득에대한우리나라와르완다공 화국의과세권경합을조정함으로써양국국민ㆍ기업의이중적인조 세부담을방지하여양국간의경제교류를활성화하고 조세회피목 적의거래에대해서는협정에따른혜택을부여하지않도록함으로써 탈세및조세회피를예방하려는것임.,가.이협정의적용대상인소득에대한조세는총소득또는소득항목에 부과되는모든조세를의미함(안제2조). 나.이협정이적용되는소득은부동산소득 사업이윤 국제해운및항 공운송이윤 배당 이자 사용료 양도소득 고용소득등과그밖의 소득으로하고 대상소득별과세원칙은다음과같이함(안제6조부 -2- 터제22조까지). 1)한쪽체약국의거주자가다른쪽체약국에소재하는부동산에서얻 은소득은부동산소재지국에서과세할수있음(안제6조). 2)한쪽체약국의기업의이윤은 그기업이다른쪽체약국에소재하 는고정사업장을통하여그다른쪽체약당사국에서사업을수행하 는경우를제외하고는 그한쪽체약국에서만과세함(안제7조). 3)한쪽체약국의기업이수행하는국제운수에서선박또는항공기의 운항으로부터발생하는이윤은그한쪽체약국에서만과세함(안제 8조). 4)배당 이자및사용료는수익적소유자의거주지국에서과세할수 있으며 소득이발생하는체약국에서는제한세율에따라과세할수 있음(안제10조부터제12조까지). 5)부동산양도소득은부동산소재지국에서과세할수있음(안제14조). 다.한쪽체약국의국민은다른쪽체약국에서동일한상황에있는그다 른쪽체약국의국민보다불리하게조세를부담하지않음(안제24조). 라.양체약국의권한있는당국은이협정규정의이행과관련이있거나 양체약국의조세에관한국내법의시행또는집행과관련이있는것 으로예상되는정보를교환함(안제26조). 마.양체약국은조세채권의징수에서상호협조함(안제27조).
F62E4CE8-38C9-5F0E-D90E-92668B71BEE3.pdf,7714,이협정의체결을통하여우리나라와바레인왕국정부간투자의상 호증진및보호를위한제도적기반을마련함으로써양국간경제협력관 계를강화하려는것임.,가.각체약당사자는다른쪽체약당사자의투자자가자국의영역에서 투자를하는데유리한여건을장려하고조성하도록함(안제2조). 나.각체약당사자는자국의영역에서다른쪽체약당사자의투자자에게 그투자의관리등과관련하여유사한상황에서자국의투자자나 제3국의투자자에게부여하는대우보다불리하지않은대우중더 유리한대우를부여하도록함(안제3조). - 2- 다.각체약당사자가공공목적을위하여 비차별적방식으로 신속하고 적절하며효과적인보상을지급하고 적법절차에따르는등의요건 을갖추는경우에만다른쪽체약당사자의투자자의투자를직접적으 로또는간접적으로수용하거나국유화할수있도록함(안제5조). 라.각체약당사자는다른쪽체약당사자의투자자가투자와관련된 모든지급금을자국영역내외로자유롭게송금할수있도록보장함 (안제6조). 마.이협정의해석또는적용과관련된체약당사자간의분쟁은가능하면 협의나외교경로를통하여해결하되 분쟁해결요청일부터180일 내에분쟁이해결될수없는경우어느한쪽체약당사자의요청으 로임시중재판정부에회부되도록함(안제10조). 바.한쪽체약당사자와다른쪽체약당사자의투자자간분쟁은가능 하면교섭이나협의를통하여해결하되 분쟁이서면으로제기된 날부터180일내에해결되지못한경우 투자자가분쟁을분쟁당 사자인체약당사자의국내구제절차또는각종중재절차에회부할 수있도록함(안제11조).
C2965AAD-4958-4E39-E2E7-8BC480013DE6.pdf,7713,이협약의체결을통하여동일한소득에대한우리나라와안도라공 국의과세권경합을조정함으로써양국국민ㆍ기업의이중적인조세 부담을방지하여양국간의경제교류를활성화하고 조세회피목적의 거래에대해서는협약에따른혜택을부여하지않도록함으로써탈세 및조세회피를예방하려는것임.,가.이협약의적용대상인소득에대한조세는총소득또는소득항목에 부과되는모든조세를의미함(안제2조). 나.이협약이적용되는소득은부동산소득 사업이윤 국제해운및항 공운송이윤 배당 이자 사용료 양도소득 근로소득등과그밖의 소득으로하고 대상소득별과세원칙은다음과같이함(안제6조부 - 2- 터제20조까지). 1)한쪽체약국의거주자가다른쪽체약국에소재하는부동산에서얻 는소득은부동산소재지국에서과세할수있음(안제6조). 2)한쪽체약국의기업의이윤은 그기업이다른쪽체약국에소재하 는고정사업장을통하여그다른쪽체약당사국에서사업을수행하 는경우를제외하고는 그한쪽체약국에서만과세함(안제7조). 3)국제운수에서선박또는항공기의운항으로부터발생하는한쪽체 약국의기업의이윤은그한쪽체약국에서만과세함(안제8조). 4)배당 이자및사용료는그수익적소유자의거주지국에서과세할 수있으며 소득이발생하는체약국에서는제한세율에따라과세할 수있음(안제10조부터제12조까지). 5)부동산양도소득은부동산소재지국에서과세할수있음(안제13조). 다.한쪽체약국의국민은다른쪽체약국에서동일한상황에있는그다 른쪽체약국의국민보다불리한과세를부담하지않음(안제22조). 라.양체약국의권한있는당국은이협약의규정의이행과관련이있거 나양체약국의조세에관한국내법의시행또는집행과관련이있는 것으로예상되는정보를교환함(안제24조).
FF9F22AB-9D5E-DD0B-7114-B7CA6666B7CD.pdf,3227,이협정의체결을통하여대한민국과모로코왕국의사회보장제도를 동시에적용받는사람에대하여사회보장보험료의이중납부를방지하고  급여수급자격을결정할때한쪽당사국에서가입한기간을다른쪽 당사국에서도인정하도록함으로써우리국민의연금수급권을강화하고 인력교류활성화에기여하려는것임.,가.이협정은우리나라의국민연금에관한법령과모로코왕국의기본 연금제도에관련된법령에적용됨(안제2조). 나.한쪽체약당사자의영역에서고용되어다른쪽체약당사자의영역에 파견되는사람에대해서는처음36개월동안은그한쪽체약당사자의 법령만이계속해서적용됨(안제7조). 다.각체약당사자의실무기관은급여수급자격을결정할때가입기간이 -2- 중복되지않을것을조건으로다른쪽체약당사자의법령에따른 가입기간을고려함(안제11조). 라.한쪽체약당사자의권한있는실무기관에정해진기간내에제출되어야 하는모든청구서 신고서또는이의신청서가다른쪽체약당사자의 권한있는실무기관에동일기간내에대신제출된경우그한쪽체약 당사자의권한있는실무기관에기간내에제출된것으로간주함 (안제21조).
DA984DA5-18AA-CB0D-2957-95486A652F9A.pdf,8169,이협정의비준을통하여공해등국가관할권이원지역의해양유전자원 (海洋遺傳資源)채집ㆍ관리에대한정보공유를의무화하고 국가관할권 이원지역의활동에대하여환경영향평가를수행하도록하는등해양생물 다양성보전및지속가능한이용을위한공동대응체계를마련함으로써  해양생태계약화등국가관할권이원지역에서발생하는환경문제에 대응하는국제사회의노력에동참하려는것임.,가.공해상해양유전자원등의채집·관리에대한정보와해양유전자원등을 이용하여발생하는이익공유를의무화함(안제9조부터제15조까지). 1)동이익공유적용범위및공해상해양유전자원현지내채집활동에 대한정보통보절차를규정하고 협정발효전채집·생성된해양 유전자원등이용에대해서는협정이적용되지않도록예외를둘 수있게함(안제10조부터제12조까지). 2)공해상해양유전자원등관련활동으로발생한금전적·비금전적 이익의공정하고공평한공유의무와동이익공유방식등을규정함 (안제14조부터제15조까지). 나.해양보호구역을포함한구역기반관리수단의적용구역 설정방식  이행등에대해규정함(안제17조부터제26조까지). 1)구역기반관리수단은당사자에의해제안되고 이해관계자와의협의 및과학기술기구의평가·권고후당사자총회의심의를거쳐채택됨 (안제19조부터제21조까지). 2)구역기반관리수단설정이협정및당사자권리와불합치하거나부당 하게차별적인경우이의제기당사자는동결정에대한적용제외를 선언하고동일한효과를갖는대체조치를채택할수있음(안제23조). 다.공해상활동으로인해실질적오염또는중대하고해로운변화를초래 할수있는경우 환경영향평가를실시함(안제27조부터제30조까지). 라.개발도상국역량강화를위해역량구축및해양기술이전의무 조건 및방식을규정하고 관련위원회를설립함(안제40조부터제46조까지). 비준시예외사항 대한민국정부는이협정에비준하면서별지와같이예외를선언함.
