의안번호,제안이유,주요내용
14437  7.,국회는 1991년부터의원의자격심사·징계에관한사항을심사하기위 - - 하여윤리특별위원회를구성·운영하여왔음. 그러나최근윤리특별위원회가상설로구성되어있음에도제대로활동하지않아인력·예산등불필요한낭비가발생한다는비판이제기되고있음.  이에윤리특별위원회를비상설특별위원회로새로이구성하여기존윤리특별위원회가담당하던의원의자격심사·징계등을담당하도록함으로써운영의현실성과효율성을제고하려고함.  또한윤리심사의활성화및심사의전문성과공정성제고등을위한제도적인개선방안을함께논의함으로써향후윤리특별위원회가내실있게운영될수있는토대를마련하는것이필요함.  이에 「국회법」제44조및제46조에따라 「윤리특별위원회」를구성하려는것임.  다만국회법이개정되기전윤리특별위원회가구성될경우기존윤리특별위원회와중복될우려가있으므로윤리특별위원회의활동시작시기를제362회국회(임시회) 제2차본회의에서의결된국회법일부개정법률의시행일로명시함.,
7794  7.,북한은지금까지 5차례의핵실험잠수함발사탄도미사일(SLBM)‧무수단미사일등각종미사일발사무인기정찰등을통해한반도안정및국제평화를해치는심각한도발을끊임없이자행하여왔음.  대한민국과국제사회는이에대한우려를북한에계속표시하고경고한바있으나북한정권은이에아랑곳하지않고대한민국의현정권들어서만벌써 6번째미사일도발을자행하는등김정은체제유지를위한광포한몸부림을치고있는실정임.  북한은한․미정상회담이끝난지나흘만인 2017년 7월 4일미사일을발사하고이에대해대륙간탄도미사일(ICBM) ‘화성14형’의시험발사에성공했다고주장하고있으며실제로도이는 ICBM급수준으로평가되고있는바북한의한반도및세계평화에대한위협수준은한층더가중되고있고국제사회의우려또한더욱커지고있음.  이에대한민국국회는우리정부와국제사회의거듭된경고와일련의 UN 안전보장이사회결의를지속적으로무시하면서감행하고있는북한김정은정권의도발행태를규탄하고대한민국정부가북한의핵‧미사일등의대량살상무기위협을억제하고효과적으로대응할수있는대비태세를조속히완비할것을촉구하며대한민국정부가북한의계속되는군사적도발행위를억제할수있는실효적이고강력한추가적인제재방안을마련하여시행할것을주문하려는것임.  -,
15313 제안이유,,가. UAE에파견된국군부대파견기간을 2019년 1월 1일부터 2019년 12월 31일까지 1년간연장함.
1207  7.,,(전문및본문 16개조로구성) 가. 대한민국은유럽연합의초청에따라 EU 위기관리활동에참여할수있으며이러한참여는언제든지철회될수있음(협정제1조).
,,은다음과같습니다.  구분종전개정기여율(공무원) 및부담률(정부) 인상기준소득월액의 7% 연금지급률인하재직기간 1년당 1.9% 소득재분배도입없음기준소득월액의 9% (단계적인상) * ʼ16년8% → ʼ17년8.25% → ʼ18년8.5% → ʼ19년8.75%→ ʼ20년9% 재직기간 1년당 1.7% (단계적인하) * ʼ16년1.878% → ʼ20년1.79% → ʼ25년1.74% → ʼ30년1.72% → ʼ35년1.7% 지급률 1.7% 중 1.0% (국민연금상당분)에재분배요소도입소득상한강화 1.8배 (전체공무원평균기준소득월액대비) 1.6배로하향조정연금수급요건조정 20년 10년재직기간상한연장 33년 36년 (재직 21년미만부터단계적연장) 연급지급개시연령연장 ʼ09년이전임용자 60세 ʼ10년이후임용자 65세모든공무원 65세로단계적연장 * ʼ22년61세 → ʼ24년62세 → ʼ27년63세 → ʼ30년64세 → ʼ33년65세유족연금지급률인하 ʼ09년이전임용자 70% ʼ10년이후임용자 60% 모든공무원 60% 적용 * 개정이후유족연금사유발생자부터연금액한시동결물가인상률연동조정 5년간동결 (ʼ16 ~ ʼ20년) 공무원･군인･사학에재임용시연금전액정지선거직공무원과정부전액출자･출연기관재취업고소득자도연금전액정지연금정지제도강화근로자평균임금월액기준으로연금정지액결정 (ʼ14년 338만원) 연금수급자평균연금월액기준으로연금정지액결정(ʼ14년 224만원) 부동산임대소득은정지대상소득에서제외부동산임대소득도정지대상소득에포함분할연금제도도입없음비공무상장해연금도입없음혼인기간 5년이상자이혼시해당기간 1/2 분할지급 (당사자간협의및재판결과우선적용) 비공무상장애로퇴직시지급 (공무상장해연금액의 1/2 수준) - □ 기금역할 ㅇ 공무원연금법제73조에근거하여연금급여를충당하기위한책임준비금의유지･관리를위해공무원연금기금을설치･운용하고있습니다.  - 공무원연금법제69조의2에의하여국가및지방자치단체는연금재정의안정을위하여예산의범위안에서책임준비금을연금기금에적립하게되었으며  - 2009년연금개혁으로신설된공무원연금법제69조제8항에따라기금의수익금으로정부가부담할보전금을충당할수있게됨으로써연금재정에대한기금의역할이더욱분명하게되었습니다.  ㅇ 공무원연금재정안정을위해책임준비금을적립하도록규정하고있으나매년보전금을충당하는상황에서실효성이없는조항에해당합니다. - 적립방식을유지하려면일정규모의추가기금적립이필요한데현재의정부여건상보전금외추가적인예산지원은곤란한상황이며  - 필요할경우기금수익의일부를보전금재원으로사용할수있도록하는규정은있지만  1년분연금액에도미치지못하는수준의기금을사용하기는어려운상태입니다.  - 장기적으로기금증식속도보다급여증가속도가빨라기금을급여재원으로일절사용하지않고증식만시켜도기금적립률(연금기금/연간연금지출액)이오히려하락할것으로전망됩니다.  ㅇ 세대간공조에기반을둔재정운영특성상기금은유동성위기방지를위한지불준비금으로 1~2년분연금지출액수준으로유지하는것이현실적입니다. - 공무원연금기금은사전적립을통한책임준비금이기보다는유동성위험과비상위험방지및복지투자의재원성격으로이해해야할필요성이있습니다.  - 1.2 인원과재정현황 □ 인원현황재직자연금수급자구분퇴직연금수급자유족연금수급자 <인원현황> (단위: 명  2017년 12월말기준) 인원 1 120 458 476 184 419 968 56 216 <인원과지표의과거추이> 연도재직자퇴직자퇴직연금수급자(A) 유족연금수급자(B) 연금수급자 (A+B) 퇴직률연금선택률부양률 (단위: 명  2017년 12월말기준) 1982 1984 1986 1988 1990 1992 1994 1996 1998 2000 2001 2002 2003 2004 2005 667 554 38 844 682 281 34 768 716 629 24 651 767 123 27 129 843 262 27 866 922 098 32 924 948 151 36 875 971 303 33 777 952 154 54 900 3 556 6 940 10 435 17 186 23 844 31 797 44 146 58 248 81 991 909 155 64 345 140 387 913 192 29 509 148 884 930 835 23 095 155 863 947 616 24 899 165 483 964 593 27 384 176 799 986 339 34 762 196 820 2006 1 009 145 30 021 212 560 2007 1 021 771 30 909 229 157 2008 1 030 256 36 934 250 476 2009 1 047 897 24 280 260 910 2010 1 052 407 30 035 276 188 2011 1 057 958 27 053 287 980 2012 1 064 472 35 408 306 582 2013 1 072 610 29 364 321 098 2014 1 081 147 44 010 346 781 2015 1 093 038 40 340 373 529 2016 1 107 972 38 398 396 743 2017 1 120 458 37 059 419 968 3 696 7 165 10 811 17 923 25 121 34 000 47 622 63 203 88 723 149 673 159 833 168 506 180 126 193 553 215 745 233 737 252 832 276 829 289 996 308 233 323 278 345 144 363 017 392 101 422 396 449 153 476 184 5.8% 5.1% 3.4% 3.5% 3.3% 3.6% 3.9% 3.5% 5.8% 7.1% 3.2% 2.5% 2.6% 2.8% 3.5% 3.0% 3.0% 3.6% 2.3% 2.9% 2.6% 3.3% 2.7% 4.1% 3.7% 3.5% 3.3% 32.6% 29.1% 30.4% 38.2% 49.9% 48.3% 54.8% 51.4% 46.7% 78.2% 79.7% 84.0% 87.9% 91.0% 94.6% 92.8% 93.5% 93.9% 91.5% 93.4% 92.4% 93.7% 93.6% 95.5% 95.6% 95.5% 95.9% 0.6% 1.1% 1.5% 2.3% 3.0% 3.7% 5.0% 6.5% 9.3% 16.5% 17.5% 18.1% 19.0% 20.1% 21.9% 23.2% 24.7% 26.9% 27.7% 29.3% 30.6% 32.4% 33.8% 36.3% 38.6% 40.5% 42.5% 140 225 376 737 1 277 2 203 3 476 4 955 6 732 9 286 10 949 12 643 14 643 16 754 18 925 21 177 23 675 26 353 29 086 32 045 35 298 38 562 41 919 45 320 48 867 52 410 56 □ 재정현황 <공무원연금의재정수지현황> (단위: 억원  2017년 12월말기준) 구분 ʼ06 ʼ07 ʼ08 ʼ09 ʼ10 ʼ11 ʼ12 ʼ13 ʼ14 ʼ15 ʼ16 ʼ17 수입(Ⅰ) 44 076 45 862 48 605 48 439 59 828 65 813 71 990 74 854 77 148 83 562 97 712 105 559 ◦ 기여금･부담금 43 651 45 258 47 872 47 854 59 075 65 311 71 472 74 302 76 601 81 664 96 392 103 823 ◦ 연금이체부담금등 425 604 733 585 753 502 518 552 547 1 898 1 320 1 736 지출(Ⅱ) 50 553 55 754 62 899 67 467 72 899 79 390 88 949 94 836 102 696 114 290 120 901 128 379 ◦ 퇴직연금 45 580 50 688 57 307 63 414 68 644 75 303 83 036 90 669 98 179 110 067 117 410 124 920 ◦ 퇴직일시금등 4 973 5 066 5 592 4 053 4 255 4 087 5 913 4 167 4 517 4 223 3 491 3 459 보전금(ⅡⅠ) 6 477 9 892 14 294 19 028 13 071 13 577 16 959 19 982 25 548 30 728 23 189 22 820 * 국가부담의퇴직수당과재해보상급여제외 * 보전금 : 매년연금수지부족액에대한정부추가부담금 <공무원연금의보전금추이> - 1.3 급여구성과내용 □ 공무원연금의급여구성과내용 <공무원연금의급여종류> 퇴직연금퇴직연금일시금퇴직급여장해급여장기급여퇴직연금공제일시금소득보장퇴직일시금장해연금장해보상금유족연금유족연금부가금재해보상유족급여유족연금특별부가금유족연금일시금유족일시금순직유족보상금위험직무순직유족연금위험직무순직유족보상금퇴직수당퇴직수당근로보상단기급여공무상요양비재해부조금사망조위금부조 : 연금충당부채산정대상 - 1.4 비용부담방식과재정운영방식 □ 공무원연금비용부담방식1) ㅇ 공무원연금제도의비용부담은급여의성격에따라정부･공무원이공동부담(기여제방식)하거나정부가전액비용부담하는방식(비기여제방식)으로재원이조달됩니다.  ㅇ 연금충당부채산정대상이되는퇴직급여와유족급여에소요되는비용은공무원기여금정부부담금과보전금으로조달됩니다.  - 2000년개정으로기여금과부담금을초과해서발생하는연금수지부족분에대해서국가와지방자치단체가추가로부담(보전금)하게되어있으며  - 2018년현재공무원기여율은기준소득월액대비 8.5%(총 17%)며  2020년까지 9.0%(총 18%)로단계적조정됩니다.  ㅇ 사용자책임급여인재해보상급여위험직무순직유족급여및퇴직수당과부조성격의급여인재해부조금및사망조위금에드는비용은국가나지방자치단체가매년전액부담하고있습니다.  □ 공무원연금재정운영방식2) ㅇ 공무원연금제도의재정방식은적립방식을기초로설계되었습니다.  - 즉급여지출비용의예상액과기여금･부담금및그예정운용수익금의합계액이장기적으로균형이되도록제도초기부터공무원연금기금을조성해왔습니다.  ㅇ 도입당시기여율은 2.3%(총 4.6%)에서출발하여 1970년부터 20년간 5.5% (총 11.0%) 수준을유지하다가제도성숙단계에서급속한고령화등인구환경의변화에따라점차로재정불균형상태가가시화되기시작하였습니다.  ㅇ 1993년최초로연금수지상적자발생이후 IMF 외환위기시공무원대량퇴직으로적립기금이상당부분소진되는경험을하였으며  2001년부터는급여부족분에대해국가또는지방자치단체가보전하도록함으로써사실상공무원연금의재정방식이부과방식형태로전환하였습니다.
24883  4.,사이버성범죄로인한피해가날로증가하고있는상황에서최근텔레그램을이용한성착취사건으로인해국민적관심사가매우고조된상황임. 국회국민동의청원홈페이지에서도 ‘텔레그램 n번방사건을비롯한사이버성범죄의처벌법제정에관한청원’이 10만명의동의를얻어현재국회에계류되어있음.  이에카메라등이용촬영죄등성폭력범죄의법정형을상향하고불법성적촬영물의소지·구입·저장·시청에대한처벌규정을신설하는등관련규정을정비함으로써사이버성범죄로인한피해발생을미연에방지하여국민의성적자기결정권등기본권을보호하고범죄로부터안전한사회조성에기여하려는것임.,가. 특수강도강간등특수강간등  13세미만에대한강제추행및공중밀집장소에서의추행의죄의법정형을상향함(안제3조제1 항제4조제1항·제2항제7조제3항및제11조).
17819 동의연월일 : 2018. 12. 27.,4차산업혁명촉진을위한선제적제도정비와 4차산업혁명의기반이되는원천기술개발지원및유관분야정책조정등에관한사항을논의하기위하여 2018년 7월 「4차산업혁명특별위원회」를구성하여 2018년 12월 31일까지활동하는것으로하였으나미래산업구조개편에선제적으로대비할필요가있고  4차산업혁명이야기할산업구조개편은그폭과영향이광범위하여국회의어느한상임위원회만으로담당할수없어특별위원회형태로계속논의될필요성이있으므로그활동기간을 2019년 6월 30일까지로연장하려는것임.  -,
14552  7.,최근남북정상회담을통하여남북관계의획기적발전군사적긴장완 - - 화및완전한비핵화항구적인한반도평화체제구축등이합의되었으므로이를실현하기위한방안으로남북간의상호이해와공동이익증진에바탕을둔남북경제협력체제구축방안이논의될필요있음.  이에완전한비핵화를바탕으로지속가능한남북경제협력과상생경제공동체실현방안등을논의하고필요시관련상임위논의를통해입법심사권을부여를결정하기위하여국회내에 「남북경제협력특별위원회」를구성하려는것임.,
235 제안이유  6. 14.,,(전문본문 31개조및의정서로구성) 가. 이협정이적용되는조세를우리나라의경우에는소득세법인세및농어촌특별세로하고인도의경우에는소득세와이에대한모든부가세로함(협정제2조).  - - 나. 이협정이적용되는소득은부동산소득사업이윤해운및항공운수소득배당이자사용료및기술용역에대한수수료등으로하고대상소득별과세원칙은다음과같이함(협정제6조부터제22조까지).
2644  10.,중국어선들의불법조업과이에대한단속및나포과정에서의집단적인저항·폭력이날이갈수록심각해지고있고  2011년이후불법조업으로적발된중국어선이연평균 400～500척에달하고있음.  지난 2008년 9월과 2011년 12월에는불법조업을단속하던해경대원들이중국선원이휘두른둔기에맞아순직하는등단속공무원이중국어선의불법조업단속중사망하거나부상을입는사례가증가하고있으며급기야지난 2016년 10월 7일에는해양경비안전본부고속단정이중국어선의충격으로침몰하는사건이발생하는등대한민국의해상공권력이크게위협받고있는상황임.  그럼에도중국정부는오히려우리해경의단속행위가월권이라고주장하는가하면중국어선의불법조업과폭력에대해필요한경우공용화기사용이나선체충격도불사하겠다는우리정부의방침에반발하고있음.  이에대한민국국회는중국정부가우리정부의수사에적극적으로협조하는한편중국어선의불법조업을근절할수있는근본적인대책을마련할것을촉구하며대한민국정부도우리어업인들의어업권보장을위하여중국어선의불법조업을근절할수있는실질적인대책을마련하고해경의인력과장비를확충하며불법조업및폭력행위에적극적으로단호하게대응하여해양영토주권을강화·수호하도록촉구하는것임.  -,
2040 제안이유  9. 1.,,(전문및본문 29개조로구성) 가. 이협정은산업화전수준대비지구평균기온상승을섭씨 2도보다현저히낮은수준으로유지하고산업화전수준대비지구평균기온상승을섭씨 1.5도로제한하기위한노력을포함하여기후변화의위협에대한전지구적대응을강화하는것을목표로함(협정제2조).
15970 제안이유  10. 12.,,가. 대한민국과미합중국간의자유무역협정을개정하는대한민국정부와미합중국정부간의의정서 (1) 협정상미합중국관세양허표개정을통하여화물자동차일부품목에대한미측의기준관세율을협정이행 29년차까지유지하고이행 30년차 1월 1일부터무관세가되도록함(안제1항및제2 항).  (2) 협정제10장(무역구제) 개정을통하여반덤핑․상계관세조사대면검증의상세절차관련규정및덤핑율․상계가능보조금지급비율계산방식관련규정을신규도입함(안제3항).  (3) 협정제11장(투자) 개정을통하여투자자와국가간분쟁해결제도남소제한요소및정부의정당한정책권한보호요소를반영함 (안제4항).
24958  5.,헌법상기본원리인법치주의실현을위해서는법률이알기쉽고분명한용어로표현되어있어서일반국민이라면누구나그내용을쉽게이해하고법을잘지킬수있어야함. 그러나현행법률에서는어려운한자어나일본식표현을사용하는경우가많아국민의일상언어생활과거리가있다는지적을받고있음.  입법권에대한권한과책임을부여받은국회는한문이나한자어가친근하지않은세대가증가하고있는사회변화에맞추어법률용어와문장을한글화하고이해하기쉽게표현하도록노력할필요가있음.  이를위해어려운한자어축약된한자어부자연스러운일본식용 - - 어등을한글화하거나보다쉬운표현으로개정함으로써법률에대한국민의이해정도와접근가능성을확장시키고국회에대한국민의신뢰를높이는데에기여하고자함.,가. 법률용어의정비는간단한의미의비전문적인용어를중심으로법제적및국어학적측면을고려하여개정하는방식으로하되  ‘기타 → 그밖의’  ‘～규정에의한 → ～에따른’ 등과같은관용적인순화표현을함께개정함.
21862 주문  8.,북한은 2006년부터 2017년까지 6차례에걸친핵실험과다수의미사일발사를통하여핵과미사일전력을고도화하고있으며최근에도연이어단거리탄도미사일을발사하는등핵·미사일전력강화를위한시도를중단하지아니하고있음.  이는북한의비핵화를위한우리정부와국제사회의지속적인경고에반하는것이며한반도평화와번영을위한남북간의노력에도배치되는행위로서많은우려를불러일으키고있음.  이에한반도를비롯한국제사회의평화와안정을위협하는북한의도발적행위를규탄하고그중단을촉구하며북한의비핵화를평화적으로달성하기위한효과적이고실질적인노력을이행할것을촉구하려는것임.  -,
,,은다음과같음.  구분종전개정기여율(공무원) 및부담률(정부) 인상기준소득월액의 7% 연금지급률인하재직기간 1년당 1.9% 소득재분배도입없음소득상한강화 1.8배 (전체공무원평균기준소득월액대비) 20년 33년 ’09년이전임용자 60세 ’10년이후임용자 65세 ’09년이전임용자 70% ’10년이후임용자 60% 기준소득월액의 9% (단계적인상) * ’16년8% → ’17년8.25% → ’18년8.5% → ’19년8.75%→ ’20년9% 재직기간 1년당 1.7% (단계적인하) * ’16년1.878% → ’20년1.79% → ’25년1.74% → ’30년1.72% → ’35년1.7% 지급률 1.7% 중 1.0% (국민연금상당분)에재분배요소도입 1.6배로하향조정 10년 36년 (재직 21년미만부터단계적연장) 모든공무원 65세로단계적연장 * ’22년61세 → ’24년62세 → ’27년63세 → ’30년64세 → ’33년65세모든공무원 60% 적용 * 개정이후유족연금사유발생자부터물가인상률연동조정 5년간동결 (’16 ~ ’20년) 공무원·군인·사학에재임용시연금전액정지근로자평균임금월액기준으로연금정지액결정 (‘14년 338만원) 부동산임대소득은정지대상소득에서제외없음없음선거직공무원과정부전액출자·출연기관재취업고소득자도연금전액정지연금수급자평균연금월액기준으로연금정지액결정(‘14년 224만원) 부동산임대소득도정지대상소득에포함혼인기간 5년이상자이혼시해당기간 1/2 분할지급 (당사자간협의및재판결과우선적용) 비공무상장애로퇴직시지급 (공무상장해연금액의 1/2 수준) - 연금수급요건조정재직기간상한연장연급지급개시연령연장유족연금지급률인하연금액한시동결연금정지제도강화분할연금제도도입비공무상장해연금도입 □ 기금역할 ◦ 공무원연금법제73조에근거하여연금급여를충당하기위한책임준비금의유지․ 관리를위해공무원연금기금을설치․운용하고있으며  - 공무원연금법제69조의2에의하여국가및지방자치단체는연금재정의안정을위하여예산의범위안에서책임준비금을연금기금에적립하게되어있음.  - 2009년연금개혁으로신설된공무원연금법제69조제8항에따라기금의수익금으로정부가부담할보전금을충당할수있게됨으로써연금재정에대한기금의역할이더욱분명하게되었음.  ◦ 공무원연금재정안정을위해책임준비금을적립하도록규정하고있으나매년보전금을충당하는상황에서실효성이없는조항에해당함.  - 적립방식을유지하려면일정규모의추가기금적립이필요한데현재의정부여건상보전금외추가적인예산지원은곤란한상황이며  - 필요할경우기금수익의일부를보전금재원으로사용할수있도록하는규정은있지만  1년분연금액에도미치지못하는수준의기금을사용하기는어려운상태임.  - 장기적으로기금증식속도보다급여증가속도가빨라기금을급여재원으로일절사용하지않고증식만시켜도기금적립률(연금기금/연간연금지출액)이오히려하락할것으로전망됨.  ◦ 세대간공조에기반을둔재정운영특성상기금은유동성위기방지를위한지불준비금으로 1~2년분연금지출액수준으로유지하는것이현실적임.  - 공무원연금기금은사전적립을통한책임준비금이기보다는유동성위험과비상위험방지및복지투자의재원성격으로이해해야할필요성이있음.  - 1.2 인원과재정현황 □ 인원현황재직자연금수급자구분퇴직연금수급자유족연금수급자 <인원현황> (단위 : 명  2015년 12월말기준) 인원 1 093 038 422 396 373 529 48 867 <인원과지표의과거추이> (단위 : 명  2015년 12월말기준) 연도재직자퇴직자퇴직연금수급자(A) 유족연금수급자(B) 연금수급자 (A+B) 퇴직률연금선택률부양률 1982 1984 1986 1988 1990 1992 1994 1996 1998 2000 2001 2002 2003 2004 2005 667 554 38 844 682 281 34 768 716 629 24 651 767 123 27 129 843 262 27 866 922 098 32 924 948 151 36 875 971 303 33 777 952 154 54 900 3 556 6 940 10 435 17 186 23 844 31 797 44 146 58 248 81 991 909 155 64 345 140 387 913 192 29 509 148 884 930 835 23 095 155 863 947 616 24 899 165 483 964 593 27 384 176 799 986 339 34 762 196 820 2006 1 009 145 30 021 212 560 2007 1 021 771 30 909 229 157 2008 1 030 256 36 934 250 476 2009 1 047 897 24 280 260 910 2010 1 052 407 30 035 276 188 2011 1 057 958 27 053 287 980 2012 1 064 472 35 408 306 582 2013 1 072 610 29 364 321 098 2014 1 081 147 44 010 346 781 2015 1 093 038 40 340 373 529 140 225 376 737 1 277 2 203 3 476 4 955 6 732 9 286 10 949 12 643 14 643 16 754 18 925 21 177 23 675 26 353 29 086 32 045 35 298 38 562 41 919 45 320 48 867 3 696 7 165 10 811 17 923 25 121 34 000 47 622 63 203 88 723 149 673 159 833 168 506 180 126 193 553 215 745 233 737 252 832 276 829 289 996 308 233 323 278 345 144 363 017 392 101 422 396 5.8% 5.1% 3.4% 3.5% 3.3% 3.6% 3.9% 3.5% 5.8% 7.1% 3.2% 2.5% 2.6% 2.8% 3.5% 3.0% 3.0% 3.6% 2.3% 2.9% 2.6% 3.3% 2.7% 4.1% 3.7% 32.6% 29.1% 30.4% 38.2% 49.9% 48.3% 54.8% 51.4% 46.7% 78.2% 79.7% 84.0% 87.9% 91.0% 94.6% 92.8% 93.5% 93.9% 91.5% 93.4% 92.4% 93.7% 93.6% 95.5% 95.6% 0.6% 1.1% 1.5% 2.3% 3.0% 3.7% 5.0% 6.5% 9.3% 16.5% 17.5% 18.1% 19.0% 20.1% 21.9% 23.2% 24.7% 26.9% 27.7% 29.3% 30.6% 32.4% 33.8% 36.3% 38.6% - □ 재정현황 <공무원연금의재정수지현황> (단위 : 억원  2015년 12월말기준) 구분 ʼ05 ʼ06 ʼ07 ʼ08 ʼ09 ʼ10 ʼ11 ʼ12 ʼ13 ʼ14 ʼ15 수입(Ⅰ) 40 935 44 076 45 862 48 605 48 439 59 828 65 813 71 990 74 854 77 148 83 562 ◦ 기여금․부담금 40 557 43 651 45 258 47 872 47 854 59 075 65 311 71 472 74 302 76 601 81 664 ◦ 연금이체부담금등 378 425 604 733 585 753 502 518 552 547 1 898 지출(Ⅱ) 47 031 50 553 55 754 62 899 67 467 72 899 79 390 88 949 94 836 102 696 114 290 ◦ 퇴직연금 41 545 45 580 50 688 57 307 63 414 68 644 75 303 83 036 90 669 98 179 110 067 ◦ 퇴직일시금등 5 486 4 973 5 066 5 592 4 053 4 255 4 087 5 913 4 167 4 517 4 223 보전금(ⅡⅠ) 6 096 6 477 9 892 14 294 19 028 13 071 13 577 16 959 19 982 25 548 30 728 * 국가부담의퇴직수당과재해보상급여제외 * 보전금 : 매년연금수지부족액에대한정부추가부담금 <공무원연금의보전금추이> - 1.3 급여구성과내용 □ 공무원연금의급여구성과내용 <공무원연금의급여종류> 퇴직급여장해급여장기급여퇴직연금퇴직연금일시금퇴직연금공제일시금소득보장퇴직일시금장해연금장해보상금유족연금유족연금부가금재해보상유족급여유족연금특별부가금유족연금일시금유족일시금순직유족보상금위험직무순직유족연금위험직무순직유족보상금퇴직수당퇴직수당근로보상단기급여공무상요양비재해부조금사망조위금부조 : 연금충당부채산정대상급여의세부내용은공무원연금법참조 - 1.4 비용부담방식과재정운영방식 □ 공무원연금비용부담방식3) ◦ 공무원연금제도의비용부담은급여의성격에따라정부․공무원이공동부담 (기여제방식)하거나정부가전액비용부담하는방식(비기여제방식)으로재원이조달됨.  ◦ 연금충당부채산정대상이되는퇴직급여와유족급여에소요되는비용은공무원기여금정부부담금과보전금으로조달됨.  - 2000년개정으로기여금과부담금을초과해서발생하는연금수지부족분에대해서국가와지방자치단체가추가로부담(보전금)하게되어있으며  - 2016년현재공무원기여율은기준소득월액대비 8.0%(총 16%)이며  2020년까지 9.0%(총 18%)로단계적조정됨.  ◦ 사용자책임급여인재해보상급여위험직무순직유족급여및퇴직수당과부조성격의급여인재해부조금및사망조위금에드는비용은국가나지방자치단체가매년전액부담하고있음.  □ 공무원연금재정운영방식4) ◦ 공무원연금제도의재정방식은적립방식을기초로설계되었음.  - 즉급여지출비용의예상액과기여금ㆍ부담금및그예정운용수익금의합계액이장기적으로균형이되도록제도초기부터공무원연금기금을조성해왔음.  ◦ 도입당시기여율은 2.3%(총 4.6%)에서출발하여 1970년부터 20년간 5.5%(총 11.0%) 수준을유지하다가제도성숙단계에서급속한고령화등인구환경의변화에따라점차로재정불균형상태가가시화되기시작하였음.  ◦ 1993년최초로연금수지상적자발생이후 IMF 외환위기시공무원대량퇴직으로적립기금이상당부분소진되는경험을하였으며  2001년부터는급여부족분에대해국가또는지방자치단체가보전하도록함으로써사실상공무원연금의재정방식이부과방식형태로전환하였음.
11803 주문동의연월일 : 2018.,서울올림픽이후 30년만에개최되는 ‘2018평창동계올림픽대회및동계패럴림픽대회’는 IT  한류문화자연환경관광등우리나라의역량을전세계에보여주고국격을높이는중요한계기가될것임.  ‘2018평창동계올림픽대회및동계패럴림픽대회’는평화와화합이라는올림픽정신을추구함은물론세계인의이목이집중되는국제적스포츠대제전으로대한민국의국력과문화적우수성을세계에알릴수있는기회가될것임.  대한민국의새로운도약의계기가될 ‘2018평창동계올림픽대회및동계패럴림픽대회’가이념적·정치적분열과대립을넘어명실상부한세계평화대전으로서국민적화합과대통합속에서대한민국의국격을높이고성장의경쟁력을확보하는절호의기회가될수있도록정치적갈등을야기하는정쟁적행위는중단되어야할것임.  이에대한민국국회에서는 「2018 평창동계올림픽대회및동계패럴림픽대회지원등에관한특별법」을제정하고필요예산을지원했으며  「평창동계올림픽및국제경기대회지원특별위원회」를구성하여올림픽대회성공적개최를위하여관심과지원을아끼지않았음.  - - 더욱이전세계유일의분단국에서치러지는 ‘2018평창동계올림픽대회및동계패럴림픽대회’가남북단일팀구성및공동입장북한응원단파견남북공동문화행사등으로어느때보다한반도및동북아의긴장완화가능성이높아졌으며이는스포츠를통한세계평화증진및인류의화합이라는올림픽정신에부합한다고할것임.  이에 ‘2018평창동계올림픽및동계패럴림픽대회’의성공적개최를위하여대한민국정부와공공기관자치단체는물론북한당국에도적극참여와협조를촉구하고자하는것임.,
9099 제안이유  9. 5.,,가. UAE에파견된국군부대파견기간을 2018년 1월 1일부터 2018년 12월 31일까지 1년간연장함.
10097  11.,최근미세먼지(PM10)와초미세먼지(PM2.5)의오염도가환경기준을초과하는사례가일상화되고있음. 또한경제협력개발기구(OECD)가발표한 ‘국제대기질평가보고서’에따르면한국의대기질은 180개국가중 173위수준이며대기오염으로인한조기사망률이 2010년 100만명당 359명에서 2060년에는 1 109명으로 3배가늘어날것으로전망하고있는등미세먼지로인해국민의건강과생명에심각한피해를줄 - - 수있다는우려가심각하게제기되고있음.  이와관련해정부차원에서 2017년 9월 26일오염도높은 ‘우심지역’ 중점관리저감대책추진국제협력인체위해성관리미세먼지대응역량제고등을주내용으로하는미세먼지종합대책을발표하였으나일각에서는정책들간우선순위가불분명하며실효성제고를위한이해관계자들간의사회적합의가필요하다는등의지적이나오고있음.  이에따라미세먼지발생저감및건강피해예방에대한정부대책을통합적으로점검하고국회차원의다양한지원방안을논의하기위하여 「국회법」 제44조에따라국회내에 「미세먼지대책특별위원회」를구성하려는것임.,
17847  12. 28.,,가. 인도대상범죄는인도가청구된시점에양당사국의법에따라최소 1년이상의자유형이나그이상의중형으로처벌할수있는범죄로함(안제3조).
881  7. 14.,,(전문및본문 23개조로구성) 가. 양당사국은관계인으로부터증거또는진술의취득정보․서류․ 기록및증거물의제공수색및압수요청의이행등형사문제에서상호공조를제공함(조약제1조).
24982,개인형이동장치로전기모터를기반으로한전동킥보드등의이용자가증가하는데비해이에대한운행규정이미비한상황이므로이를보완․개선하여사회적․기술적변화를법률에반영하고초과속운전의경우타운전자에게위협이될뿐만아니라사고발생시심각한인명피해를야기할수있으므로처벌을강화하여도로에서의안전을확보하며긴급자동차․소방차의경우에도경찰용긴급자동차와마찬가지로필요한경우고속도로등에서주․정차할수있도록근거를마련하여국민의생명․신체및재산을보호하고자하는것임.,가. 원동기장치자전거중개인형이동장치를새롭게정의하고자전거도로를통행할수있도록하는등새로운교통수단을현행교통체계에적절하게편입하여교통안전을확보하고자함(안제2 조제8호및제9호등).
694  7.,우리나라는급속한저출산ㆍ고령화가진행됨에따라 2000년 ‘고령화사회’(총인구에대한 65세이상인구의비율 7% 이상)에진입하였고  2018년은 ‘고령사회’(위비율 14% 이상)  2026년은 ‘초고령사회’(위비율 20% 이상)에진입할것으로전망되고있음.  또한한국의 20～40대 55.6%가 ‘결혼을해도좋고안해도좋다’고인식(중앙일보ㆍ닛케이  20～40대각각 1 000명  1 158명공동조사: 2016. 05) - - 하고있는등세계최저수준의출산율(1.24명통계청: 2015년)과가장빠른고령화진행으로한국사회의지속가능한발전에대한우려가확산되고있는실정임.  이에정부의저출산ㆍ고령화대책을점검ㆍ심의하고필요한제도의개선과관련정책에대한지원방안을강구하는등정부의저출산·고령사회대책을견인하기위하여국회내에 「저출산·고령화대책특별위원회」를구성하려는것임.,
2319 제안이유  9. 19.,,가. UAE에파견된국군부대파견기간을 2017년 1월 1일부터 2017년 12월 31일까지 1년간연장함.
3229,2015년우리나라의합계출산율은 1.24명에불과하고지난 15년간 1.3명을넘어서지못한채초저출산현상이지속되고있고  65세이상노인인구비율은 2015년 13.1%에서 2030년 24.3%  2050년에는 37.4% 까지증가하여인구고령화또한가속화될것으로예측되고있으며통계청의장래인구추계에따르면 2031년부터는우리나라의총인구가감소할것으로전망되고있음. 이처럼저출산․고령화가심화됨에따라국가의존립과지속가능성에대한우려가제기되고있고생산가능인구의감소와노동력의고령화경제성장률하락사회보장부담증가등여러위험이멀지않은미래에현실화될것으로보이는위기상황에처해있다고볼수있음.  정부는 2005년 「저출산․고령사회기본법」 제정이후 3차례의저출산․고령사회기본계획에따라여러정책을추진해오고있으나이에대해서는 152조원에달하는예산을투입했다고함에도불구하고실효성이떨어지고국민의안전과행복과관련한일반적인정부정책들이포함되어있는등초점없는정책들이나열되어선택과집중이부족하고그마저도정책에대한이행과점검이체계적으로이루어지지못하고있다는문제가제기되고있음.  현재대통령을위원장으로하는저출산․고령사회위원회에서기본계획을수립하고소관부처와지방자치단체가연도별시행계획을수립하여관련정책을추진하고있는데가장중요한국가적과제임에도불구하고정책추진과이행점검을책임지는컨트롤타워가보이지않는것이무엇보다큰문제라고할것임.  지난해대통령이직접회의를주재한경우는 2차례로많지않고간사부처인보건복지부가총괄․조정역할을하기에는한계가있으며대통령소속이던저출산․고령사회위원회가 2008년보건복지부장관소속으로변경되었다가 2012년에다시대통령소속이되는등추진체계도일관되게유지되지못하였음. 또한 2005년에는보건복지부에저출산․고령사회정책본부가신설되어사실상사무국역할을수행하였으나지금은보건복지부두개의과에서운영지원역할을겸하고있는등실무지원기반도취약함.  이와같은추진체계의취약성과일관성부족은정부가저출산․고령화문제를국가가당면한핵심적인과제라기보다는일상적인중장기정책과제중하나일뿐이라는인식을갖고있는것은아닌지의문을갖게할정도임. 이는일본이지난해인구 1억명유지를총괄하여책임질장관직으로 ‘1억총활약상’을신설하여국가적인대응에나선것과대비된다고할것임.  우리나라는과거강력한인구억제정책을추진하여 1960년 6.3명에달하던합계출산율이지속적으로하락하였고  1983년에인구대체수준 - - 이라고하는 2.1명에도달한이후에도계속하락하였는데도불구하고인구억제의정책기조를유지하는등적기에정책방향을전환하지못하고안일한정책적대응을해온경험을가지고있는데저출산․고령화대책의추진체계가취약하고이를책임지고전담하는컨트롤타워가없다는점은저출산․고령화문제에대해정부가여전히안일한위기의식을가지고문제해결에소극적인자세를견지하고있음을보여주는것으로볼수밖에없음.  이에국회는저출산․고령화문제의극복을위해서는범정부차원의적극적인대응이필수적이고보건복지부중심의지원체계만으로는한계가있음을확인하고기획재정부․고용노동부․국토교통부등각부처의정책을조정․통할하면서실효성있는정책을기획하고정책의책임성과실천력을담보하는실질적인위상을갖는강력한컨트롤타워의존재가필수적이라는데인식을같이하여정부가대통령또는국무총리산하에차관급이상의전담총괄기구를신설하는방안등다각적인방안을강구하여조속히컨트롤타워를마련할것을촉구하고자이결의안을제안함.,
11153  12.,현행법원검찰경찰등사법기관이그기능을수행함에있어서국 - - 민이부여한권한과책임에부응하지못하고있다는비판이지속적으로제기되고있으므로법원․법조․경찰개혁검찰개혁등사법제도전반에대한종합적이고체계적인개혁방안을마련하고관련법안의심사․처리등을위하여국회내에 「사법개혁특별위원회」를구성하려는것임.,
880  7. 14.,,(전문및본문 16개조로구성) 가. 양국정부는우주과학지구관측항공우주운영및탐사등의분야에서항공기비행및활동과학데이터의교환전문가교류유인탐사과학관측로켓등의비행및활동등을통하여협력프로그램또는사업을이행할수있음(협정제3조).
4742  12.,2018 평창동계올림픽대회및장애인동계올림픽대회  2019 세계수영선수권대회등국제경기대회의성공적인개최지원및사후관리방안마련등을논의하기위하여 2016년 7월 「평창동계올림픽및국제경기대회지원특별위원회」를구성하였으나  2018년 2월예정된평창동계올림픽등국제경기개최전까지국회차원의지원을지속적으로수행하기위하여활동기간을 2017년 6월 30일까지로연장하려는것임.  -,
10577  12.,북한은 2017년 7월 4일의대륙간탄도미사일(ICBM)급 ‘화성14형’의시험발사에이어 11월 29일에는이보다진전된신형 ‘화성15형’의발사에도성공했다고주장하며국가핵무력완성을선포했으며실제로도북한의한반도및세계평화에대한위협수준은과거보다한층더가중되고있고국제사회의우려도더욱커지고있음.  또한지난 11월 13일판문점공동경비구역(JSA)에서북한군의귀순병에대한추격과정에서발생한일련의행위는정전협정을위반한것으로판명되었음. 비무장지대에서는남과북어느쪽도적대행위를할수없고허락없이군사분계선을넘을수없다고정전협정상명시되어있으나북한군추격조는군사분계선너머로귀순병에게총격을가하고일부는군사분계선을넘기도하였는바이는명백히정전협정을위반한것임. 또한이과정에서자칫남북간총격상황으로까지확대될수있는위험을초래하였음.  북한은 2013년에일방적으로정전협정무효화를선언하고  UN군사 - - 령부와북한군간판문점직통전화마저단절하였으며정전협정체결이후그위반행위를지속적으로자행해오고있음. 1953년이후북한의정전협정위반횟수가 43만여건이고무장공비침투나국지도발등중대한위반행위도작년말기준으로 3천건을넘는것으로파악되고있음.  이에대한민국국회는북한의이와같은미사일도발행위및지속적인정전협정위반행위에대해엄중히경고및규탄하고북한에대해향후이러한행위의재발을방지할것과재발방지대책을수립하기위한회담에조속히참여할것을촉구하고한반도전쟁위험방지를위해대한민국정부에대해서는북한의계속되는각종군사적도발행위를억제할수있는실효적이고강력한제재방안을마련하여시행할것을주문하려는것임.,
4733  12.,가계부채전월세대책등서민주거안정을위한방안과청년등의일자리문제해소사교육비절감등민생안정을제고할수있는방안을논의하기위하여 2016년 7월 「민생경제특별위원회」를구성하였으나  「주택임대차보호법」 개정안에대한입법의견을제시하는등민생안정을위한대책을계속논의하기위하여활동기간을 2017 년 6월 30일까지로연장하려는것임.  -,
14554,현행법원검찰경찰등사법기관이그기능을수행함에있어서국민이부여한권한과책임에부응하지못하고있다는비판이지속적으로 - 제기되고있으므로법원․법조․경찰개혁검찰개혁등사법제도전반에대한종합적이고체계적인개혁방안을마련하고관련법안의심사․처리등을위하여국회내에 「사법개혁특별위원회」를구성하려는것임.  -,
22038,,가. 이협약은둘이상의당사국사이에시행중이고그러한각당사국이이협약의적용대상이되기를희망하는협정으로기탁처에통보한대상조세협정을수정하기위한것임(안제1조및제2조).
2420 주문,해방이후경제개발과정에서고속도로철도등국가기간교통망은경부축을중심으로우선건설한뒤호남축은경부축의일정지점에서분기하여건설되어왔음. 이로인해호남축은 10년이상늦게건설되어상대적박탈감이매우크고최적의노선을따라건설할수없어항상소요시간통행료운임등에있어많은불이익을감수해야만했음.  호남고속철도사업역시이와같은전철을그대로밟고있음. 1987 년대통령선거공약으로처음제기된후논의만무성하다가 2005년 2 월 25일국회에서의결한 「호남고속철도조기착공촉구대정부건의안」을계기로 2006년기본계획이확정되었고공약이후무려 28년만인 2015년 4월 2일비로소호남고속철도 1단계사업구간(용산∼광주송정)이개통되었음. 그마저도정부원칙에어긋난잘못된요금산정과지나치게적은운행편수등불합리한운영으로인하여국민편익을크게저해하고있는실정임.  이에더해호남고속철 2단계사업구간(광주송정～전남목포)은 2011년확정된제2차국가철도망구축계획에반영되어 2017년까지완공하기로되어있으나무안국제공항경유문제로아직까지도최종노선을확정하지못하고있음.  그러나국제공항과고속철도망의연결은세계적추세일뿐만아니라호남선 KTX의무안국제공항경유는지역민의여망임. 실제 2010 년개통된경부고속철도 2단계사업의경우사업비가 1조 3 612억원이증가함에도불구하고지역민의요구를반영해 13분이더소요되는동대구～신경주～울산～부산으로건설된사례가있음.  또한호남선 KTX의무안국제공항경유는국제공항에대한접근성을획기적으로개선하여무안국제공항이용지역을전북과충청권까지확대해공항활성화에도크게기여할것임.  무엇보다호남선 KTX 2단계사업이계속지연될경우정부정책에대한신뢰도저하와더불어지가상승등으로인한총사업비증가와예산의반복적인미집행문제가발생할수있음.  따라서정부는국토교통부와전라남도등관계지방자치단체와의합의를토대로무안국제공항을경유하는최종노선을조속히확정하고호남고속철도 2단계사업이당초계획한대로완공되어낙후된전남서·남부권경제를활성화시키고국가균형발전을도모할수있도록하여야할것임.  아울러 2016년 1월폭설과강풍으로인한제주공항마비사태를계기로목포～제주간해저터널을통한 KTX 연결교통망구축의필요성이새롭게제기되고있음. 당시정부와제주도한국공항공사등의노력에도불구하고  2박3일동안 9만명이제주공항에발이묶였고그이후로도안개·강풍등으로잦은결항이반복되는등기상이변이일상 - - 화되고있어이에대한대안마련이절실해졌음.  또한도버해협해저터널이나일본세이칸터널의사례처럼목포～ 제주간해저터널이관광객의제주도체류를줄이지않을것이며오히려대체교통수단의확보로관광객유인효과를증대시키고서울과제주에편중되어있는외국관광객들을남부지방으로확산시키는등국가균형발전에도크게기여할것임.  더구나세계최장의해저터널이될목포～제주간해저터널건설은한국건설업의세계적위상을높여줄것이고해저터널을통해서울 ∼제주간 KTX를개통하면한국의고속철도건설기술도세계적으로인정받는계기가되어해외수주를견인하게될것임.,
22214,일본의욱일기는제2차세계대전당시일본이제국주의와군국주의의상징으로사용되었음. 그러나유사한사례의독일의 ‘하켄크로이츠’ 가전후제국주의의상징으로지목되어국제경기대회를포함한모든공식행사에사용되지않았던것과달리욱일기는그러한제재를받지아니하였고여전히국제경기대회의경기장내에반입되어응원도구로사용됨으로써과거제국주의침략의대상이되었던국가들로하여금부정적인역사의기억을자극하는행위를반복하고있음.  특히 2020년에개최될하계올림픽대회및하계패럴림픽대회는일본도쿄에서개최되는바대회경기장에서선수단또는관중등이욱일기를응원도구등으로사용하는행위가규제되지않을수있으며이로인해전세계에욱일기가가진역사적의미가잘못알려질수있다는점이우려됨.  이에대한민국국회는 2020 도쿄하계올림픽대회및하계패럴림픽대회가국제화합및평화증진이라는본연의목표에도달하는데에기여하도록하기위하여본결의를제안함으로써대한민국정부에이를위한모든조치와지원을촉구하고국제올림픽위원회(IOC)  국제패럴림픽위원회(IPC) 및도쿄올림픽및패럴림픽조직위원회(TOCOG) 등국제사회에관심과협력을요청하려는국회의의지를표명하려는것임.  -,
873 제안이유  7. 14.,,(전문및본문 13개조로구성) 가. 이협정이적용되는조세를우리나라와사모아에의하여부과되는모든종류및명칭의조세로함(협정제3조).
240 제안이유  6. 14.,,(전문본문 30개조및의정서로구성) 가. 이협약이적용되는조세를우리나라에대하여는소득세법인세농어촌특별세및지방소득세로하고타지키스탄공화국에대하여는개인소득세법인이윤에대한조세로함(협약제2조).
15258  9. 3.,,             가. 수출활력을제고하고중장기대규모프로젝트수주와중소· 중견기업을적극지원하기위하여 2019년도 ‘무역보험계약체결한도’를 230조원으로하고본한도를 220조원예비한도를 10조원으로설정함.
11152  12.,제10차헌법개정에필요한사항을논의하기위하여 2016년 12월 29일 「헌법개정특별위원회」가헌법개정과정에서함께논의가필요한선거제도개혁에대한사항및 2018년 6월 13일실시예정인지방선거와관련한 - - 지방자치선거·지방교육자치선거제도의개선등에관한사항을논의하기위하여 2017년 6월 27일 「정치개혁특별위원회」가각각구성되어 2017 년 12월까지활동하여왔음.  「헌법개정특별위원회」와 「정치개혁특별위원회」에서별도로논의하고있는헌법개정에관한사항과선거제도개혁에관한사항을종합적으로논의하기위하여기존의 「헌법개정특별위원회」와 「정치개혁특별위원회」를통합한 「헌법개정및정치개혁특별위원회」를 「국회법」 제 44조에따라국회내에구성하려는것임.,
692  7.,지난십여년간매선거마다주요정당들의공천방식등이빈번하게변경되고이를둘러싼공정성시비가발생하는등공천방식과관련한갈등이반복되어옴. 제20대국회의원총선거과정에서도정당추천후보 - - 선출과관련하여이와유사한논란이발생하였는바이러한문제점을개선할수있는방안을국회차원에서논의할필요가있음.  헌법및 「국회법」등관련법령에서는국회와국회의원이입법및국정통제등헌법상주어진권한을유효적절하게행사할수있도록필요한각종제도를마련하고있으나이중일부가국민이국회의원에게요구하는높은윤리성과책임성에부합하지못하는측면이있음.  따라서헌법상국회의원에게주어진불체포특권등이본래의취지와달리남용되지않도록하는방안을논의하고국회의원수당및보좌직원제도를개선하는등국민의신뢰를높일수있는방안을마련할필요가있음.  이에 「국회법」 제44조에따라 「정치발전특별위원회」를구성하려는것임.,
17818 동의연월일 : 2018. 12. 27.,법원․법조개혁검찰․경찰인사독립성및수사중립성강화등사법전반에걸친개혁방안의마련및 「검찰청법」  「경찰법」  「형사소송법」 등관련법안의심사․처리등을위하여 2018년 7월 「사법개혁특별위원회」를구성하여 2018년 12월 31일까지활동하는것으로하였으나현재사법제도전반에걸친개혁방안이논의되고있고검찰․경찰․법원개혁에대한종합적이고체계적인방안을마련하기위하여국회차원의논의가계속될필요가있으므로그활동기간을 2019년 6월 30일까지로연장하려는것임.  -,
7603  6.,1987년제9차헌법개정이후 30여년간국내외의정치경제사회적환경이급변하여기존헌법체제하에서개별법률의개정이나제도의보완만으로는해결할수없는여러문제가나타나고있음. 이에국민의대표기관인국회가국민의다양한의견과여론을수렴하고이를토대로헌법개정안을마련하기위하여 2016년 12월 「헌법개정특별위원회」 를구성하여 2017년 6월 30일까지활동하는것으로하였으나헌법개정안마련을위한지속적인논의가필요하여활동기간을 2017년 12월 31일까지로연장하려는것임.  -,
14556  7.,정부는 2017년에너지전환로드맵제8차전력수급기본계획재생에너지 3020 이행계획을발표하며노후석탄화력발전원자력발전을단계적으로감축하고신·재생에너지를확대하는내용의에너지전환정책을추진중에있음. 2018년에는국가중장기에너지정책의기본철학과비전을제시하는에너지분야최상위계획인제3차에너지기본계획이수립될예정임.  - - 에너지는국민생활과경제·생산활동에매우큰영향을미치는것으로서정부가추진중인에너지전환정책사용후핵연료처리방안마련에너지신산업육성민·관해외자원개발사업등에너지와관련된국가차원의당면과제들이매우방대하고시급한상황임.  이에에너지와관련된현안및정책을종합적으로점검하고제도개선및지원방안을강구하며제3차에너지기본계획수립등에대한국회차원의심도있는논의를위해 「에너지특별위원회」를구성하려는것임.,
11154  12.,2018 평창동계올림픽대회및장애인동계올림픽대회  2019 세계수영선수권대회등국제경기대회의성공적인개최지원및사후관리방안마련등을논의하기위하여 2016년 7월 「평창동계올림픽및국제경기대회지원특별위원회」를구성한후 2차례연장하여 2017년 12 월 31일까지활동하는것으로하였으나  2018년 2월예정된평창동계올림픽등국제경기개최전까지국회차원의지원을지속적으로수행하기위하여활동기간을 2018년 3월 31일까지로연장하려는것임.  -,
24892 제안년월일 : 2020. 4.,및주요내용현행법은인터넷전문은행의대주주자격을기존의금융회사수준으로지나치게엄격하게규정하고있어정보통신기술(ICT) 기업등산업자본의인터넷은행진출을열어준다는법률취지에부합하지않는다는지적이있음.  이에금융회사와달리각종규제위반의가능성에노출된산업자본의특수성을고려  「독점규제및공정거래에관한법률」 위반과관련된요건을 「독점규제및공정거래에관한법률」상의불공정거래행위및특수관계인에대한부당한이익제공의금지규정위반과관련 - - 된요건으로대주주에대한승인요건을한정함으로써혁신적금융서비스의발전에기여하고자함(안별표제1호마목).  법률제호인터넷전문은행설립및운영에관한특례법일부개정법률안인터넷전문은행설립및운영에관한특례법일부를다음과같이개정한다.  별표제1호마목2) 중 “금융관련법령  「독점규제및공정거래에관한법률」  「조세범처벌법」 또는 「특정경제범죄가중처벌등에관한법률」을위반하여”를 “금융관련법령  「독점규제및공정거래에관한법률」상의불공정거래행위및특수관계인에대한부당한이익제공의금지규정을위반하거나 「조세범처벌법」 또는 「특정경제범죄가중처벌등에관한법률」을위반하여”로한다.  부칙이법은공포한날부터시행한다.  -,
4734  12.,과학기술역량축적교육및산업·노동분야제도개선등미래일자리를창출하기위한사회구조개혁방안을논의하고중장기적인성장방향을마련하기위하여 2016년 7월 「미래일자리특별위원회」 를구성하였으나기존논의사항을바탕으로부처별추진경과를점검하고법률개정등필요한사항을논의하기위하여활동기간을 2017년 6월 30일까지로연장하려는것임.  -,
24881  4.,및주요내용최근사회적으로문제되고있는디지털성폭력범죄의경우범죄의특성상불특정다수의가해자가특정되지않는경우가많으며이경우개별범죄사실의특정및개별범죄와범죄수익간관련성입증이어려워범죄수익환수가좌절되는경우가발생하고있음.  이에 「성폭력범죄의처벌등에관한특례법」에따른허위영상물등의반포죄를현행법에따른중대범죄에추가하고  「아동·청소년의성보호에관한법률」에따른음란물제작·배포죄등  「성폭력범죄의처벌등에관한특례법」에따른카메라등촬영죄및허위영상물등의반포죄등온라인으로성적영상물을거래·유포하는범행에대해서는 - - 범죄수익에관한입증책임을완화함으로써범죄수익의보다원활한환수에기여하려는것임.  법률제호범죄수익은닉의규제및처벌등에관한법률일부개정법률안범죄수익은닉의규제및처벌등에관한법률일부를다음과같이개정한다.  제10조의4를다음과같이신설한다.  제10조의4(범죄수익등의추정) 다음각호에해당하는죄에관계된범죄수익등을산정할때에는범행행위를한기간에범인이취득한재산으로서그취득한재산이범죄수익등의금액및재산취득시기등제반사정에비추어같은조의죄를범하여얻은범죄수익등으로형성되었다고볼만한상당한개연성이있는경우에는그죄에관계된범죄수익등으로추정한다.,
2269  9.,            북한이우리국회및정부와국제사회의지속적인경고와핵폐기요구를무시하고 2016년 9월 9일제5차핵실험을감행한것을강력히규탄하고북한이모든핵프로그램을조속히폐기할것을요구하는한편대한민국정부가북한의핵보유도발을저지할수있는단호하고강력한대책을수립하고초당적협력을바탕으로북핵문제의근원적해결과한반도평화정착을위한국회차원의모든대책을강구하고자하는의지를표방하려는것임.  -3,
526 제안이유,,(전문본문 13개조및의정서로구성) 가. 체약당사자의권한있는당국은이협정의대상조세에관한체약당사자의국내법의시행과집행에관련될것으로예상되는정보의교환을통하여협조를제공함(협정제1조).
7604  6.,2018 평창동계올림픽대회및장애인동계올림픽대회  2019 세계수영선수권대회등국제경기대회의성공적인개최지원및사후관리방안마련등을논의하기위하여 2016년 7월 「평창동계올림픽및국제경기대회지원특별위원회」를구성한후 1차례연장하여 2017년 6월 30일까지활동하는것으로하였으나  2018년 2월예정된평창동계올림픽등국제경기개최전까지국회차원의지원을지속적으로수행하기위하여활동기간을 2017년 12월 31일까지로연장하려는것임.  -,
4735  12.,제20대국회의원총선거과정에서나타난공천방식의문제점을개선하고국회가헌법상주어진권한을유효적절하게행사하면서국회의원에게요구되는높은윤리성과책임성에부합함으로써국민의신뢰를제고할수있는방안을논의하기위하여 2016년 7월 「정치발전특별위원회」를구성하였으나국회의원세비체계개선선거운동의자유확대방안소위원회활성화등정치발전과제에대한계속적인논의를위하여활동기간을 2017년 6월 30일까지로연장하려는것임.  -,
9043 주문동의연월일 : 2017.,대한민국과국제사회는북한이지금까지자행한 5차례의핵실험 (2006년 10월 9일  2009년 5월 25일  2013년 2월 12일  2016년 1월 6일  2016년 9월 9일)에대해지속적으로경고하는한편강력한제재를통해북한의도발의지를좌절시키고자노력한바있음. 이와같은상황에서도북한은끊임없이미사일을발사하는등한반도와국제사회를향해심각한도발행위를지속해왔으며  2017년 9월 3일에는제6차핵실험을감행하기에이르렀음.  대한민국국회는북한정권이우리정부와국제사회의거듭된경고와 UN 안전보장이사회의결의를무시하고핵․미사일도발을통해한반도의평화와안정을해치고국제사회를위협하는행태를강력히규탄하는바임.  대한민국국회는북한이핵보유를위한일체의시도를완전히포기할것을엄중하게경고하며대한민국정부가가능한모든조치를동원하여북한의핵․미사일위협을무력화할수있는대비체계를구축하고북핵문제의근본적해결을위한특단의대책마련을촉구하려는것임.  -,
18518  2.,,가. 중미경제통합은행은대한민국을중미경제통합은행의역외회원으로인정하고대한민국은현재발효중인중미경제통합은행설립협정가입에동의함(안제1조및제2조).
14555  7.,현재세계는인공지능빅데이터클라우드컴퓨팅사물인터넷기술등과같은다양한분야의지능정보기술및과학기술의발전과융합으로초래되는 ‘4차산업혁명’ 시대를맞이하고있음. 이와관련하여미국‧ 독일‧중국‧일본등주요국가들은 4차산업혁명을국가경쟁력을높이는 - 핵심요인으로인식하고자국의강점에기반하여제도적인프라를구축하고지원시책을마련하는등 4차산업혁명에신속하고적극적으로대응하고있음.  이에우리나라에적합한 4차산업혁명모델수립및관련원천기술개발지원을위한여건조성방안그리고 4차산업혁명촉진을위한제도개선및유관분야정책조정방안등에관한사항을국회차원에서종합적으로논의하기위하여 「4차산업혁명특별위원회」를구성하려는것임.  -,
8666,대북확성기전력화사업은북한의 4차핵실험(2016.1.6.) 등엄중한안보상황에서효과적인대북심리작전을수행하기위해성능이향상된고정형확성기 24대기동형확성기 16대등총 40대의확성기를긴급전력으로도입한사업이나언론등을통해여러문제제기가있었음.  먼저당초예산편성도되지않은상황에서 2016년 4월대북확성기추가구매사업이 ‘긴급입찰공고’를통해진행되었는바입찰단계부터 - - 각종특혜의혹이제기되었고이와관련하여담당실무자에대해서는형사재판도진행중임.  동사업의집행과정에서는공고직후부터특정업체를겨냥한입찰공고라는의혹이있고낙찰된해당업체가제품을직접생산하지않았는데도마치직접생산한것처럼제조사정품확인서를작성하였으며최종납품된확성기도다른업체가해당업체에납품한다른확성기라는각종의혹이언론및국회등을통해제기되었음.  또한납품된확성기 1세트에대하여 2016년 9월에시험평가한후나머지 39세트에대해서는동일제품인지만확인하였다는문제제기가있고납품된확성기가적정한성능을갖추었는지에대해서도의심이드는바현재납품되어운용중인대북확성기 40대의성능에대한철저한전수조사가필요하다는지적이있음.  그리고해당업체가동사업을통해부당이득을취했다는의혹도제기되고있음. 그부당이득금은시장가격과낙찰가등을고려했을때최소 80억원이상으로추정되며이는결국국고손실로이어졌다는지적임.  따라서납품된확성기가적정한성능을구비하고있는지해당업체의부당이득으로인해국고손실을초래하지는않았는지등에대한사실여부를명확히규명하고여러의혹들을해소하기위해대북확성기사업의추진전반에대하여감사원에감사를요구함.,
,,은다음과같음종전개정구분기여율(공무원) 및부담률(정부) 인상기준소득월액의 7% 연금지급률인하재직기간 1년당 1.9% 소득재분배도입없음 1.8배 (전체공무원평균기준소득월액대비) 20년 33년 ’09년이전임용자 60세 ’10년이후임용자 65세 ’09년이전임용자 70% ’10년이후임용자 60% 소득상한강화연금수급요건조정재직기간상한연장연급지급개시연령연장유족연금지급률인하연금액한시동결기준소득월액의 9% (단계적인상) * ’16년8% → ’17년8.25% → ’18년8.5% → ’19년8.75%→ ’20년9% 재직기간 1년당 1.7% (단계적인하) * ’16년1.878% → ’20년1.79% → ’25년1.74% → ’30년1.72% → ’35년1.7% 지급률 1.7% 중 1.0% (국민연금상당분)에재분배요소도입 1.6배로하향조정 10년 36년 (재직 21년미만부터단계적연장) 모든공무원 65세로단계적연장 * ’22년61세 → ’24년62세 → ’27년63세 → ’30년64세 → ’33년65세모든공무원 60% 적용 * 개정이후유족연금사유발생자부터물가인상률연동조정 5년간동결 (’16 ~ ’20년) 공무원·군인·사학에재임용시연금전액정지선거직공무원과정부전액출자·출연기관재취업고소득자도연금전액정지연금정지제도강화근로자평균임금월액기준으로연금정지액결정 (‘14년 338만원) 연금수급자평균연금월액기준으로연금정지액결정(‘14년 224만원) 부동산임대소득은정지대상소득에서제외부동산임대소득도정지대상소득에포함분할연금제도도입비공무상장해연금도입없음없음혼인기간 5년이상자이혼시해당기간 1/2 분할지급 (당사자간협의및재판결과우선적용) 비공무상장애로퇴직시지급 (공무상장해연금액의 1/2 수준) - □ 기금역할 ◦ 공무원연금법제73조에근거하여연금급여를충당하기위한책임준비금의유지․ 관리를위해공무원연금기금을설치․운용하고있으며  - 공무원연금법제69조의2에의하여국가및지방자치단체는연금재정의안정을위하여예산의범위안에서책임준비금을연금기금에적립하게되어있음.  - 2009년연금개혁으로신설된공무원연금법제69조제8항에따라기금의수익금으로정부가부담할보전금을충당할수있게됨으로써연금재정에대한기금의역할이더욱분명하게되었음.  ◦ 공무원연금재정안정을위해책임준비금을적립하도록규정하고있으나매년보전금을충당하는상황에서실효성이없는조항에해당함.  - 적립방식을유지하려면일정규모의추가기금적립이필요한데현재의정부여건상보전금외추가적인예산지원은곤란한상황이며  - 필요할경우기금수익의일부를보전금재원으로사용할수있도록하는규정은있지만  1년분연금액에도미치지못하는수준의기금을사용하기는어려운상태임.  - 장기적으로기금증식속도보다급여증가속도가빨라기금을급여재원으로일절사용하지않고증식만시켜도기금적립률(연금기금/연간연금지출액)이오히려하락할것으로전망됨.  ◦ 세대간공조에기반을둔재정운영특성상기금은유동성위기방지를위한지불준비금으로 1~2년분연금지출액수준으로유지하는것이현실적임.  - 공무원연금기금은사전적립을통한책임준비금이기보다는유동성위험과비상위험방지및복지투자의재원성격으로이해해야할필요성이있음.  - 1.2 인원과재정현황 □ 인원현황재직자연금수급자구분퇴직연금수급자유족연금수급자 <인원현황> (단위 : 명  2016년 12월말기준) 인원 1 107 972 449 153 396 743 52 410 <인원과지표의과거추이> (단위 : 명  2016년 12월말기준) 연도재직자퇴직자퇴직연금수급자(A) 유족연금수급자(B) 연금수급자 (A+B) 퇴직률연금선택률부양률 1982 1984 1986 1988 1990 1992 1994 1996 1998 2000 2001 2002 2003 2004 2005 667 554 38 844 682 281 34 768 716 629 24 651 767 123 27 129 843 262 27 866 922 098 32 924 948 151 36 875 971 303 33 777 952 154 54 900 3 556 6 940 10 435 17 186 23 844 31 797 44 146 58 248 81 991 909 155 64 345 140 387 913 192 29 509 148 884 930 835 23 095 155 863 947 616 24 899 165 483 964 593 27 384 176 799 986 339 34 762 196 820 2006 1 009 145 30 021 212 560 2007 1 021 771 30 909 229 157 2008 1 030 256 36 934 250 476 2009 1 047 897 24 280 260 910 2010 1 052 407 30 035 276 188 2011 1 057 958 27 053 287 980 2012 1 064 472 35 408 306 582 2013 1 072 610 29 364 321 098 2014 1 081 147 44 010 346 781 2015 1 093 038 40 340 373 529 2016 1 107 972 38 398 396 743 3 696 7 165 10 811 17 923 25 121 34 000 47 622 63 203 88 723 149 673 159 833 168 506 180 126 193 553 215 745 233 737 252 832 276 829 289 996 308 233 323 278 345 144 363 017 392 101 422 396 449 153 5.8% 5.1% 3.4% 3.5% 3.3% 3.6% 3.9% 3.5% 5.8% 7.1% 3.2% 2.5% 2.6% 2.8% 3.5% 3.0% 3.0% 3.6% 2.3% 2.9% 2.6% 3.3% 2.7% 4.1% 3.7% 3.5% 32.6% 29.1% 30.4% 38.2% 49.9% 48.3% 54.8% 51.4% 46.7% 0.6% 1.1% 1.5% 2.3% 3.0% 3.7% 5.0% 6.5% 9.3% 78.2% 16.5% 79.7% 17.5% 84.0% 87.9% 18.1% 19.0% 91.0% 20.1% 94.6% 21.9% 92.8% 23.2% 93.5% 93.9% 24.7% 26.9% 91.5% 27.7% 93.4% 29.3% 92.4% 93.7% 30.6% 32.4% 93.6% 33.8% 95.5% 36.3% 95.6% 38.6% 95.5% 40.5% 140 225 376 737 1 277 2 203 3 476 4 955 6 732 9 286 10 949 12 643 14 643 16 754 18 925 21 177 23 675 26 353 29 086 32 045 35 298 38 562 41 919 45 320 48 867 52 □ 재정현황 <공무원연금의재정수지현황> (단위 : 억원  2016년 12월말기준) 구분 ’06 ’07 ’08 ’09 ’10 ’11 ’12 ’13 ’14 ’15 ’16 수입(Ⅰ) 44 076 45 862 48 605 48 439 59 828 65 813 71 990 74 854 77 148 83 562 97 712 ◦ 기여금․부담금 43 651 45 258 47 872 47 854 59 075 65 311 71 472 74 302 76 601 81 664 96 392 ◦ 연금이체부담금등 425 604 733 585 753 502 518 552 547 1 898 1 320 지출(Ⅱ) 50 553 55 754 62 899 67 467 72 899 79 390 88 949 94 836 102 696 114 290 120 901 ◦ 퇴직연금 45 580 50 688 57 307 63 414 68 644 75 303 83 036 90 669 98 179 110 067 117 410 ◦ 퇴직일시금등 4 973 5 066 5 592 4 053 4 255 4 087 5 913 4 167 4 517 4 223 3 491 보전금(ⅡⅠ) 6 477 9 892 14 294 19 028 13 071 13 577 16 959 19 982 25 548 30 728 23 189 * 국가부담의퇴직수당과재해보상급여제외 * 보전금 : 매년연금수지부족액에대한정부추가부담금 <공무원연금의보전금추이> - 1.3 급여구성과내용 □ 공무원연금의급여구성과내용 <공무원연금의급여종류> 퇴직급여장해급여장기급여퇴직연금퇴직연금일시금퇴직연금공제일시금소득보장퇴직일시금장해연금장해보상금유족연금유족연금부가금재해보상유족급여유족연금특별부가금유족연금일시금유족일시금순직유족보상금위험직무순직유족연금위험직무순직유족보상금퇴직수당퇴직수당근로보상단기급여공무상요양비재해부조금사망조위금부조 : 연금충당부채산정대상급여의세부내용은공무원연금법참조 - 1.4 비용부담방식과재정운영방식 □ 공무원연금비용부담방식1) ◦ 공무원연금제도의비용부담은급여의성격에따라정부․공무원이공동부담 (기여제방식)하거나정부가전액비용부담하는방식(비기여제방식)으로재원이조달됨.  ◦ 연금충당부채산정대상이되는퇴직급여와유족급여에소요되는비용은공무원기여금정부부담금과보전금으로조달됨.  - 2000년개정으로기여금과부담금을초과해서발생하는연금수지부족분에대해서국가와지방자치단체가추가로부담(보전금)하게되어있으며  - 2017년현재공무원기여율은기준소득월액대비 8.25%(총 16.5%)며  2020년까지 9.0%(총 18%)로단계적조정됨.  ◦ 사용자책임급여인재해보상급여위험직무순직유족급여및퇴직수당과부조성격의급여인재해부조금및사망조위금에드는비용은국가나지방자치단체가매년전액부담하고있음.  □ 공무원연금재정운영방식2) ◦ 공무원연금제도의재정방식은적립방식을기초로설계되었음.  - 즉급여지출비용의예상액과기여금․부담금및그예정운용수익금의합계액이장기적으로균형이되도록제도초기부터공무원연금기금을조성해왔음.  ◦ 도입당시기여율은 2.3%(총 4.6%)에서출발하여 1970년부터 20년간 5.5%(총 11.0%) 수준을유지하다가제도성숙단계에서급속한고령화등인구환경의변화에따라점차로재정불균형상태가가시화되기시작하였음.  ◦ 1993년최초로연금수지상적자발생이후 IMF 외환위기시공무원대량퇴직으로적립기금이상당부분소진되는경험을하였으며  2001년부터는급여부족분에대해국가또는지방자치단체가보전하도록함으로써사실상공무원연금의재정방식이부과방식형태로전환하였음.
883  7. 14.,,(전문및본문 23개조로구성) 가. 인도대상범죄는인도가청구된시점에양당사국의법에따라최소 1년이상의자유형이나그이상의중형으로처벌할수있는범죄로함(조약제2조).
244 제안이유  6. 14.,,(전문및본문 29개조로구성) 가. 이협약이적용되는조세를우리나라의경우에는소득세법인세농어촌특별세및지방소득세로하고투르크메니스탄의경우에는법인이윤(소득)에대한조세개인의소득에대한조세로함(협약제2조).
291  6.,56년전 1960년 2월 28일이땅에민주주의의여명을알리는한줄기함성이있었음. “2·28민주운동”이라불리게된이날의의거는 10 대고등학생들이민주화의횃불을들어올려 4월시민혁명이라는현대사의결정적순간을만든큰울림이었음.  - - 당시집권당인자유당은독재장기집권을공고화하기위해부정선거를획책하여유권자조작및협박사전투표및공개투표등각종횡포와부패실정이절정에다다랐는바이러한불의에대구의고등학생들이항거하였고이에대구·경북도민들지역언론이참여와지지를보내면서시민저항운동으로타올랐음.  “2·28민주운동”은자유·민주·정의를표상하는숭고한정신적유산으로서단지 3·15의거와 4·19혁명의한과정에불과할뿐이라는평가를넘어대한민국정부수립이후대한민국의역사에큰획을그었던민주화운동의효시이자오늘날우리가누리고있는민주주의번영의초석이되었다는점에서독자적인역사적의미를부여할필요가있다할것이며전세계에서유례를찾아볼수없을만큼자발적인시민의참여로일어났던 “2·28민주운동”이자라나는세대들에게잊혀져역사의뒤안길로사라지게해서는안될것임.  이에 “2·28민주운동”을대한민국민주화역사의우뚝한기념비로세워전국민이그의미를기림으로써 “2·28민주운동”의정신이상생과통합의새로운시대적가치를구현하고새로운세대에게면면히계승되어선진대한민국으로발돋움하는원동력이되도록정부에국가기념일지정을촉구하기위해이결의안을제출하게되었음.,
19564 주문  4.,2019년 3월 26일일본문부과학성은 ‘역사적‧지리적‧국제법적으로명백한대한민국영토’인독도를일본 ‘고유영토’로주장하는내용을담은초등학교교과서검정결과를발표하였음.  그동안대한민국정부는일본의학습지도요령및교과서의그릇된역사인식과독도영토주권침해의부당성을지적하며여러차례시정을촉구해왔으나일본정부는이번초등사회교과서검정에서독도관련기술을늘리고내용또한악화시켰음.  또한일본정부는제국주의침략에대한반성없이자신들의전쟁범죄를정당화하고미화하는등올바른역사교육과한일관계개선을위한노력을저버리고있음.  대한민국과일본양국간진정한화해및공동번영의길은과거침략행위에대한일본정부의진정한사과와미래세대에대한올바른역사교육이선행되어야가능할것임.  이에대한민국국회는일본정부의과거사침략행위를왜곡하고우리의영토주권을심각하게위협하는행위에대하여강한유감을표하며일본정부의시정을촉구하기위하여결의안을제안함.  -,
17836  12. 28.,,가. 각체약당사자는다른쪽체약당사자의투자자가자국의영역에서투자를하는데유리한여건을장려하고조성하며자국의법령에따라그러한투자를허용함(안제2조).
21817,2019년 7월 23일중국과러시아의우리방공식별구역무단진입과러시아의우리영공침범그리고우리영토인독도에대한일본의망언은한반도와동북아역내안정을심히위협하는행위임.  이에대한민국국회는한반도뿐만아니라동북아지역의평화와안정을위협하는일체의행위를규탄하고이러한행위의중단을촉구하는한편우리정부가그어느때보다도단호하고실효적인대책을조속히마련하여한반도와동북아의정치⋅군사지형이평화롭고안정적인단계로발전하도록모든노력을다할것을요구하려는것임.  -,
22862 제안이유  10. 11.,,가. UAE에파견된국군부대파견기간을 2020년 1월 1일부터 2020년 12월 31일까지 1년간연장함.
17849  12. 28.,,가. 이협정의적용대상은대한민국의국민연금법과크로아티아의강제연금보험제도를정한법과규정에적용됨(안제2조).
24869  4.,인터넷환경이다변화되면서디지털성범죄물이다크웹뿐아니라해외사업자가운영하는플랫폼등다양한경로로노출되고있어그피해가큼. 특히아동·청소년성착취물의경우상상할수없는피해자의고통이있어시급하면서도실효있게해결해야함. 이에인터폴등다 - - 른국가의사법당국과금융당국시민사회관련협회등과긴밀하면서도다변화된공조체제를구축하여문제를근절해야함.  국회는정부가디지털성범죄물제작에서유통까지의전과정에서국제공조하여문제를해결하고해당문제에대해서는역외규정을도입하며부가통신사업자에게는 ‘즉시삭제의무및필터링등사전적기술’을도입하여사회적책임을다할것을결의함.,
875 제안이유  7. 14.,,(전문본문 15개조및의정서로구성) 가. 당사자는이협정의대상조세에관한당사자의국내법의시행과집행에관련될것으로예상되는정보의교환을통하여협조를제공함(협정제1조).
529  6. 28 .,,(전문및본문 21개조로구성) 가. 양당사국은관계인으로부터증거또는진술의취득정보․서류․ 기록및증거물의제공수색및압수요청의이행등형사문제에서상호공조를제공함(조약제1조).
,,가. 정부가 2018년도에실시할임대형민자사업의한도액(BTL)은 3 520억원으로구체적인내역은다음과같음.
10238  11.,최근홍수·가뭄·지진등자연재해와화재·붕괴등대규모사회재난등이빈번하게발생함에따라다양한위험으로부터국민들의안전을확보·유지·강화해야할필요성이중요하게제기되고있으며이를위해국회와정부가힘을합쳐국가차원의종합적인재난대응·국민안전강화방안을마련하는등재난에대한공동대응체계를수립하는것이절실한실정임.  - - 이에국회가정부와함께재난대응및국민안전보호를위한종합대책을마련하고이를효과적으로추진할수있는국회차원의다양한지원방안을논의하기위하여 「국회법」 제44조에따라국회내에 「재난안전대책특별위원회」를구성하려는것임.,
877 제안이유  7. 14.,,(전문본문 30개조및의정서로구성) 가. 이협약이적용되는조세를우리나라의경우에는소득세법인세농어촌특별세및지방소득세로하고세르비아공화국의경우에는법인소득세및개인소득세로함(협약제2조).
879 제안이유  7. 14.,,(전문본문 31개조및의정서로구성) 가. 이협약이적용되는조세를우리나라의경우소득세법인세농어촌특별세및지방소득세로하고에티오피아연방민주공화국의경우 「소득세법」에따라부과되는소득및이윤에대한조세와개별법에따라부과되는광업석유및농업활동소득에대한조세 - - 로함(협약제2조).
12081  2. 22.,한국교육방송공사는수능교재를포함한학습교재를발간하고있고  2016년기준 1 775만부를발간하였음. 한국교육방송공사의출판사업은자체수입중가장큰비중(2016년기준  33.4%)을차지하고있고이중에서도학습교재가대부분을차지한다는면에서학습교재유통과정에서비리가발생한것은중대한사항임.  한국교육방송공사가교재물류업체에보관된지난 1년간의재고물량을자체조사한결과부족분 6만 1 353부를확인함. 이는전산재고 324만 4 135부대비 1.89%에해당하고손실허용률 0.03%의 63배에이르는수치임. 따라서 2016년 12월공익신고자의제보가이뤄진이후에 -,
22040,,가. 협약의목적이탈세또는조세회피를통한비과세또는조세경감의기회를창출함없이소득과자본에대한조세의이중과세방지를위한것이라는점을전문에명시함(안제1조).  - - 나. 한쪽체약국에서공공제도에따라지급되는연금등은그한쪽체약국에서만과세할수있도록함(안제2조).
17816 동의연월일 : 2018. 12. 27.,지속가능한남북경제협력체제구축및상생경제공동체실현방안등을논의하기위하여 2018년 7월 「남북경제협력특별위원회」를구성하여 2018년 12월 31일까지활동하는것으로하였으나부처간에산재되어있는남북교류협력관련업무를통합․조정하는법적․제도적방안논의가필요하고남북교류협력의실질적인활성화방안을도출하기위하여그활동기간을 2019년 6월 30일까지로연장하려는것임.  -,
2426 주문,올림픽대회는단순한스포츠행사를넘어서경제·문화·과학기술등을포괄하는종합적인엔터테인먼트성격의메가스포츠이벤트로발전하고있음.  특히서울올림픽이후 30년만에개최되는 2018 평창동계올림픽은대한민국의국격을높이고국민통합을강화하는역사적인전환점이될것임.  이러한범국가적․전세계적행사인 2018 평창올림픽은모든부처와공공기관이직․간접적으로연관되어있으며성공개최를위해서는대규모인원의출입국에서부터숙박및관람객수송자원봉사자모집대테러및안전활동에이르기까지각부처와공공기관의협조와지원과더불어이와관련된법적·제도적뒷받침을마련하는일은필수불가결함.  한편과거외국의동계올림픽대회개최사례를보면당초예상치못한소요나사업규모확대로대회재정규모가증가되어왔으며재원확보가어려운경우가많았음.  그리고최근국내에서개최된타국제대회사례를살펴보면인천아시아게임및광주유니버시아드는운영비의 30%를국비에서지원하였고문경군인체육대회에는운영비의 50%를국비에서지원하였음.  그러나  2018 평창올림픽의경우에는우리나라에서최초로개최되는겨울철스포츠행사이나사회기반시설이제대로갖추어지지못한곳에서열려열악한환경임에도불구하고국비에서운영비지원이충분히이루어지지않고있는상황임.  조직위원회의운영비규모는 2010년비드파일제출당시에 2.2조원수준(2018년기준)이었으나우리나라에서최초로개최되는대규모겨울철스포츠등의사유에따라운영비증가가필요한상황임. 운영비증가의구체적인이유는「① 당초국가또는지자체수행사업에서조직위사업으로의변경  ② 비드파일제출이후에신규소요발생  ③ 비드파일에반영되었으나사업규모의불가피한확대」등에기인 - - 함.  감사원의 “2018평창동계올림픽준비실태감사결과”에따르면제3차대회재정계획상최소 2 244억여원의사업비부족이예상된다고지적하면서부족이예상되는사업비를확보할수있는방안을마련토록조직위원회에통보한바있음.  또한운영예산의큰부분을차지하는기업의현물후원계약과정에서발생하는부가가치세부담문제로기업들이후원에어려움을호소하고있는바이에동계올림픽의성공적인개최를위해기업의현물후원을적극유치할수있도록이와관련된법·제도를정비해야함.  동계올림픽의특성상월드컵이나하계올림픽과달리마케팅수입에한계가있으며테러등으로부터안전한올림픽대회개최는조직위원회노력만으로미흡한바특히동계스포츠의저변이넓지않은우리나라상황에서 2018평창동계올림픽의성공적인개최사후활용및배후도시지정을위해서는정부각부처및모든공공기관의적극적인참여와지원및법적·제도적장치마련이필수적임. 이에따라정부각부처및모든공공기관이 2018 평창동계올림픽을적극지원하도록촉구하려는것임.,
1794  8.,현행전기요금은 「전기사업법」에서계약종별로구분되어있으며초·중등학교의교육용전기요금은 kWh당 125.8원(전력총사용량대비전기요금납부기준)으로 kWh당 107.4원인산업용전기요금보다약 1 7% 이상비싼실정임. 이는전체전기료중기본요금의비중이산업용 20.7%  농사용 18.4%임에비해교육용은 43.3%에달하는등현행전기요금산정체계상초·중등학교에부과되는전기요금의기본요금비중이다른용도에비해월등히높기때문임. 또한유치원의경우에도기본요금비중이약 27.7%로타용도전기요금에비해약 7～9% 높아초·중등학교와마찬가지로전기요금부담이큰실정임.  감사원에따르면 2014년도전국 1만 988개의초·중등학교중여름철 26.5%  겨울철에는 42.6%의학교가전기요금부담으로인하여냉·난방기기를정상적으로가동하지못하는등학생들의수업환경이매우열악하고한정된학교운영비내에서전기요금의비중이너무커정상적인교육활동에사용할예산이부족하여그피해가고스란히학생들에게돌아갈수밖에없는상황임.  현재유치원및초·중등학교에서사용하는전력사용량은전체전력사용량의 0.71%에불과해교육용전기요금의인하여력이충분하다고보이고주택용전기요금누진제의개편등전기요금간형평성제고에대한사회적요구가높아지고있는상황에서전기요금체계개선방안의하나로서유치원및초·중등학교에부과되는교육용전기요금의기본요금부과기준개편을포함한교육용전기요금인하를촉구하기위해결의안을제출함.  -,
17850  12. 28.,,가. 이협정의적용대상은대한민국의국민연금및고용보험국민건강보험산업재해보상보험(제2부만해당함)과아르헨티나의노령장애및유족의상황으로부터발생하는기여형사회보장급여및피용자의사회보장자영자의사회보장(제2부만해당함)에적용됨(안제2조).  - - 나. 사회보장보험료의이중납부를방지하기위하여한쪽체약당사자의영역에서고용된자가다른쪽체약당사자의영역으로파견된경우에처음 3년동안은그한쪽체약당사자의법령만을적용하며양국합의시 2년연장함(안제7조).
5892  2.,및주요내용국회의원보좌직원의결격사유를규정하고있는 「국회의원수당등에관한법률」이국회의원의배우자또는 4촌이내의혈족․인척을보 - - 좌직원으로임용할수없도록개정됨에따라이를반영하고국회의원의신체적장애로인하여예외적으로배우자또는 4촌이내의혈족․ 인척을임용요청하거나결격사유에해당하지아니하는친족을임용요청하는경우에있어서신고의무를성실히이행하도록규정하는한편보좌직원에게지급한급여를국회의원사무실의운영경비또는후원금등으로사용하는것을금지함을명시적으로규정하려는것임(안제 15조).  규칙제호 國會議員倫理實踐規範 일부개정규칙안 國會議員倫理實踐規範 일부를다음과같이개정한다.  제명 “國會議員倫理實踐規範”을 “국회의원윤리실천규범”으로한다.  제15조를다음과같이한다.  제15조(보좌직원의임용및관리) ① 국회의원은 「국회의원수당등에관한법률」 제9조의2제1항제3호에해당하는사람을보좌직원으로임용요청하여서는아니된다.  ② 국회의원은 「국회의원수당등에관한법률」 제9조의4제1항에따른신고의무를성실히이행하여야한다.  ③ 국회의원은그보좌직원을성실하게지휘·감독하여야하며국회가그직원에게지급한급여를국회의원사무실의운영경비또는보좌하는국회의원의후원금등여하한명목으로다른목적에사용하거나사용하게하여서는아니된다.  부칙이규칙은법률제호국회의원수당등에관한법률일부개정법률의시행일부터시행한다.  - 신·구조문대비표현행개정안 國會議員倫理實踐規範 국회의원윤리실천규범 第15條(補助職員管理) 國會議員은제15조(보좌직원의임용및관리) 그 補助職員을성실하게 指揮· ① 국회의원은 「국회의원수당 監督하고  國會가그 職員에게등에관한법률」 제9조의2제1 지급할목적으로책정한 給與 항제3호에해당하는사람을보를다른목적에사용하여서는좌직원으로임용요청하여서는아니된다.  아니된다.  ② 국회의원은 「국회의원수당등에관한법률」 제9조의4제1 항에따른신고의무를성실히이행하여야한다.  ③ 국회의원은그보좌직원을성실하게지휘·감독하여야하며국회가그직원에게지급한급여를국회의원사무실의운영경비또는보좌하는국회의원의후원금등여하한명목으로다른목적에사용하거나사용하게하여서는아니된다.  -,
24661,코로나19 확진자와사망자가급증하는국가재난으로인하여온국민이어려움을겪고있음에도불구하고여전히일부종교단체에서는집회를지속하고있어국민의안전과건강에대한불안감이가시지않고있음.  종교의자유는헌법제20조에따라보호되는국민의본질적인자유임. 다만사회적거리두기가코로나19의예방및방지에기초적이고효과적인방법으로알려져있고국민모두의안전과생명을보호하기위하여종교계의적극적인협조가절대적으로필요한만큼상황이안정될때까지종교집회를자제하여줄것을간곡히촉구함.  -,
21193 주문동의연월일 : 2019.,「공직선거법」  「정치자금법」  「정당법」 등을심사․처리하기위하여 2018년 7월 「정치개혁특별위원회」를구성하여현재까지활동하였으나  2020년국회의원선거시행과관련한선거제도개혁에대한논의가진행되고있어공직선거법개정안등관련법률안을일관되고효율적으로심사할필요가있으므로위원수를 19인으로변경하고위원은교섭단체소속의원및어느교섭단체에도속하지아니하는의원수의비율에따라구성하며활동기간을 2019년 8월 31일까지로연장하려는것임.  -,
10366  11.,및주요내용 「국회법」 개정(2005. 7. 28.)에맞추어일부인용조문을수정하고국회방송자문위원회의자문범위를현방송국운영실정에맞게개정하는등현행규칙운영상나타난일부미비점을개선·보완하려는것임.  - - 규칙제호 國會에서의中繼放送등에관한規則 일부개정규칙안 國會에서의中繼放送등에관한規則 일부를다음과같이개정한다.  제1조의제목 “(目的)”을 “(목적)”으로하고같은조본문중 “第149 條”를 “제149조및제149조의2”로한다.  제3조의제목 “(中繼放送등의원칙)”을 “(중계방송등의원칙)”으로하고같은조제2항단서중 “제149조제3항”을 “제149조제2항”으로한다.  제4조의제목 “(錄音·녹화및촬영)”을 “(녹음·녹화및촬영)”으로하고같은조제1항단서중 “第149條第1項”을 “제149조의2제1항”으로한다.  제12조의제목 “(國會放送諮問委員會)”를 “(국회방송자문위원회)”로하고같은조제1항각호외의부분중 “第149條第5項”을 “제149조제3항” 으로  “放送審議小委員會”를 “국회방송심의소위원회”로하며같은항각호를다음과같이한다.,
,,가. 정부가 2017년도에실시할임대형민자사업의한도액(BTL)은 3 319억원으로구체적인내역은다음과같음 1) 국가사업 : 2 270억원 ㅇ 대학시설(기숙사등) : 692억원 ㅇ 병영시설(침대형생활관등) : 1 335억원 ㅇ 공공청사(중앙경찰학교) : 243억원 2) 국고보조지방자치단체사업 : 891억원 ㅇ 하수관거 : 891억원 3) 예비한도액* : 158억원 * 사업추진과정에서예측할수없는지출에충당하기위해국가사업및국고보조자치단체사업한도액합계액의 5% 수준을계상나. 정부가 2015년도지출한예비한도액은 1 073백만원으로구체적인사용명세는다음과같음 1) 국가사업 : 1 073백만원 ㅇ 학교시설(국립대학교생활관): 5 014억원→ 5 025억원 - 3. 참고사항가. 관계법령 : 1) 헌법제 89조 2) 사회기반시설에대한민간투자법」제 7조의2 (민간투자사업의총한도액등국회의결) 나. 예산조치 : 별도조치필요없음.
693  7.,내실있는지방자치를실현하고지역의경쟁력을제고하며지방자치단체의역량을강화하기위하여지방재정의확충및건전성강화지방분권등을체계적계획적으로추진할필요가있음. 이러한사항을국회가종합적으로논의하기위하여 「지방재정·분권특별위원회」를구성하려는것임.  -,
,,가. 정부가 2019년도에실시할임대형민자사업의한도액(BTL)은 4 238억원으로구체적인내역은다음과같음.
9768  9.,1960년 3월 8일헌법에보장된국민의기본권을침해한권위주의적통치에항거하여국민의자유와권리회복‧신장을위한대전지역학생들의민주주의를열망하는함성이있었음. “3·8민주의거”라불리게된이날의의거는대전고등학교 1학년․2학년학생 1 000여명이시위를벌이다경찰과유혈사태를빚게되었고이사건은대구 2․28의거와함께 3․15의거와 4․19혁명의기폭제가된중요한사건으로평가 - - 받고있음.  당시집권당인자유당은독재장기집권을공고화하기위해부정선거를획책하여유권자조작및협박사전투표및공개투표등각종횡포와부패실정이절정에다다랐는바이러한불의에대전지역고등학생들이항거하였고이는시민저항운동으로확대되었음.  “3·8민주의거”는독재와부정‧부패에대항해대전지역고등학생들이자유와민주정의를위한순수한열정으로불의에항거했던민주의거로역사적측면에서 3·15의거와 4·19혁명을촉발시킴으로서우리나라민주화의성숙에크게기여하였음. 그럼에도불구하고그동안정치‧사회적인시대상황과시민들의무관심으로 3‧8민주의거의역사적가치를제대로평가받지못하고있음.  이에 “3·8민주의거”의뜻깊은역사를재조명하고후세들에게나라사랑정신과자유민주주의수호의지를계승하고발전시켜밝은미래를위한초석으로삼기위해정부에국가기념일을촉구하고자이결의안을제출하게되었음.,
242 제안이유  6. 14.,,(전문본문 28개조및의정서로구성) 가. 이협정이적용되는조세를우리나라에대해서는소득세법인세농어촌특별세및지방소득세로하고홍콩특별행정구에대해서는이윤세급여세및재산세로함(협정제2조).
5481  2.,2017년 1월국립과학수사연구원은옛전남도청인근전일빌딩에대해 3차례현장감식및분석작업을한결과외벽(35곳)과내부(150 곳)에서 185개이상의탄흔이발견하고정지비행상태의헬기에서발사됐을것으로추정함. 이는 5ㆍ18 광주민주화운동당시 ‘헬기사격이없었다’고주장해온정부의입장을뒤집는명백한증거라고볼수있음.  실제로지난 89년국회 5ㆍ18진상규명청문회와 95년검찰수사과정에서 5ㆍ18 당시계엄군이시민들을향해헬기총격을가했고사상자까지발생했다는무수한증언들이있어왔음. 또한당시기관총을장착한헬기가매일 5∼6대씩광주에출격했다는증언까지있음그럼에도불구하고지금까지정부가진상규명을외면해왔음. 이번국립과학수사연구원의감정결과를계기로우리군의부끄러운과거를청산하고국민의신뢰를되찾기위해정부가적극나서서 ‘5ㆍ18민주화운동당시계엄군의헬기총격의혹’에대한진상을낱낱이밝히고그에따른응분의조치를취할것을촉구하고자함.  -,
14440,,「국회상임위원회위원정수에관한규칙전부개정규칙안」의개정내용은다음과같음.
691  7.,현재우리사회는경제의지속적인발전가능성을저해하는 ‘인구절벽’의구조적문제와동시에새로운성장기회를포착할수있는 ‘4차산업혁명’이라는외부적도전에직면하고있음. 우리사회가이러한구조적난제를해소하고새로운도전에효율적으로대처하여미래세대에적합한양질의일자리를창출하기위해서는국회차원에서 - - 중장기적인논의가필요함. 이에미래일자리창출을위한경제·사회구조개혁과중장기적인성장방향을논의하기위하여 「국회법」 제44조에따라국회내에 「미래일자리특별위원회」를구성하려는것임.,
22309  9.,,             가. 수출활력을제고하고중장기대규모프로젝트수주와중소· 중견기업을적극지원하기위하여 2020년도 ‘무역보험계약체결한도’를 230조원으로하고본한도를 220조원예비한도를 10조원으로설정함.
10099  11.,최근세계적경기침체및기술발전에따른일자리감소와고용축소로인해우리나라청년실업률이 2012년 9.0%  2014년 10.0%  2016년 10.7%로지속적으로증가하는등청년실업문제는갈수록심화되고있음. 청년실업으로인해우리나라미래를이끌어갈청년들이경제적· 사회적으로심각한어려움에처해있으며국가적으로도청년실업은 - - 저출산·고령화와함께우리나라성장동력을위협할수있는심각한과제임. 이에청년일자리확대등청년미래를위한개선방안을논의하기위하여 「청년미래특별위원회」를구성하려는것임.,
9710 주문,주한미군기지가이전되는평택시등에대한지원이전지역주민의권익을보호하기위하여 「주한미군기지이전에따른평택시등의지원등에관한특별법」이시행되고있음. 또한주한미군에공여된구역으로인해낙후된주변지역의경제진흥과주민의복리증진을위해 「주한미군공여구역주변지역등지원특별법」도시행되고있음.  그러나국가의정책사업인주한미군기지이전등으로인해직접적으로고용관계생활안정을위협받는주한미군내한국인근로자의권익을보호하기위한대책은마련되지않고있는상황임.  이에주한미군한국인근로자에대한지원과주한미군한국인근로자였지만주한미군의이전등으로부득이하게발생하는이직자에대한국가의책무를강조하고체계적이고구체적인지원대책을마련함으로써주한미군기지이전을원활하게추진하고주한미군내한국인근로자및이직자의생계위협생활상불이익을최소화하기위하여결의안을제안함.  -,
17814 동의연월일 : 2018. 12. 27.,의원의자격심사․징계에관한사항을심사하고윤리심사의활성화및전문성․공정성제고등을위한제도적개선방안을논의하기위하여 2018년 7월 「윤리특별위원회」를구성하여 2018년 12월 31일까지활동하는것으로하였으나국회의원에게요구되는윤리의식제고및국민의대국회신뢰회복을위해의원의자격심사․징계에관한사항을체계적이고지속적으로심사하고  「윤리특별위원회」의내실있는운영을위한제도적인개선방안등을논의하기위하여그활동기간을 2019년 6월 30일까지로연장하려는것임.  -,
4741  12.,국가적과제인저출산·고령사회관련정책을국회차원에서효율적으로지원하기위하여 2016년 7월 「저출산·고령화대책특별위원회」 를구성하였으나기존논의사항을바탕으로저출산·고령화문제의구체적인대책을마련하기위하여활동기간을 2017년 6월 30일까지로연장하려는것임.  -,
13808  5.,우리나라의미세먼지연평균농도현황은 2012년까지는낮아지다가 2013년부터소폭상승하면서정체상태를보였으나  2017년이후다시악화또는정체되는상황임.  또한경제협력개발기구(OECD)가발표한 ‘국제대기질평가보고서’에따르면한국의대기질은 180개국가중 173위수준이며대기오염으로인한조기사망률이 2010년 100만명당 359명에서 2060년에는 1 109명으로 3배가늘어날것으로전망하고있는등미세먼지로인해국민의건강과생명에심각한피해를줄수있다는우려가심각하게제기되고있음.  이와관련하여정부차원에서는 2017년 9월 26일미세먼지종합대책을발표하였으나일각에서는정책들간우선순위가불분명하며실효성제고를위한이해관계자들간의사회적합의가필요하다는등의지적이나오고있음.  이에따라미세먼지발생저감및건강피해예방에대한정부대책을통합적으로점검하고적극적인노력을촉구하고자하는것임.  -,
24915,현행법은어린이통학버스운영자에게어린이통학버스운영시보호자를동승시키도록하고동승보호자에게어린이승하차확인좌석안전띠착용여부확인등어린이보호에필요한조치를하도록규정하며어린이통학버스운전자및운영자등의의무를위반한경우 20 만원이하의벌금이나구류또는과료에처하도록함.  그러나어린이통학버스에동승하여어린이의승하차를도와주는보호자는어린이통학버스안전교육이수의무가없어어린이통학안전에사각지대가발생하고있다는지적및차량내어떠한안전조치도취하지않고어린이를탑승시켜운행하는자동차로인하여어린이차량안전사고가계속되고있어이에대한규제방안을마련할필요하다는지적이제기되고있음.  한편실제어린이의통학등에이용되는자동차일지라도현행법에따른어린이통학버스로볼수없다면그운용이일반승합자동차와다름없어법률의사각지대에놓여있다는지적이제기되고있음.  이에어린이통학버스안전교육대상에동승보호자를포함하고어린이통학버스운전자및운영자의의무사항을위반한경우이에대한벌금액을현행 20만원에서 30만원으로상향시키며어린이통학버스요건을갖추지아니하고운행하는경우과태료규정을신설하고안전운행기록을작성보관및제출하도록하며어린이통학버스운영의무위반하여어린이사상사고발생을유발한경우그사실을경찰청또 - - 는주무기관의홈페이지에공개하도록하고현행법의어린이통학버스정의규정을보완하여어린이통학버스의규율의사각지대를없애고어린이의교통안전을확보하려는것임.,가. 어린이통학버스를운용할수있는시설의범위를확대함(안제2조).
527 제안이유,,(전문본문 15개조및의정서로구성) 가. 체약당사자의권한있는당국은이협정의대상조세및조세사건에관한체약당사자의국내법의시행과집행에관련될것으로예상되는정보의교환을통하여상호협조를제공함(협정제1조).
10364  11.,공직윤리를확립하기위하여퇴직공직자의취업제한강화를주요내용으로하는 「공직자윤리법」이개정(2015. 3. 31. 시행)됨에따라취업제한기관의규모및범위등법시행에필요한기준을정비하려는것임.  - - 3. 주요내용가. 국회공직자윤리위원회의위원수를법제9조제3항에따라 9명에서 11명으로증원하면서외부위원수를 5명에서 7명으로조정함(안제 12조).,
17815 동의연월일 : 2018. 12. 27.,「공직선거법」  「정치자금법」  「정당법」 등을심사․처리하기위하여 2018년 7월 「정치개혁특별위원회」를구성하여 2018년 12월 31일까지활동하는것으로하였으나  2020년국회의원선거시행과관련한선거제도개혁에대한논의가진행되고있어공직선거법개정안등관련법률안의일관되고효율적인심사를위하여그활동기간을 2019년 6월 30일까지로연장하려는것임.  -,
7508 주문동의연월일 : 2017.,남북관계는최근경색된국내외정세로인하여완전단절됐으며지난 20세기한반도의전쟁과분단으로인해지금까지가족의생사조차모른채살아가는남북이산가족들의고통은이루말할수없음.  2017년 4월말기준통일부이산가족정보통합시스템에등록된이산가족생존자수는 60 995명으로  80세이상은전체생존자수의 62.2% 에달하며특히생존자중 90세이상은 19.2%에이르러고령화가심화되고있어조속한남북이산가족상봉이시급함.  남북이산가족상봉은남북간상호신뢰회복과관계개선의시발점이자사상과이념을초월한민족적·인도주의적사안으로정치상황과무관하게진행되어야하며인도적관점에서올해 8·15 남북이산가족상봉나아가정례적인상봉을전향적으로모색함으로써남북관계를정상화하는계기로삼아야할것임.  따라서남북당국에게통한의삶을살아가고있는남북이산가족들의아픔을치유하기위해무엇보다도우선적으로조속한 8·15 이산가족상봉을추진하고이에대한다각적인노력을강구할것을촉구하기위함임.  -3,
22041,,가. 협약의목적이탈세또는조세회피를통한비과세또는조세경감의기회를창출하지않고소득에대한조세의이중과세방지를위한것 - - 이라는점을전문에명시함(안제1조).
2334  9. 19.,해방이후경제개발과산업발전을이루는동안고속도로국도와공항특히철도등국가기간교통망은 ‘경부축’을중심으로우선계획하고건설한뒤  ‘호남축’은 ‘경부축’의일정기간이지난뒤에구색맞추기식으로계획되고건설되어왔다. 특히고속철도는 ‘경부축’보다 ‘호남축’과 ‘전라축’이 10년∼20년늦게건설되어상대적박탈감이크다.  더구나호남에서도전라선과전라북도는더욱소외되어항상서울에서지역까지고속도로및공항등의운행시간요금운행회수운임등에있어차별과불평등으로시민들이불이익을감수해야만했다.  호남방향의기반시설고속철도의경우에도역시불평등과차별은이어졌다. 1987년대선공약으로처음추진된고속철도는 89년착공  2003년경부축 1단계가완성될때까지호남방향은논의만무성했다.  2004년경부축운행개시이후경부축착공 15년만인 2005년 2월국회에서의결한 「호남고속철도조기착공촉구대정부건의안」을계기로 2006년기본계획이확정되었다. 대선공약이후무려 28년만인 2015년 4월호남고속철도 1단계구간(용산∼광주송정)이개통되었다.  그런데터무니없이높게산정된요금과지나치게적은운행편수등불합리한운영으로인하여국민편익을크게저해하고있는실정 - - 이다.  현재 KTX 운행현황은경부선 74회호남선 24회(편도)  전라선 10 회(편도)이다. 운행간격을보면경부선 15분내외호남선 27분내외인데비해전라선운행간격은 96분이다.  그럼에도불구하고전라선은개통(2015.4.2.) 이후이용객이 49% 증가했고올해약 60% 증가가예상된다.  향후현재계획대로 ‘수서발’ 고속철도가운행된다면금년말고속철도운행은호남선 34회/ 경부선 92회/ 전라선은 10회이며운행간격격차는더욱커질것이다.  전국 4개노선(경부경전호남전라) 중관광객이용인구가가장높은 KTX 전라선은대기시간이길고다수승객이입석으로이용하고있다[전주한옥마을에연간 1천만명이방문하는등구례지리산순천순천만과여수해안관광을포함한전라선인근관광지는한해 2 800 만명이상으로수요대비공급불균형문제가심각하다. 현재이용객을전라북도에서분석한결과관광객의이용비율(33%)이가장높다고한다].  더큰문제는 2016년말운행예정인 ‘수서발’ 고속철도는경부선과호남선만면허를허가하여운행할뿐전라선은면허도운행계획조차없다는것이다. 이에국회는정부(국토부)가즉시 ‘수서발’ 전라선의운행면허를발급하여고속열차를확보하고다른노선과함께금년말전라선운행이정상적으로이루어지도록조치를취할것을요구한다. 또한코레일전라선운행횟수를대폭늘려전주와여수등방향으로장시간대기하거나서서가야하는불편을감수해온전라북도전라남도도민과전라선경유지역방문을원하는국민의불편을해소해야할것이다.  -,
19128,,가. 우리나라는주한미군의주둔에관련되는경비의일부를부담하고그지원분은인건비분담군수비용분담및우리나라가지원하는건설항목으로구성됨(안제1조).
4736  12.,지방재정확충및건전성강화지방분권등에관한사항을논의하기위하여 2016년 7월 「지방재정·분권특별위원회」를구성하였으나지방분권분야에관한지속적인논의와의견수렴을위하여활동기간을 2017년 6월 30일까지로연장하려는것임.  -,
3956 주문,올림픽대회는단순한스포츠행사를넘어서경제·문화·과학기술등을포괄하는종합적인엔터테인먼트성격의메가스포츠이벤트로발전하고있음.  특히서울올림픽이후 30년만에개최되는 2018 평창동계올림픽은정보통신환경에너지한류등우리나라의역량을전세계에보여주고국격을높이는중요한계기가될것임.  2018 평창동계올림픽은 100여개국 5만여명이참석하는대규모행사로서대회의성공적개최를위해서는대규모인원의출입국에서부터숙박및관람객수송전력공급경기진행금융지원등공공기관등의협조가필수적임.  특히대회운영을위한비용의조달뿐만아니라자금의안전한보관과금융거래를위해서는금융기관후원사의선정이시급하나현재국내금융기관의후원사가결정되지않아올림픽준비에어려움이많음.  2010년밴쿠버올림픽  2014년소치올림픽등해외의올림픽사례에서도전력철도공항가스등공공기관이성공적인올림픽을개최하는데중요한역할을하였으며특히금융기관이핵심적인후원분야로참여하여성공적인대회에기여하였음.  각공공기관과금융기관의올림픽에대한적극적인참여와지원은해당분야의역량과수준을높이면서국가적인차원에서의효과적인재원배분에도기여할것으로판단됨.  각공공기관과금융기관의올림픽참여와지원을이끌어내기위해서는평창올림픽후원으로인한공공기관경영실적평가불이익방지와가점부여방안등정부차원의법적·제도적뒷받침이필수불가결함.  동계올림픽의특성상월드컵이나하계올림픽과달리마케팅수입 - - 에한계가있으므로  2018 평창동계올림픽의성공적인개최를위해서는전력철도공항가스등공공기관뿐만아니라금융기관도적극적으로참여할필요가있으며이를위하여정부의법적·제도적장치마련이필수적임. 이에따라정부부처공공기관금융기관의 2018 평창동계올림픽에대한적극적인참여와지원을촉구및권유하려는것임.,
872  7.,,(전문및본문 25개조로구성) 가. 이양해서의적용대상은대한민국의국민연금에관한법령과퀘벡의퀘벡연금제도에관한법령임(양해서제2조).
9009,,             가. 수출활력을제고하고중장기대규모프로젝트수주와중소· 중견기업을적극지원하기위하여 2018년도 ‘무역보험계약체결한도’를 230조원으로하고본한도를 220조원예비한도를 10 조원으로설정함.
10367  11.,및주요내용 「공공기관의정보공개에관한법률」이개정(법률제11991호  2013.,
3678 제안이유  11. 17.,,(전문및본문 13개조로구성) 가. 체약당사자의권한있는당국은이협정의대상조세에관한체약당사자의국내법의시행과집행에관련될것으로예상되는정보의교환을통하여협조를제공함(협정제1조).
10342,1970년대후반대한민국건설업계의중동(中東) 진출등해외건설시장진출은건설업의비약적인성장과국가경제발전의중요한밑거름이되었음.  그러나타국의열악한상황에서조국과가족을위하여열심히일했던건설인들의노고와사회적의미는제대로인식되지못하고있는실정임.  이에해외건설인의날을제정하고그날을기념함으로써해외건설인들의긍지와자부심을북돋우고노고를위로하려는것임.  -,
24629 동의연월일 : 2020. 2. 24.,코로나바이러스감염증19(COVID19)의확산을방지하고사태를조기에종결하며국민불안해소및경제적피해최소화를위한국회차원의종합적인대책을마련하고검역조치강화대응매뉴얼개선지원방안마련등근본적인감염병관리대책방안을논의하기위하여여· 야합의로 「국회코로나19 대책특별위원회」를구성하려는것임.,
3605  11. 15.,현재정부가추진중인역사교과서국정화가중단및폐기되어야하는이유는아래와같다.  첫째현재정부가추진하는역사교과서의국정화는  2013년이른바 ‘교학사한국사교과서논란’이불거진이후추진되어온안으로범정부부처가조직적으로개입하여교육적목적이아닌특정한정치적목적아래추진되었다.  교육부장관은 2015년 10월 7일국회교육문화체육관광위원회국정감사에서국정교과서전환방침이 “결정된바없다”고답변했음에도불구하고  2015년 10월 12일갑작스럽게역사교과서행정예고(중․고등학교교과용도서국․검․인정구분안)를하고정부는기다렸다는듯이 10월 13일국무회의를개최해 ‘교과서편찬을위한예비비 44억원의지출’을의결했고  44억원중 22억원을불과보름만에한국사국정교과서홍보비용으로사용했다. 범정부부처가행정예고기간동안국민여론을 ‘국정화찬성’으로유도하기위해조직적으로개입했던것이다. 또한 2015년 10월 5일이미교육부내이른바 ‘국정교과서 TF 팀’이조직되어비밀리에운영되고있었던점을고려한다면현재정부가추진중인역사교과서의국정화는 ‘2015 개정교육과정’에부합하는교육적목적아래에서의교육과정개정이아닌어떤특정한정치적목적하에추진되었음을반증한다.  둘째현재정부가추진하는역사교과서의국정화는국정교과서를반대하는대다수학계․교육계․일반국민의의견을묵살한채비민주적으로추진되었다.  - - 국정화고시에관한행정예고기간(2015년 10월 12일11월 2일) 동안한국근현대사학회한국역사연구회를필두로 28개역사학회가 ‘국정화철회요구’ 공동성명을발표하고서울대․연세대․고려대등전국 73 개대학에서역사학을전공하는교수 80%가국정교과서집필거부를선언하고예일대등해외대학한국학교수 154명도국정화반대서명에동참했다. 또한행정예고기간동안교육부에접수된총 47만건의의견중 32만건이국정화반대의견이었고전국중고교에재직중인전국역사교사모임소속교사의 90%가국정화반대의견을제출했음에도불구하고  2015년 11월 3일국정화고시(중․고등학교교과용도서국․검․인정구분고시)를강행했다. 사회적의견을제대로수렴하지않은정부의국정화고시로인하여종래중․고등학교교과용도서중오로지중학교역사및고등학교한국사교과용도서만이 ‘국정도서’로전환되었다.  셋째현재정부가추진하는국정화역사교과서는 2017년 1학기부터각급학교에보급하는것이원천적으로불가능하였음에도불구하고  20 15년 12월 1일수정고시를거쳐박근혜대통령의임기내완료를목표로변칙적으로졸속적으로추진되었다.  교육부의당초계획에따른다면(교육부고시제201574호  2015.9.2 3.)  ‘2015 개정교육과정’의시행시기는순차적으로적용되어중학교역사와고등학교한국사는 2018년 3월 1일부터중학교 1학년및고등학교 1학년에게시행되었어야했다. 교육부는교육부의당초고시에따를경우 2017년 3월부터의적용이어렵다는사실을뒤늦게인지하고  2015년 12월 1일 ‘수정고시’(교육부고시제201580호  2015.12.1.) 를통해중학교역사및고등학교한국사과목만 2017년 3월 1일부터적용하도록하였다. 이는현재정부가추진하는역사교과서의국정화가박근혜대통령임기내에각급학교에시행되도록무리하게일정을추진한것으로절차적인하자가내재된채추진되었다.  넷째현재정부가추진하는국정역사교과서는위법하게진행되어절차적으로하자가있다. 구체적으로행정절차법시행령위반예비비승인및지출에있어헌법및국가재정법국가계약법. 정부광고시행에관한규정을위반했다.  행정절차법시행령은행정청이행정예고를할때그계획내용을 “관계기관의장에게송부하여그의견을들어야”한다고정하고있다 (시행령제24조의2 제1항). 따라서국정화고시를통해시도교육감의업무영역이달라지므로각시도교육감은의견제출의권리가있는 “관계기관의장”임에도불구하고교육부는국정화고시에대한행정예고를할때교육감으로부터의견을수렴하는절차를거치지않아이는행정절차법령에서정한행정예고절차를명백히위반한것이자지방교육자치의취지에반하여교육부장관이독단적으로결정하고자한위법한행위이며절차적으로하자가있는행위이다.  또한 2015년 10월 13일국무회의에서국정역사교과서편찬을위한예비비 44억원을의결하고이중 22억원을행정예고기간동안집행 - - 한것은헌법과국가재정법을위반한것이다. 예비비는헌법제55조제2항국가재정법제22조제51조에의거해  ①예측불가능성(예산의편성이나심의당시예측할수없었고)  ②시급성(시간적으로긴박하며)  ③ 보충성(불가피한초과지출에충당의필요가있는경우) 요건을갖추어야함에도불구하고  ‘한국사국정교과서홍보비용’은이러한예비비의제반요건을명백히결여한것이다. 더나아가정부는예비비지출에관한국회의자료제출요구를거부해예비비총액에대한국회승인및예비비지출에대한차기국회의승인을정하는헌법의취지에명백히반하고있다. 따라서교육부장관이법령을위반하면서까지 ‘행정예고제도’의취지에반하여국민여론을일방향으로형성․ 조작하려는행위로명백히위법하다.  한편국가계약법제7조에따르면국가는 5 000만원이넘는계약을체결할때입찰을거쳐야함에도불구하고교육부장관은행정예고기간에지상파방송사와 3억원이상의광고대금을책정하였지만입찰절차를거치지않았다. 국정화홍보광고계약은입찰예외사유(국가계약법시행령제26조)에해당하지않아절차적으로위법하다.  또한교육부장관이국정화고시행정예고기간중인 2015년 10월 19 일부터지상파방송사를통해국정화홍보광고를내보낸것은국무총리훈령인「정부광고시행에관한규정」제5조문화체육관광부지침인 「정부광고업무시행지침」제3조를위반한것이다. 위규정및지침에따르면정부기관은한국언론진흥재단을거쳐서만광고를의뢰해야하지만교육부장관은한국언론진흥재단을거치지않은광고가있어절차적하자에해당한다.  다섯째정부는중학교역사․고등학교한국사교과서의편찬기준편찬심의위원회및집필진명단등의정보전문가협의회의회의내용  2015 개정교육과정역사교과심의위원회회의내용등의국정교과서추진과정에서의주요정보를철저히가린채이른바 ‘깜깜이’로진행하고있어교과서의내용과질을사전에판단할수없도록하고있다.  이에역사교과서와함께사용될역사부도는집필진조차편찬기준도모르는상태에서역사부도책을집필하고있으며국회교육문화체육관광위원회에서의결한자료조차제출하지않고있다.  여섯째정부는역사교과서를국가가지정한하나의단일한역사를정사(正史)로주입하려한다는점에서반헌법적이며  1974년유신시기국정교과서로되돌아갔다는점에서교육발전을심각하게퇴행시켰다.  -,
9601 제안이유  9. 26.,,(전문및본문 19개조로구성) 가. 이협약의목적은가장취약한인구의생명을구하고기아를줄이며식량안보를증진하고영양상태를개선하는것임(협약제1조).
22034,,가. 이협정이적용되는조세를우리나라의경우에는소득세법인세농어촌특별세및지방소득세로하고싱가포르의경우에는소득세로함 (안제2조).  - - 나. 이협정이적용되는소득은부동산소득사업이윤해운및항공운송이윤배당이자사용료양도소득고용소득등으로하고대상소득별과세원칙은다음과같이함(안제6조부터제14조까지).
2320 제안이유,,가. 소말리아아덴만해역에파견된국군부대의파견기간을 2017년 1월 1일부터 2017년 12월 31일까지 1년간연장함.
3824,한국체육의미래는학교체육의든든한기반위에생활․엘리트체육이꽃피우는데있다. 한국체육은지난수십년간엘리트체육을중심으로왜곡된구조로발전해왔다. 소수의우수한선수들을집중적으로육성하였고국가적이해에부합하도록하는엘리트체육패러다임을고수해왔다. 하지만뿌리가튼튼한바탕위에나무가자랄때튼튼한미래를담보할수있다. 체육을나무로치면학교체육은뿌리요생활체육은줄기이며엘리트체육은열매이다.  학교체육의든든한기반위에단절된한국체육은연계되어야한다.  - - 한국체육은세계적으로유례없이학교․생활․엘리트체육이개별적인발전을추구해왔으며체육자원의낭비를초래하고각영역간의효율적연계를상실해왔다. 스포츠대중화를실현하고있는선진외국의스포츠시스템은세영역이구조적제도적으로연계되어있다는점을상기해야한다. 연계를통해학교․생활․엘리트체육은상생의길을찾을것이고  ‘그들만의체육’을넘어 ‘국민들의체육’이될것이다.  우리처럼사계절이뚜렷한기후조건에서학교체육이정상적으로운영되기위해서는체육관이필수적으로조성되어야한다. 3월에도실외온도가낮아정상적인체육수업을실시하기어려운경우가많고체육관이없는경우비가오면수업진행에차질을빚고배수문제로며칠은더체육활동에지장을초래한다. 모래바람이라도부는날에는체육수업을정상적으로진행하기힘들다.  학교체육의선진화를위해서는환경적조건이갖추어져야하며특히친환경운동장조성이바탕이되어야한다. 학교운동장은청소년들의안전과건강을위해친환경적으로조성되어야하지만인조잔디충진재의유해성논란이불거진데이어  2016년에는우레탄트랙의유해성논란이뒤따랐다. 전국초․중․고․특수학교 11 690개중 24%에해당하는 2 763개교에우레탄트랙이설치되어있으며이중 1 767개의우레탄트랙에서기준치이상의유해물질이검출되어안전성에대한우려가커진바있다. 이러한논란을상기하며학교운동장을친환경적으로조성하여안전한체육환경을만드는데정부가적극나서야한다.  친환경운동장과학교체육관은학생들의수업뿐아니라지역사회의체육시설로도활용될수있다. 체육시설이턱없이부족한현실에서학교와지역사회가 ‘연계’된다면학교체육시설이지역주민을위한체육활동공간으로활용될여지도크다. 학교체육시설의조성은학생과지역주민모두를위해확충될필요가있다.  한국체육이추구해야할가치는 ‘운동하는일반학생공부하는학생선수’의실현이다. 스포츠클럽은학교체육의새롭고큰틀로써학교․ 생활․엘리트체육의연계를전제하고있다. 스포츠클럽을통해청소년들의체육활동을증진하고전생애에걸쳐체육을즐길줄아는문화를형성할수있다. 독일스위스프랑스네덜란드등유럽복지국가들또한청소년의체육활동을위하여스포츠클럽을활발하게실시하고있다는점을주목해야한다.  학교스포츠클럽의성공적인정착및학교체육전반의체계적인질관리를위하여초·중·고학교체육연맹을설립해야한다. 학교체육정책을효율적으로관리할수있는상설기구의부재는학교체육현장을개 - - 선하려는노력이분산되는결과를낳고있다. 따라서초·중·고학교체육연맹을통해일반학생들의체육활동참여가교육적목적을견지하며정책이행의효율성을담보할수있도록해야한다. 또한초·중· 고학교체육연맹한국대학교육협의회대학스포츠총장협의회의연계를통해체육특기자의체계적인학사및진학관리가이루어져야한다.  수영안전교육의의무화또한이루어져야한다. 수영은청소년의전인적성장발달을위한체육의가치를잘반영하고있으며필수생존교육활동의성격을가진다. 수영은수상안전의구성요인이며수상안전을수행하는기본이다. 수영은체력향상을비롯해건강을도모하며개인의안전을확보하기위한방편이므로교양또는선택이아니라필수로서수영안전교육이이루어져야한다.  ‘공부하는학생선수’의가치실현은학생선수의인권과학습권을보장하는데서시작한다. 학생선수는선수이기이전에학생이고학생이기이전에인간이다. 우리헌법이인간으로서의 ‘행복추구권’을천명하고있지만학생선수는충분히인간으로대접받고있지못하다. 승리만을강요하는현재의학교운동부는획일화와폐쇄성을지향하는비교육적구조이다. 획일적이고강요된훈련승리를위해서는수단과방법을가리지않는비교육적풍토가우리학교체육을멍들게하고있다.  학교운동부의반인권적구조중심에는 ‘운동부합숙소’가있다. 합숙소에서생활하는학생선수는가족과떨어져장기합숙훈련을요구받고학교급우와의접촉도제한된다. 오직운동에만매달리는단조로운생활이이어지고합숙소의일과때문에사생활도보장받지못한다.  2003년 3월천안의한초등학교축구부합숙소에서화재가났다.  이화재로 9명의초등학생이숨을거두었다. 2003년의그날이후  13 년이지난현재에도전국에 218개의운동부합숙소라는이름의생활공간이존재하며  4 039명의학생선수들이연평균 220일을생활하고있다. 합숙소관련규제들이강화되었지만여전히합숙소가운영되고있는실정이다.  학생선수의 ‘학습권’ 박탈을바라보며우리사회는학생선수의학업이수에대한비판을금기시해왔다. 학교가지향하는전인교육의성취와는역행하는기이한형태가학생선수들의문화로자리잡아온것이현실이다. 학생선수가같은또래학생들에비해부족한학업을보충하고학교교육참여할수있는기회를보장해주어야한다. 학교교육의목적은학생이정상적수업을통해교육적성장을이루는것에있으며학생선수또한학생으로서이러한목적을달성해야한다.  - - 학생선수의기초교육결여와학력저하를막기위한최저학력제의실효적실시가필요하고주중대회를금지해수업결손을막아야하는이유이다.  학원스포츠가선진화되기위해서는운동부지도자와스포츠클럽강사의처우개선도뒤따라야한다. 처우개선의방향은 ‘신분불안의해소’와 ‘저임금구조의개선’이다. 교원이교직에전념하기위해적정수준의처우가보장되어야하듯스포츠클럽강사와운동부지도자가자긍심을가지고체육활동을지도할수있도록정부가나서야한다. 이들에대한적정수준의처우가보장되지않는다면학교체육활동의질을보장할수없다.  국회는청소년의체육활동기회를확대하고학생선수의인권이보장될수있도록정부가적극적으로조치할것을촉구한다. 청소년들이체육활동을통해건강하고행복하게자랄수있도록돕고안전한환경속에서체육활동의주체로서성장할수있도록이끌어야한다. 학생선수들이맹목적으로승리만을추구하지않으며합숙소의반인권적구조속에생활하지않고학습권을보장받아교육적성장을이룰수있도록도와야한다. 이것이우리학교체육을선진화하는방법이며우리한국체육이지녀야할시대정신이다.  우리국회는 2007년에국회에서통과된학원체육정상화를위한촉구결의안에이어 2016년이학교체육선진화를위한원년이되기를기대하며  ‘운동하는일반학생공부하는학생선수’의가치지향을담아정부에학교체육선진화를위한동결의안을제안한다.  -,
,「사회기반시설에대한민간투자법」제 7조의2에따라 2020년도에실시할임대형민자사업(BTL)의총한도액및대상시설별한도액과전년도에사용한대상시설별예비한도액의사용명세를국회에제출하고자하는것임.,가. 정부가 2020년도에실시할임대형민자사업의한도액(BTL)은 5 479억원으로구체적인내역은다음과같음.
14438  7.,,가. 이규칙의제명을 ‘윤리특별위원회운영등에관한규칙’으로변경함.
24994  5.,헌법상기본원리인법치주의실현을위해서는법률이알기쉽고분명한용어로표현되어있어서일반국민이라면누구나그내용을쉽게이해하고법을잘지킬수있어야함. 그러나현행법률에서는어려운한자어나일본식표현을사용하는경우가많아국민의일상언어생활과거리가있다는지적을받고있음.  입법권에대한권한과책임을부여받은국회는한문이나한자어가친근하지않은세대가증가하고있는사회변화에맞추어법률용어와문장을한글화하고이해하기쉽게표현하도록노력할필요가있음.  - - 이를위해어려운한자어축약된한자어부자연스러운일본식용어등을한글화하거나보다쉬운표현으로개정함으로써법률에대한국민의이해정도와접근가능성을확장시키고국회에대한국민의신뢰를높이는데에기여하고자함.,가. 법률용어의정비는간단한의미의비전문적인용어를중심으로법제적및국어학적측면을고려하여개정하는방식으로하되  ‘기타 → 그밖의’  ‘～규정에의한 → ～에따른’ 등과같은관용적인순화표현을함께개정함.
158 동의연월일 : 2016.,상임위원회간위원정수편차를조정할필요가있어「국회상임위원회위원정수에관한규칙」을개정하기위하여 「국회상임위원회위원정수에관한규칙개정특별위원회」를구성하려는것임.  -,
24074  11.,국민이국회의원의소개를받지않고도일정기간동안일정수이상의국민의동의를받아국회에청원할수있도록 「국회법」이개정(2019. 4. 16. 개정)됨에따라법률에서위임한사항과그시행에필 - - 요한사항을규정하려는것임.,가. 「국회법」에따라국회에제출하는청원은의원소개청원과국민동의청원으로구분함(안제1조의2 신설).
24986,및주요내용헌법재판소는국회의사당국무총리공관및각급법원의경계지점으로부터 100미터이내의장소에서옥외집회및시위를금지하는규정에대하여헌법불합치결정을하였음.  집회·시위의자유는헌법상기본권으로의사표현의수단이며특히소수집단에게의사표현의통로가된다는점에서민주주의의필수적인요소임. 다만집회·시위는집단적행동을수반하므로타인의법익을침해하거나공공의안녕질서와충돌할수있기때문에집회·시위의자유와공공의안녕질서의적절한조화를모색하는것이필요함.  이에국회의사당국무총리공관각급법원헌법재판소의경계지점으로부터 100미터이내의장소에서집회·시위를예외적으로허용하여헌법재판소결정의취지에따라옥외집회및시위의금지장소에관한규정을개정하여집회·시위의자유와공공의안녕질서의조화를이루고자함.  - 법률제호집회및시위에관한법률일부개정법률안집회및시위에관한법률일부를다음과같이개정한다.  제11조제1호를다음과같이하고같은조제2호부터제4호까지를각각제3호부터제5호까지로하며같은조에제2호를다음과같이신설하고같은조제4호(종전의제3호)를다음과같이하며같은조제5 호(종전의제4호) 각목외의부분단서중 “해당하지아니한다.”를 “그러하지아니하다.”로한다.,
6509 주문  3.,중국정부는사드배치를이유로하여한한령한국기업에대한영업정지중국단체관광객의관광금지등다양한형태의보복행위로사실상양국관계를파국으로몰아가고있음.  이는국제법과국제통상원칙에어긋나는행위이자그동안다방면에서상호호혜적관계를유지해온양국간에심각한외교적갈등을야기할수있는중대한사안으로보임.  이에대한민국국회는한·중간의긴밀한우호관계에심각한타격을주는중국정부의전방위적인사드보복의조속한중단을촉구하는동시에우리정부도중국과의문제해결을위한대화에나서는등적극적인노력을펼칠것을촉구하는것임.  -,
10369  11.,「국회법」의개정(2016. 12. 16.)으로위원회청원심사기간및심사기간연장규정이신설됨에따라규칙에심사기간연장절차를마련함으로써신속하고원활한청원심사가이루어지도록하고자함.  - - 또한위원회및본회의의청원심사절차및본회의의결후후속절차를명확하고체계적으로규정함으로써청원심사의적법성을제고하고자함.  한편청원의심사및처리절차에따라조문을체계적으로정비하고개정된지 20년이지난현행규칙을법률표준화에맞추어한자를한글로바꾸고용어를정비하고자함.,가. 청원인이다수인경우에는대표청원인을소개의원이다수인경우에는대표소개의원을각각지정하도록함(안제2조제5항).
8870,,가. 미래창조과학방송통신위원회를과학기술정보방송통신위원회로함 (안제5호).
24806,             지난 1월 20일국내처음으로발생한코로나19 누적확진자는 3월 12일 0시현재 7 869여명에이르렀고코로나19는감염력도매우높아전국적으로확산되고있는추세이어서국민의건강안전에커다란위협이되고있음.  정부는감염의심환자의확인및감시체계를강화하고의약단체․감염단체등과의협력체계를구축하여의료기관환자의선별진료를실시하며감염예방수칙을정하여대국민을대상으로홍보를실시함으로써감염확산의방지를위해사투를벌이고있음.  그럼에도불구하고코로나19는주로재채기나가래호흡기분비물에의해감염되는특징이있고증상초기에다량의바이러스를배출하여전파력이여느감염병보다높아서정부가추진하는방역만으로는감염확산의방지에한계가있는것으로보임.  현재코로나19는전국으로확산되면서지역사회에서감당하기어려운수준으로전개되고있으며확진자감염추이도줄어들지않고있는상황임.  이로인해대구․경북지역에서는감염환자를치유할수있는병실이턱없이부족하고마스크는그수요에비해공급이절대적으로부족하여전국적으로품귀현상도나타나고있음.  코로나19처럼전파력이높은감염증은짧은시간동안간단한접촉으로도감염이발생할수있는만큼사람들간의접촉을줄이는것이무엇보다중요하다볼수있으므로다른지역으로감염확산을방지하기위해서는모든국민들이방역의대상이아닌주체로서적극참여할필요가있음은물론사회구성원들의좀더성숙한공동체의식이필요한시점임.  - - 이에대한민국국회는코로나19의감염확산방지와조속한종식을위해감염확산의원인인집단행사나모임등대면접촉활동자제를전국적으로확산시키고대구․경북지역의병실부족문제를해결하기위한지자체간의상호협력을통해감염증재난위기상황을신속하게극복하기위해결의안을제안하려는것임.,
22039,,가. 협약의목적이탈세또는조세회피를통한비과세또는조세경감의기회를창출함없이소득에대한조세의이중과세방지를위한것이라는점을전문에명시함(안제1조).
22861 제안이유  10. 11.,,가. 소말리아아덴만해역에파견된국군부대의파견기간을 2020년 1월 1일부터 2020년 12월 31일까지 1년간연장함.
24891  4.,공정거래위원회조사의적법절차를강화하고조사권한의재량을축소하며사건처리의투명성을제고하는등전반적인법집행절차를정비하려는것임.,가. 동의의결이행관리제도도입(안제48조의2 및안제51조의3 등) 동의의결이행감독체계의효율성및전문성을고려하여이행관리업무를한국공정거래조정원또는한국소비자원에위탁할수있도록하고한국공정거래조정원등은신청인이제출한동의의결의이행계획 - - 과이행결과에대한이행관리현황을분기별로공정거래위원회에보고하도록함.
530  6.,,(전문및본문 22개조로구성) 가. 인도대상범죄는인도가청구된시점에양당사국의법에따라최소 1년이상의자유형이나그이상의중형으로처벌할수있는범죄로함(조약제2조).
4739  12.,대한민국헌법은 3 · 1 운동으로건립된대한민국임시정부의법통을이어받아 1948년제정되었으며  1987년제9차개정된현행헌법은국민의기본권을실질적으로신장시키고권위주의정치체제를타파하여민주주의발전의획기적인전환점을마련하였음.  그럼에도지난 30여년간국내외의정치경제사회적환경이급변하여기존헌법체제하에서개별법률의개정이나제도의보완만으로는해결할수없는여러문제가나타나고있어헌법개정은더이 - - 상미룰수없는과제가되었음.  이에국민의대표기관인국회가국민의다양한의견과여론을수렴하고이를토대로헌법개정안을심도있게마련하기위하여 「국회법」 제44조에따라 「헌법개정특별위원회」를구성하려는것임.,
21194 동의연월일 : 2019.,법원․법조개혁검찰․경찰인사독립성및수사중립성강화등사법전반에걸친개혁방안의마련및 「검찰청법」  「경찰법」  「형사소송법」 등관련법안의심사․처리등을위하여 2018년 7월 「사법개혁특별위원회」를구성하여현재까지활동하였으나현재사법제도전반에걸친개혁방안이논의되고있고검찰․경찰․법원개혁에대한종합적이고체계적인방안을마련하기위하여국회차원의논의가계속될필요가있으므로그활동기간을 2019년 8월 31일까지로연장하려는것임.  -,
22032,,가. 이협약이적용되는조세를대한민국의경우소득세법인세농어촌특별세및지방소득세로하고아랍에미리트연합국의경우는소득세와법인세로함(안제2조).  - - 나. 이협약이적용되는소득은부동산소득사업이윤해운및항공운수이윤배당이자사용료및양도소득등으로하고대상소득별과세원칙은다음과같이함(안제6조부터제13조까지).
4737  12.,경색된남북관계의해소방안을모색하고남북관계정상화와교류협력발전방안을논의하기위하여 2016년 7월 「남북관계개선특별위원회」를구성하였으나  ‘통일정책가이드라인’을마련하는등남북관계개선에관한사항을충분히논의하기위하여활동기간을 2017 년 6월 30일까지로연장하려는것임.  -,
19432 주문  3.,K11복합형소총사업은 2010년 5월양산에착수한이래로유사유형의총기폭발사고와사격통제장치의균열비정상격발(악작용)이발생하였고결함이발생한부분에대한원인분석개선안마련및기술변경이반복되고있음.  방위사업청은 2013년 12월까지일부물량을납품받았으나총기폭발사고및반복적인결함발생으로 2019년 2월현재까지양산이중단된상황이며기전력화된총기에대한전수검사결과 79정에서사통장치미세균열이발생한것으로나타나안전성문제등이제기됨에따라납품된총기전량은전혀사용하지못하고 4년째창고에보관하고있는상황임.  - - 특히  K11복합형소총은중량과다내충격성미흡배터리사용시간제한사격통제장치균열비정상격발(악작용)  이동시사용이원활하지못한문제엄폐및차폐된적제압여부등의문제로소총으로서의기능에도한계가있다는지적이있으며이는소요결정당시요구성능과시험평가항목및기준에 “엄폐및차폐된적제압”  “소총수준의내충격성” 등의핵심운용개념이반영되지않아운용개념을달성할수없는국방규격제정에기인한것이라는지적과이러한이유로소총이양산되더라도운용개념을달성할수없다는점에서사업을중단하는것이타당하다는문제제기가있으므로전력화의적합성여부등에대하여규명할필요가있음.  이에 K11복합형소총사업의전력화전과정(소요제기∼양산단계)에대한감사원의감사를요구함.,
690  7.,현재우리사회가저출산·고령화등경제·사회의구조적위기와함께본격적인저성장시대로진입하였다는우려가제기되고있음. 이와동시에저금리등으로인한전세수급불균형에따른전·월세가격상승가계부채증가및청년등의일자리문제심화등민생경제가전반적으로어려운환경에처해있음. 이에국회차원에서서민주거안정과 - - 민생안정을위한방안을논의하기위하여 「국회법」 제44조에따라국회내에 「민생경제특별위원회」를구성하려는것임.,
15312 제안이유,,가. 소말리아아덴만해역에파견된국군부대의파견기간을 2019년 1월 1일부터 2019년 12월 31일까지 1년간연장함.
245 제안이유  6. 14.,,(전문및본문 13개조로구성) 가. 협약이적용되는조세를우리나라에대하여는소득세법인세농어촌특별세및지방소득세로하고폴란드에대하여는개인소득세및법인소득세로함(의정서제1조).
10096  11.,현재미국의 ICT기업주도경제혁신독일의제조업주도산업전략등세계각국은자국의현실과경쟁력등을고려한맞춤형 4차산업혁명정책을추진하고있음. 그러나우리나라는명확한목표와대상이없이정보통신제조업농업인공지능등모든분야에대해포괄적으로 4차산업혁명정책을추진하고있어스위스 UBS(Union Bank of - - Switzerland)의주요 45개국 4차산업혁명적응력순위에서 25위에그치는등 4차산업혁명에대한대응속도가주요국에비해뒤쳐지고있음.  이에우리나라에적합한 4차산업혁명모델수립및관련원천기술개발지원을위한여건조성방안그리고원활한 4차산업혁명진행을위한법·제도개선및유관분야정책조정방안을국회차원에서논의하기위하여 「4차산업혁명특별위원회」를구성하려는것임.,
3677 제안이유  11. 17.,,(전문본문 36개조및부속서로구성) 가. 유전자원의이용과후속활용등으로부터발생하는이익은그자원의원산지국가로서그자원을제공하는당사자또는 ｢생물다양성에관한협약｣에따라유전자원을획득한당사자와상호합의된조건에따라공정하고공평한방식으로공유되며각당사자는이를 - - 위한입법적행정적또는정책적조치를함(의정서제5조).
14551  7.,국회의원선거제도를포함한정치개혁의제전반에관한사안을심사·처리하고이를바탕으로 「공직선거법」제24조의2에따라제21 대국회의원지역구를확정하기위하여여·야합의로 「정치개혁특별위원회」를구성하려는것임.  -,
2157,,             가. 무역을진흥하고대형플랜트발전․설비등해외프로젝트수주와신흥시장개척등을적극지원하기위하여 2017년도 ‘무역보험계약체결한도’를 230조원으로하고본한도를 220조원예비한도를 10조원으로설정함.
695  7.,국회는국내에서개최되는국제경기대회를성공적으로개최할수 - - 있도록그지원방안을논의하기위하여 2008년 「국제경기대회(세계육상선수권대회아시아경기대회포뮬러원국제자동차경주대회)지원특별위원회」(2008. 8.26.∼2009. 8.25.)  2009년 「국제경기대회개최및유치지원특별위원회」(2009.12. 8.∼2011.12.31.)  2010년 「국제경기대회개최및유치지원특별위원회」(2010. 4.27.∼2012. 5.29.)  2012년 「평창동계올림픽및국제경기대회지원특별위원회」(2012.,
878  7. 14.,,(전문본문 29개조및의정서로구성) 가. 이협정이적용되는조세를우리나라의경우소득세법인세농어촌특별세및지방소득세로하고조지아의경우이윤세및소득세로함(협정제2조).
17817 동의연월일 : 2018. 12. 27.,에너지분야의현안및정책과제3차에너지기본계획수립에관한사항을논의하기위하여 2018년 7월 「에너지특별위원회」를구성하여 2018년 12월 31일까지활동하는것으로하였으나에너지와관련된현안및정책을종합적으로점검하고제도개선및지원방안을강구하며제3차에너지기본계획수립등에대한국회차원의논의가계속될필요가있으므로그활동기간을 2019년 6월 30일까지로연장하려는것임.  -,
1793  8.,2016년 8월 9일은 故손기정선수가베를린올림픽마라톤종목에서금메달을획득한지 80년이되는날임.  일제강점기하고난의시기에도불구하고 故손기정선수는단한번도자신이일본인이아닌조선인임을분명하게밝히지않은적이없으며이를통해민족에게희망과자부심을안겨주었다는것은그누구도부인할수없는역사적인진실임.  국제올림픽조직위원회가내전등의이유로고국을떠난사람들로구성된난민팀이참가할수있도록기회를준것은세계화합과더불어 故손기정선수가겪었던아픔즉조국의시련과개인의아픔이함께하는일이반복되지않게하기위한취지임.  2016년브라질리우올림픽을통해고정관념과관례를깨고대승적인결정을내린만큼국제올림픽조직위원회가 故손기정선수의국적과이름을바로잡는일이역사적사실훼손이라는기존입장또한바꾸어줄것을촉구함.  - - 국제올림픽조직위원회가 故손기정선수의국적과이름을 Japan  Kitei Son에서 Korea  손기정으로스스로바로잡는것이야말로올바른역사기록이라고확신하며아울러이러한결단이대한민국과 故손기정선수가 80년간기다려온명예회복의유일한방법이라고확신함.  이에대한민국국회는궁극적으로국제올림픽조직위원회가 80년전억울하게조국과이름을빼앗겼던대한민국마라토너 故손기정선수에게국적과이름을돌려줄것대한민국정부또한이를위해적극적·능동적으로나서줄것을촉구하기위하여이결의안을제안함.,
4439,관세청은 2015년두차례면세점신규사업자를선정하였으나면세점특허심사위원회위원명단·심사기준·배점표등을공개하지않고있으며면세점사업자로선정된기업들중일부는재단법인미르와재단법인케이스포츠에기부금을낸사실이있음. 이러한기부금출연사실이면세점사업자선정에영향을준것이라는의혹이있으므로이에대한감사를요구함. 아울러당초의계획과달리이루어진 2016년면세점사업자추가선정방침결정과정에대해서도의혹이있으므로감사를요구함.  -,
528 제안이유  6.,,(전문및본문 22개조와별첨으로구성) 가. 아시아산림협력기구는정부간기구로설립되며그본부는대한민국에위치함(협정제2조).
239 제안이유  6. 14.,,(전문본문 29개조및의정서로구성) 가. 이협정이적용되는조세를우리나라의경우에는소득세법인세농어촌특별세및지방소득세로하고브루나이다루살람의경우에는소득세및석유소득세로함(협정제2조).
696  7.,북한의 4차핵실험과장거리로켓발사등으로장기간지속되고있는남북관계의경색을해소하고남북교류협력관계의정상화및발전방안을국회차원에서논의하기위하여 「남북관계개선특별위원회」를구성하려는것임.  -,
