age,title,bill_id,bill_number,content,topic,topic_label
20,출입국관리법 일부개정법률안,PRC_S1B6U1R1N2T1U1L7T0X4I3T0Z9E7P2,2003755,감사원 국민 전위협요소 대응관리실태 공항보안 감사결과 입국불허 사후관리 미흡 입국불허자 공항 이동 밀입국 시도 발생 입국불허자 일반인 분리 출국전 송환대기실 통제관리 법적근거 마련 지적 현행법 입국불허 외국인 선박 장 운수업자 송환의무 부여 민간항공사 운영협의회 외국인 본국 송환 임시 송환대기실 법적근거 미비 운영관리 공항보안 문제 송환대기실 열악 운영 외국인 처우 문제점 제기 지방출입국외국인관서 장 외국인 효과적 송환 필요 외국인 송환 선박 장 운수업자 출입국항 장소 제공 송환대기실 운영 법적근거 마련 선박 장 운수업자 관리 지방출입국외국인관서 장 요청 협조,0,"외국인, 송환, 입국불허, 송환대기실"
20,중소기업협동조합법 일부개정법률안(대안),PRC_R1S8Q0Y9V1J8A1D1N2C2B2L6J7A2V3,2016535,조합 임원 결격사유 벌금형 100만원 이상 선고 2년 경과 임원 제한 현행법 위반 타 죄 경합범 100만원 이상 벌금형 선고 임원 결격사유 적용 현행법 규정 죄 관련 없음 죄 임원 자격 박탈 과도 현행법 규정 죄 타 죄 경합범 벌금형 선고 분리 선고 경합범 선고 임원 자격 제한 불이익 방지,1,"임원, 창업, 결격사유, 중소기업"
20,도시공원 및 녹지 등에 관한 법률 일부개정법률안,PRC_Y1A8Y0A2I0U9I1Y7Y0Y6G5Z6Q3H6V7,2011897,어린이공원 어린이 보건 정서생활 향상 설치 공원 도시공원 및 녹지 등 관한 법률 도시공원 포함 2011년 2015년 경기도 어린이공원 주변 어린이교통사고 전체 어린이 교통사고 59% 차지 어린이공원 주변 교통안전 미흡 지적 제기 공원관리청 어린이공원 주요 지점 방호울타리 대통령령 전시설 설치 관리 의무 부과 어린이공원 교통안전 증진 어린이 안전 확보,2,"어린이공원, 안전, 교통안전, 방호울타리"
20,6ㆍ25전쟁 무공훈장 수여 등에 관한 법률안,PRC_S1N8S0D6U2L5E1P4M2Z8M0Y5B2B7L3,2013998,6.25 전쟁 무공훈장 수상자 미수여 육군본부 6.25 무공훈장 찾아주기 사업 당사자 고령화 행정인력 부족 사업 차질 30년 소요 예상 6.25 전쟁 무공훈장 특별법 제정 전시 국가 공훈 예우 지원 근거 마련 공로자 유가족 대통령령 국방부장관 등록 신청 국방부장관 심사 결정 6.25 무공훈장찾아주기조사단 국방부장관 소속 공로자 조사 신원확인 업무 수행 공로자 확인 상훈법 무공훈장 수여 국방부장관 공로자 조사 신원확인 관계 행정기관 장 지방자치단체 장 협조 요청,5,"6·25전쟁, 무공훈장, 국방부장관, 공로자"
20,무역보험법 일부개정법률안,PRC_R1T7B0F1M0V2X1W3L5K2L1W7S3C0U8,2004916,벌금형 징역형 형사처벌 수단 공정성 합리성 법정형 처벌 정도 과소 과도 비합리 편차 위반행위 불법성 벌금형 과소 범죄억지력 달성 어려움 벌금액 국민권익위원회 권고 국회사무처 법제예규 기준 징역 1년 1천만원 비율 개정 법정형 편차 형사처벌 공정성,4,"벌금형, 처벌, 유사행위, 승자투표권"
20,가축 및 축산물 이력관리에 관한 법률 일부개정법률안(대안),PRC_U1V8Y1Q1X2L8H1C6R4A5S2E4M4M3F5,2017177,가금 가금산물 전성 담보 소비자 알 권리 제고 이력관리제도 구축 가축거래상인 관리 강화 가축전염병 전파경로 파악 이력관리대상 가축 축산물 범위 국내산 닭 닭고기 오리 오리고기 계란 확대 농장 농장식별번호 부여 가금이동신고서 농장식별번호 닭 오리 씨알 이동 금지 식용란선별포장업자 계란 이력번호 발급 신청 포장지 이력번호 표시 농림축산식품부 장관 가축거래상인 시정명령 보고 출입검사 관리 강화,3,"가축, 이력관리, 가금, 축산물"
20,한국마사회법 일부개정법률안,PRC_V1Y6N1Y2A1U3U1J6M5I3W5J1C6K1F3,2004353,마사회 장외발매소 시설 부지 활용 미흡 농축산물 직거래 판매 유통 농업인 활용 농축산업 발전 기여 한국마사회법 농축산물 판매 유통 농업인 공간 활용 명시 규정 필요,6,"한국마사회, 장외발매소, 농축산물, 농업인"
20,국회에서의 증언·감정 등에 관한 법률 일부개정법률안(대안),PRC_B1Q7Z0Z2H2J2Q0S9N5C6F2F3P3S8F3,2005917,국회 건심의 국정감사 국정조사 원활 운영 의장 위원장 출석요구서 송달 증인 감정인 참고인 주소 거소 영업소 사무소 전화번호 휴대전화번호 출입국관리기록 정보 경찰관서장 관계 행정기관장 전기통신사업자 요구 증인 출석요구 제도 실효성 확보 증인 고의 출석요구서 회피 불출석등의죄 처벌 불출석등의죄 법정형 형량 상향 국회모욕의죄 징역형 규정 죄 경중 처벌 본회의 위원회 출석 증언 폭행 협박 모욕 언행 국회권위 훼손 징역형 벌금형 증인 고의 동행명령장 수령 회피 국회모욕의죄 처벌 의장 위원장 관할 경찰관서장 관계 행정기관장 전기통신사업자 증인 감정인 참고인 주소 거소 영업소 사무소 전화번호 휴대전화번호 출입국관리기록 정보 요구 기관 국회 요구 불출석등의죄 사유 고의 출석요구서 수령 회피 증인 포함 불출석등의죄 벌금형 1천만원 이상 3천만원 이하 상향 폭행 협박 모욕 언행 국회 권위 훼손 5년 이하 징역 5천만원 이하 벌금 부과 벌금형 증인 고의 동행명령장 수령 회피 국회모욕의죄 처벌,7,"증인, 출석, 국회, 처벌"
20,대한민국재향경우회법 일부개정법률안(대안),PRC_X2G0N0K3Q0F5O0A9F0N7E5I3D7H3S8,2024735,경우회 목적 추상성 정치활동 금지 불명확성 총회 의결 특례 개선 사무총장 임명 대상 확대 지자체 운영 보조금 법적 근거 부재 보완 경우회 합리적 운영 발전 기여 자유민주주의 수호 국민 봉사 국가 치안 활동 공익증진 목적 경우회 특정 정당 지지 반대 특정 공직후보자 지지 반대 정치활동 금지 경우회 해산 청산 중요 자산 처분 변경 재적 대의원 과반수 출석 출석 대의원 3분의 2 이상 찬성 의결 중앙회 사무총장 회원 총회 의결 회장 임명 국가 경우회 운영 보조금 교부 지자체 경우회 사업 보조금 교부,10,"대한민국재향경우회, 보조금, 정치활동, 운영"
20,정치자금법 일부개정법률안,PRC_A2E0Z0D3V0S6B2K1P1R8P1J0Y2L8S2,2024797,한국방송광고공사법 폐지 방송광고판매대행 관한 법률 시행 한국방송광고공사 폐지 한국방송광고진흥공사 출범 반영 제21대 국회의원선거 지역구국회의원예비후보자후원회 등록 예비후보자 후원회 회계책임자 신고 공직선거법 개정 국회의원지역선거구 선거구역 변경 기존 등록 신고 경과조치 후원회 변경등록 신고 불필요 예비후보자 편의 행정 효율성 제고 한국방송광고공사법 한국방송광고공사 방송광고판매대행 관한 법률 한국방송광고진흥공사 국회의원선거 국회의원지역선거구구역표 개정 선거구역 변경 국회의원지역구 관할 선거관리위원회 등록 신고 지역구국회의원예비후보자후원회 예비후보자 후원회 회계책임자 법 시행 당시 관할 선거관리위원회 등록 신고 공직선거법 일부개정법률 의결 전제 의결 수정의결,13,"국회의원예비후보자후원회, 선거구역, 선거관리위원회, 공직선거법"
20,다문화가족지원법 일부개정법률안(대안),PRC_N2R0U0Y2B2P4E0K9E5K2Q2C1A9I7B1,2024919,기본계획 국회 기능 강화 다문화가족지원센터 기능 명확화 홍보영상 송출 사업자 확대 기본계획 국회 소관상임위원회 보고 비상업적 공익광고 편성비율 범위 홍보영상 송출 요청 사업자 지상파방송사업자 방송사업자 확대 다문화가족지원센터 업무 다문화가족 가정폭력 방지 피해자 연계지원 포함,9,"다문화가족, 다문화가족지원센터, 기본계획, 홍보영상"
20,국민영양관리법 일부개정법률안(대안),PRC_F1K9M0L3L2J6L2J0E1Z4E4W3Z2F4B0,2019609,보건복지부장관 국민 식품섭취 식생활 국민영양 식생활조사 정기 실시 보건복지부 소관 법률 실태조사 규정 일부 법률 실태조사 시기 하위법령 위임 개별 법률 실태조사 규정 체계 상이 조사 결과 공표 관계기관 정보제공의무 근거규정 미비 실태조사 시기 법률 상향 규정 조사 결과 공표 관계기관 정보제공의무 규정 추가 실태조사 수행 조사 결과 관련 정책 연구 시행 활용 영양사 영양사 국가시험 합격 보건복지부장관 면허 영양사 국가시험 부정행위 제재 시행규칙 영양사 국가시험 공정 운영 영양사 자격 관리 영양사 국가시험 부정행위 제재 조치 법률 상향 규정 부정행위 수험 정지 합격 무효 시험 응시자격 제한,8,"실태조사, 국민영양, 영양사, 법률"
20,중소기업진흥에 관한 법률 일부개정법률안,PRC_O1K8O1F2W3R1G1H6J1F3B3C5Y7M5E3,2017956,현행법 중소기업창업 진흥기금 결산 손실금 적립금 보전 적립금 부족 정부 보전 중소기업창업 진흥기금 정부 손실보전 규정 공익사업 수행 손실 정부 보전 사업 원활 추진 기금 정적 운용 기금 재무건전성 악화 기금관리주체 도덕적 해이 방만 경영 중소기업창업 진흥기금 관리주체 중소기업진흥공단 기금 재무건전성 유지 노력 법률 명시,1,"임원, 창업, 결격사유, 중소기업"
20,공직선거법 일부개정법률안,PRC_B2T0Q0H3L0J6A2P1F1F7O1M1C0L4R2,2024796,공직선거법 국회의원선거구획정위원회 선거구획정 반영 제21대 국회의원선거 적용 국회의원지역선거구구역표 마련 선거구 획정 특례 선거구 변경 선거구 획정 지연 현행법 원활 적용 어려움 부분 특례 경과조치 마련 제21대 국회의원선거 차질 없이 실시 목적 제21대 국회의원선거 적용 국회의원지역선거구구역표 마련 별표 1 국회 제시 국회의원선거구 획정 기준 반영 국회의원지역구획정 특례 마련 부칙 예비후보자 기탁금 반환 특례 자동 동보통신 문자메시지 전송 경과조치 선거구 변경 선거구 획정 지연 필요 부칙 마련 부칙,11,"국회의원선거구, 선거구획정, 제21대 국회의원선거, 부칙"
20,국가통합교통체계효율화법 일부개정법률안,PRC_B1C9L0O3A2X6C1I7E1Q4X2I2I2T4Y1,2019395,공공업무 위탁 민간인 형법 수뢰 제3자 뇌물제공죄 적용 공무원 의제 처벌 국가교통위원회 국가교통체계 중요 정책 심의 공적 업무 수행 민간위원 벌칙 적용 공무원 의제 조항 미비 국가교통위원회 위원 공무원 아닌 위원 형법 적용 공무원 명시,12,"국가교통위원회, 민간위원, 공무원, 형법"
20,대규모유통업에서의 거래 공정화에 관한 법률 일부개정법률안,PRC_D1L6Q1G1O2W4B1C4G0D4U3G3P5Z6W2,2003976,공정거래위원회 관계 행정기관 장 조사 의뢰 자료 요청 협조 공정 대규모유통업 거래질서 확립 부처간 협력 촉진,16,"대규모유통업, 공정거래위원회, 관계행정기관, 거래질서"
20,장애인복지법 일부개정법률안(대안),PRC_Q1N7L0K7W1R7X1C2I0M0B0X6U5F5M7,2008876,장애인 이동성 제약 편의시설 부족 경제 사정 비장애인 관광활동 제약 현행법 장애인 관광활동 활성화 근거규정 미비 장애인 관광활동 지원 근거규정 마련 폐지 법률 삭제 법제명 개정사항 반영 조문 국민 법률정보 제공 국가 지방자치단체 장애인 관광활동 시설 설비 환경 관광활동 지원 노력 규정 마약법 대마관리법 향정신성의약품 관리법 마약류 관리 법률 개정,14,"장애인, 관광활동, 법률, 지원"
20,응급의료에 관한 법률 일부개정법률안(대안),PRC_Z1M8Z0O9U0Y6P1O3J1G8M0C0G8Q6O2,2016563,응급구조사 결격사유 정신질환자 범위 축소 응급의료 전용헬기 환자인계점 내표지 설치 법적 근거 마련 자동심장충격기 의무설치 대상 선박 범위 합리화 의료기관 응급환자 이송업자 업무정지명령 과징금 상한액 상향 정신질환자 정의 정신건강증진 정신질환자 복지서비스 지원 법률 변경 응급의료 전용헬기 환자인계점 내표지 설치 법적 근거 마련 자동심장충격기 의무설치 대상 선박 부선 제외 의료기관 응급환자 이송업자 업무정지명령 과징금 상한액 5천만원 3억원 상향,15,"응급의료, 응급구조사, 과징금, 업무정지"
20,국가공무원법 일부개정법률안(대안),PRC_R1X9E0P6A2C6E1I7Q2O6U0Z2U0I5W8,2023990,불합리 인사행정 운영 발생 우려 인사혁신처장 신고 공무원 징계 심사절차 개선 공정 투명 인사행정 실현 위법 부당 인사행정 발생 우려 인사혁신처장 신고 불이익조치 금지 인사혁신처장 공직후보자 직무수행 관련 전문분야 지식 기술 경험 정보 발굴 수집 관리 국가기관 장 공직후보자 정보 인사혁신처장 요청 제공 열람 공무원 임용 합리적 이유 성별 종교 사회적 신분 차별 금지 임기제공무원 잔여임기 관계없이 육아휴직 허용 임용권자 임용제청권자 의원면직 신청 공무원 비위 관련 형사사건 기소 의원면직 불허,17,"인사행정, 공무원, 임용, 신고"
20,세종특별자치시 설치 등에 관한 특별법 일부개정법률안,PRC_E1W8K0Z2Y2M8I1R4R5T6T1X1G9Q7W4,2012300,전국동시지방선거 세종특별자치시 인구증가 지역구 시의회의원 정수 합리화 시의회의원 선거 원활 실시 차기 지방선거 개정 논의 지역구 시의회의원 정수 19명 증원,18,"세종특별자치시, 시의회의원, 지방선거, 정수"
20,유류오염손해배상 보장법 일부개정법률안,ARC_D1Z8V0J7F3R1M1J6K2I1P0A3S8B7U9,2014694,국민생활 기업활동 관련 신고 민원 처리절차 법령 명확 규정 민원 투명 신속 처리 일선 행정기관 적극행정 유도 보장계약 증명서 기재사항 변경신고 3일 이내 신고수리 여부 신고인 통지 미통지 신고 수리 간주 제도 도입,19,"신고, 보장계약, 증명서, 처리"
20,자동차관리법 일부개정법률안(대안),PRC_Z1J7W0T2J2K2A1P9C1Z4A1T5B5I9T9,2009686,자동차 교환 환불 분쟁해결 기준 제도 도입 자동차제작자 품질보증 책임 강화 중고자동차 자동차성능상태점검자 성능상태점검 결과 보증 보험 가입 의무화 자동차소비자 권익 보호 제도 도입 대체부품 인증기관 행정처분 법적 근거 마련 온라인 중고자동차 서비스 활성화 온라인 자동차매매정보제공 서비스 제도화 임시운행허가계획서 목적 외 임시운행 임시운행허가증 임시운행허가번호판 미부착 운행 자동차등록번호판 부착 봉인 위반 300만원 이하 과태료 부과 자동차번호판 위법행위 근절 자율주행자동차 시험운행 관리 운행 정보 국토교통부장관 보고 자율주행자동차 시험운행 운행기록 운행 정보 국토교통부장관 보고 대체부품 인증기관 거짓 부정 지정 취소 부정 업무수행 성능 품질인증기준 부적합 대체부품 인증 불법 운영 업무정지 법적 근거 마련 자동차제작자 국내 자동차자기인증 판매 자동차 교환 환불 요건 규정 자동차 하자심의위원회 하자차량소유자 자동차제작자 신차 교환 환불 요구 자동차제작자 하자차량소유자 교환 환불 중재 규정 수락 하자차량소유자 자동차 하자심의위원회 교환 환불 중재 신청 교환 환불 중재 진행 자동차성능상태점검자 중고자동차 성능상태 점검 촬영 성능상태점검 내용 보증 책임 보험 가입 의무화 자동차매매업자 자동차 소유자 자동차 매입 인터넷 홈페이지 휴대전화 응용프로그램 자동차매매정보 자동차매매업자 자동차 소유자 제공 시장 군수 구청장 등록 300만원 이하 과태료 임시운행허가계획서 목적 외 임시운행 임시운행허가증 임시운행허가번호판 미부착 운행 처벌,20,"자동차, 과태료, 임시운행, 중고자동차"
20,여객자동차 운수사업법 일부개정법률안,PRC_R1Z6O1D0D2Y1S1U7M3O0U4H4W0B1P9,2002815,영동고속도로 버스 사고 영상증거 미확보 원인규명 지연 현행법령 도시철도 철도 영상기록장치 장착 의무화 타 대중교통수단 미의무화 영상기록장치 미설치 대중교통수단 사고 증거자료 확보 어려움 원인 파악 지연 대중교통수단운영자 범죄 예방 교통사고 상황 파악 영상기록장치 장착 의무화 영상기록장치 조작 금지 교통사고 조사 영상기록 이용 제공 제한 영상기록 분실 도난 훼손 방지 운영 관리 지침 마련 개인 사생활 침해 최소화,21,"영상기록장치, 대중교통수단, 교통사고, 장착"
20,발명진흥법 일부개정법률안(대안),PRC_R1E7Y0J2S2A1N1G6U1A9U2W0T0V7X4,2005905,특허청 한국은행 공동 개발 지식재산권무역수지 활용 산업재산권 무역 적자 정책 대응 외국환거래법 산업재산권 관련 외국환거래 정보 제공 산업재산권 분쟁 장기화 3개월 기간 연장 정부 산업재산권 통계 지표 조사 분석 관련 시책 수립 추진 특허청장 자료 요청 기획재정부장관 자료 제공 위원회 상당 사유 1개월 단위 3회 기간 연장 신청 피신청인 성실 응답 당사자 일방 정당 사유 불출석 2회 불성립,23,"산업재산권, 조정, 특허청, 조정기간"
20,경제자유구역의 지정 및 운영에 관한 특별법 일부개정법률안(대안),PRC_C1I8K0S2Q2F0X1H0G0S0C2P4V4Z5A7,2012749,경제자유구역 외국인투자기업 국공유재산 사용료 대부료 감면 국내기업 형식적 외국인투자기업 설립 편법적 지원 사례 적발 지원 요건 강화 필요 경제자유구역 활성화 국내 투자유치 고용창출 효과 제고 해외진출 국내기업 국내복귀 경제자유구역 입주 지원혜택 확대 필요 해외진출 국내기업 국내복귀 경제자유구역 입주 외국인투자기업 지원 외국인 전용 임대주택제도 폐지 실효성 미흡 2016년 폐지 경과조치 규정 개발사업시행자 폐지전 규정 적용 변경 승인 특례조항 미적용 임대공고 1년 이상 임대 미분양 분양전환 근거 마련 해외진출기업 국내복귀 지원 법률 지원대상 선정 기업 국내복귀기업 정의 외국인투자기업 국공유재산 임대 사용료 감면 외국인투자비율 유지 국내복귀기업 사용료 감면 외국인투자기업 수의계약 국공유재산 임대 매입 임대기간 매각 후 5년 외국인투자비율 유지 국내복귀기업 사용료 감면 특수관계인 제공 외국인투자기업 지원대상 제외 외국인 전용 임대주택제도 폐지 외국인 전용 임대주택 건설용지 공급계획 개발계획 실시계획 변경승인 종전 규정 적용대상 제외 임대공고 1년 이상 임대 외국인 전용 임대주택 개발사업시행자 분양전환,24,"외국인투자기업, 국내복귀기업, 경제자유구역, 지원"
20,산업현장 일학습병행 지원에 관한 법률안(대안),PRC_C1R9C0O3A2U2U1D2E4P3P3T8L8E9A9,2021751,청년 구직자 기업 일자리 숙련 미스매치 해소 신규입직자 직무능력 강화 현장 기반 도제식 교육훈련 도입 기업 일 교육훈련 병행 근로자 노동법령 권리 보장 기업 체계 교육훈련 핵심 인재 성장 기반 마련 고용정책심의회 일학습병행 추진계획 수립 심의 정책 기능 수행 고용노동부장관 지방자치단체 지역 교육훈련기관 산업별 단체 노동단체 긴밀 협조관계 유지 학습기업 일학습병행 희망 구직자 연결 체계 구축 고용노동부장관 일정 요건 충족 기업 직업능력개발훈련시설 일학습병행 교육훈련 학습기업 공동훈련센터 지정 학습기업 사업주 고용노동부장관 기준 교육훈련과정 개발 인정 학습기업 사업주 학습근로자 학습근로계약 체결 근로조건 명확 학습근로계약 종료 외부평가 합격 학습근로자 일반근로자 전환 학습근로자 일 교육훈련 병행 학습근로시간 한도 유사 동종 업무 종사 일반근로자 차별 금지 학습기업 사업주 준수사항 학습근로자 준수사항 규정 충실 교육훈련 고용노동부장관 학습기업 사업주 학습근로자 교육훈련목표 달성 내부평가 외부평가 검증 평가 결과 종합 합격자 일학습병행 자격 부여 국가 지방자치단체 일학습병행 참여 사업주 교육훈련 기관 단체 학습근로자 필요 지원,22,"일학습병행, 학습근로자, 학습기업, 교육훈련"
20,생물다양성 보전 및 이용에 관한 법률 일부개정법률안,PRC_K1Q9X0W4C1D9I1A7K2D7F4K8D8K0W7,2019931,생물다양성 보전 생물다양성협약 이행 국민 삶의 질 향상 국제협력 증진 생물다양성 보전 및 이용 법률 제정 기후변화 서식지 파괴 외래종 침입 생물다양성 저하 생태계서비스 감소 국제사회 생태계서비스 가치 정책 제도 마련 국내 생태계서비스 가치 평가 정책 반영 미흡 생태계서비스 개념 정의 연구 기술개발 생물다양성 생태계 가치 평가 정책 연계 국제사회 추세 대응 생태계서비스 증진 비용 보상 국민 자연혜택 지속가능 제공 생태계서비스 공급서비스 조절서비스 문화서비스 지지서비스 분류 정부 생태계서비스 측정 가치 변화 평가 국가 지방자치단체 생태 경관보전지역 습지보호지역 자연공원 야생생물 특별보호구역 생태계서비스 보전 증진 생태계서비스 공급자 관리자 생태계서비스 보전 증진 활동 보상 국가 지방자치단체 생태계서비스 가치평가 연구 기술개발 국가 생태계서비스 측정 평가 사업 국고보조,25,"생태계서비스, 생물다양성, 가치평가, 보전"
20,국민여가활성화기본법 일부개정법률안,PRC_Y1N6Z0R8Z1M8T0H9H4U0R5F0J8A5M4,2001635,19대 국회 국민여가활성화기본법 제정 국민 여가 삶 법적 기반 마련 직장인 법정 휴가 향유 익스피디아 2015년 유급휴가 국제비교 조사대상 26개국 한국 법정 휴가 15일 6일 사용 휴가일수 휴가 사용율 2년 연속 꼴찌 휴가 없는 삶 개선 여가 삶 요원 통계청 인가 공식통계 직장인 휴가 사용 통계 부재 휴가사용 실태 파악 불가 국가 지방자치단체 직장인 휴가 사용실태 조사 휴가 사용 촉진 대책 수립 시행 의무 부과 국민 여가 삶 실질적 보장,26,"여가, 휴가, 국민, 직장인"
20,수산자원관리법 일부개정법률안,PRC_N1W8J1E2F2R7T1B8T0H2G3F9I5W8L1,2017826,수산자원 번식보호 포획 채취 금지기간 연구조사 금지조항 예외 예외조항 악용 금지 수산자원 이용 거래 연어 금어기간 10월 11월 위판량 연간 거래량 예외조항 이용 포획 채취 연구 법률 위반 위판 포획 채취 허가 거짓 부정 방법 허가조건 위반 허가 취소 금어기 수산자원 보호대책 실효성,27,"수산자원, 포획·채취, 금어기, 허가"
20,비료관리법 일부개정법률안(대안),PRC_K1O9Q0D4E0N5Y1K4T1E3C5L4L9P5T9,2024008,비료공정규격심의회 폐지 전문가 자문 대체 행정 예산 낭비 개선 책임행정 강화 효율성 전문성 제고 농지 유해 원료 비료 유통 공급 증가 농업환경 보호 농가피해 최소화 부정 불량 비료 생산 수입 유통 사전 예방 관리 감독 체계 마련 비료생산업자 비료수입업자 휴업 신고 시장 군수 구청장 행정제재처분 회피 영업 양도 방지 행정제재처분 효과 양수인 승계 제도 운영 미비점 개선 보완 무상 유통 공급 비료 관리 감독 강화 농지 유해 원료 비료 무상 유통 공급 무단 투기 토양오염 작물피해 공정규격 준수 신고 대상 비료수입업 범위 무상 유통 공급 추가 비료공정규격 설정 변경 책임행정 강화 효율성 전문성 제고 비료공정규격심의회 폐지 전문가 자문 대체 위해성 비료 원료 수입 제한 범위 확대 토양환경 식물 위해 우려 유기질비료 부산물비료 수입 제한 검사 위해성 우려 비료 원료 수입 제한 위해성 검사 수입 비료 중금속 병해충 유입 차단 비료생산업자 비료수입업자 휴업 신고 장기 영업 중단 생산시설 비료 창고 방치 환경오염 우려 비료생산업자 비료수입업자 영업 현황 관리 감독 6개월 이상 휴업 신고 시장 군수 구청장 비료 거짓 과대광고 금지 비료 성분 효과 거짓 과장 부당이득 방지 거짓광고 과대광고 금지 위반 2년 이하 징역 2천만원 이하 벌금 행정제재처분 효과 승계 제도 도입 비료생산업자 비료수입업자 등록취소 영업정지 행정제재처분 영업 양도 법인 합병 행정제재처분 면탈 해결 행정제재처분 효과 처분기간 만료 1년 상속인 양수인 합병 법인 승계 비료생산업 등록 제한 폐지 비료생산업 등록 필요 시설 등록기준 삭제,28,"비료, 비료생산업자, 비료수입업자, 행정제재처분"
20,국회의원수당 등에 관한 법률 일부개정법률안(대안),PRC_G1E7J0D2O2K2M1S0U0E0G2O7C6G1Q4,2005889,국회의원 윤리 책임 기대수준 증가 친인척 보좌직원 채용 제한 규정 필요성 제기 배우자 4촌 이내 혈족 인척 보좌직원 임용 금지 국무총리 국무위원 겸직 의원 입법활동비 특별활동비 지급 금지 장애인복지법 신체 장애 배우자 4촌 이내 혈족 인척 보좌 필요 예외적 보좌직원 임용 허용 신체 장애 배우자 4촌 이내 혈족 인척 보좌직원 임용요청 8촌 이내 혈족 보좌직원 임용요청 국회사무총장 신고 국회사무총장 보좌직원 채용 신고사항 국회공보 공개,29,"국회의원, 보좌직원, 임용, 혈족·인척"
20,사법경찰관리의 직무를 수행할 자와 그 직무범위에 관한 법률 일부개정법률안,PRC_I1Z8B0J2U2D0Y1W5P2D7D4I0R6D8S1,2012040,대기업 공공기관 중소벤처기업 특허침해 기술탈취 제4차 산업혁명 걸림돌 범정부적 과제 특허 영업비밀 무단사용 유출 디자인 모방 중소벤처기업 피해 시장질서 교란행위 적극 수사 대응 현행법 특허청 지방자치단체 부정경쟁행위 상표권 전용사용권 침해 단속 공무원 사법경찰관리 직무수행 권한 부여 특허침해 영업비밀 사용 유출 상품형태 모방 디자인권 침해 규정 시급 중소벤처기업 특허 영업비밀 디자인권 침해행위 수사 기술 전문성 초동수사 신중 특허청 국가공무원 기술 디자인 전문성 특허 영업비밀 디자인권 침해행위 단속 사법경찰관리 직무수행 권한 부여 필요성 특허법 특허권 전용실시권 침해행위 디자인보호법 디자인권 전용실시권 침해행위 상품형태 모방행위 부정경쟁방지 영업비밀보호 법률 부정경쟁행위 영업비밀 취득 사용 누설행위 적절 대처 예방 특허권 디자인권 전용실시권 침해 상품형태 모방 영업비밀 취득 사용 누설 단속 특허청 공무원 사법경찰관리 직무수행 권한 부여,31,"사법경찰관리, 특허청, 침해행위, 영업비밀"
20,정부보관금에 관한 법률 일부개정법률안(대안),PRC_G1W9S1G1T2K8G1G9Q4X6B5V0C8H6Y8,2024761,정부보관금 환급청구권 소멸시효 10년 연장 정부보관금 환급청구권자 환급청구권 소멸시효 완성 전 통지,30,"정부보관금, 환급청구권, 소멸시효, 환급"
20,국가유공자 등 예우 및 지원에 관한 법률 일부개정법률안(대안),PRC_E1N7K1O1Y3O0Q2E0U0C5S0L8M0A1A0,2010947,4·19 혁명공로자 보상금 수당 변경 공헌 적정수준 인상 형법 약취 유인 인신매매 범죄 금고 1년 이상 실형 확정 적용대상 제외 결혼 목적 약취 유인 인신매매 수수 은닉 적용대상 배제,43,"4·19혁명공로자, 보상금, 적용대상, 형법"
20,대통령직 인수에 관한 법률 일부개정법률안,PRC_W1E6X0V9V0P6I1G0T2Y2T5J1P8Y1G0,2002156,대통령당선인 대통령직 원활 인수 대통령 임기 시작 전 국무총리 국무위원 후보자 지명 대통령당선인 정부 인사 자료 시스템 활용 법적 근거 부재 공직후보자 사전검증 업무 지원 기관 부재 체계적 지원 새 정부 적합 인사 선정 어려움 대통령당선인 국무총리 국무위원 후보자 지명 필요 정부 인사기록 인사관리시스템 열람 활용 대통령직인수위원회 새 정부 국무총리 국무위원 후보자 검증 업무 담당,32,"대통령당선인, 국무총리, 국무위원, 대통령직인수위원회"
20,실내공기질 관리법 일부개정법률안,PRC_H1S7C0K8A1D1Y1P7S4S5T5V8G8Z6V2,2008507,실내 건축자재 사전적합확인제도 시행 오염물질 방출기준 초과 시험기관 지정근거 미비 적합 건축자재 사용여부 확인 다중이용시설 공동주택 설치자 제조 수입업체 지도점검 규정 미비 시험기관 지정취소 근거규정 마련 건축자재 사전적합확인제도 추진기반 구축 오염물질 방출 건축자재 사용제한 환경부장관 사전적합확인 건축자재 사후검사 방출기준 초과 시험기관 확인취소 명령 제조 수입업자 회수 조치명령 건축자재 오염물질 방출 확인 시험기관 지정 건축자재 오염물질 방출 확인 시험기관 한국환경산업기술원 법정기관 환경부장관 지정고시 민간기관 시험기관 지정 신청자 국립환경과학원장 숙련도 시험 적합판정 환경부장관 지정 신청 시험기관 지정 결격사유 피성년후견인 피한정후견인 파산자 복권 징역 실형 집행종료 2년 지정취소 2년 시험기관 지정 불가 시험기관 지정취소 업무정지 환경부장관 부정 지정 부정 시험기관 업무 시험기관 지정취소 업무정지 기간 시험기관 업무 확인 절차 방법 준수사항 위반 1년 업무정지 시험기관 준수사항 시험기관 시험기관 종사자 준수사항 시험기관 시험 분석 능력 평가 환경부령 건축자재 표지 건축자재 제조수입업자 방출시험 확인 제품 환경부령 표지 부착 확인 미이행 사후점검 확인취소 제품 표지 사용금지 측정의뢰인 준수사항 측정의뢰인 측정기록부 측정대행 계약문서 3년 보존 측정대행업자 부당 지시 간섭 금지 보고 검사 청문 오염물질 방출 건축자재 사용제한 환경부장관 건축자재 제조 수입업체 시험기관 시장 군수 구청장 다중이용시설 공동주택 출입 오염물질 채취 관계서류 검사 환경부장관 시험기관 지정취소 청문 벌칙 과태료 방출기준 초과자재 확인취소 회수 조치명령 위반 부정 시험기관 지정 고의 중과실 시험성적서 거짓발급 업무정지 기간 확인업무 측정대행업자 부당 지시 간섭 1년 징역 1천만원 벌금 확인 제품 표지 미부착 확인취소 제품 표지 부착 2천만원 과태료 다중이용시설 공동주택 설치자 건축자재 제조 수입자 시험기관 출입검사 오염물질 채취 거부 방해 기피 500만원 과태료,33,"건축자재, 시험기관, 오염물질, 지정"
20,식품산업진흥법 일부개정법률안,ARC_Y1U6L0U6E2I7I1Y3U5J5B1L8M2S4P5,2000495,식품 해외시장 진출 확대 식품인증 획득 종합 지원 식품수출 지원기관 지정 식품인증 정보 수집 분석 관리 식품인증 획득 기술지원 사업 식품수출 지원기관 사업 내용 식품수출 지원기관 운영 경비 지원 식품수출 지원기관 지정 운영 법적 근거 마련,34,"식품수출, 식품인증, 지원기관, 지원"
20,도선법 일부개정법률안(대안),PRC_F1S9T1C1A2D0Y1R7D0R7D2F1J9Q0L7,2024024,도선사 면허증 불법 대여 알선 예방 전문자격증 규정 미비점 국가권익위원회 권고사항 반영 법률용어 문장 한글화 도선사 명의 사용 자격증 대여 알선 면허 취소 제외 도선사면허증 용어 통일 자격증 수정,35,"도선사, 면허, 자격증, 수정"
20,저수지·댐의 안전관리 및 재해예방에 관한 법률 일부개정법률안,ARC_E1L8U1P2R2J8E1Q5S1U0N3E9W6H9X1,2017860,저수지 댐관리자 재해 국민 생명 재산 피해 예방 비상대처계획 수립 5년 타당성 재검토 중앙 시도 저수지 댐 전관리위원회 심의 저수지 댐 전관리 재해예방 업무 전문 효율 저수지 댐 기본계획 수립 기초 타당성 조사 분석 자연재해대책법 방재관리대책대행자 대행 제도 운영 미비점 개선 보완,36,"저수지, 댐, 안전관리, 재해예방"
20,국민영양관리법 일부개정법률안(대안),PRC_U1F8J0R9Q0A6W1G3G0B8S1O3J3A7L9,2016552,영양소 섭취기준 활용 분야 예시 영양사 시험 응시 요건 외국 영양사 양성학교 면허 인정기준 보건복지부장관 고시 법률 인용 조문 개정,37,"영양소 섭취기준, 영양사, 보건복지부장관, 고시"
20,특허법 일부개정법률안,PRC_W1R8R1T2E2P8P1D7B5D9L1J9E5A4C1,2017894,특허제도 발명 보호 특허권 실시 제한 특허권자 실시료 이익 향유 산업발전 유도 특허권 침해 손해배상 손해 전보 침해행위 억제 시장 특허권 침해 특허권자 생산능력 초과 손해배상 침해자 이익 편취 제도 기능 발휘 지적 특허권 침해 생산능력 특허권자 생산능력 손해배상 범위 한정 특허권자 생산능력 초과 이익 침해자 보유 특허권 침해 예방 시장 특허권 정당 지불 침해 염려 실시 이익 침해 확인 손해배상액 지불 이득 인식 형성 특허권자 전용실시권자 소송 승소 실질 손해배상액 미수령 소송 포기 특허권 침해 악순환 반복 부적정 손해배상액 원인 손해배상 산정 방식 특허권 침해 손해액 산정 유체재산권 전통 손해배상 법리 실손해 전보 원칙 특허권자 생산능력 손해 최대치 한정 특허권 활용 제품 제조방식 OEM 다양 방식 생산 특허권자 제조업자 실시계약 체결 실시 가능성 특허권 특성 고려 침해자 특허권자 생산능력 초과 취득 이익 특허권자 이익 특허법 침해자 이익 특허권자 손해 추정 규정 특허권자 생산능력 범위 손해 제한해석 침해자 특허권자 생산능력 초과 이익액 보유 불합리 지속 문제점 해소 지식재산권 특성 고려 특허권자 침해자 침해행위 이익액 전부 반환청구 규정 특허소송 침해자 이익 반환청구 EU 독일 영국 중국 대만 채택 독일 대만 판결 활용 지적재산권 침해소송 세계 흐름 불법행위 정의 관념 부합 특허권자 침해자 침해행위 이익 반환 청구 권리 부여 특허권자 침해자 매출 입증 침해자 침해행위 비용 입증 특허권자 특허소송 손해액 산정 입증자료 확보 어려움 해소 현행 손해배상청구권 손해액 산정방식 규정 법리 전달 관련 규정,38,"특허권, 손해배상, 침해자, 생산능력"
20,행정규제기본법 일부개정법률안(대안),PRC_V1C8X1O2H2D7S1I0I3K8A5C8J1S6Z2,2019406,4차 산업혁명 신산업 서비스 제품 시장 진출 산업 경쟁력 강화 규제 특례 도입 기술혁명 시장변화 경직 규제체계 4차 산업혁명 선제 대응 혁신성장 걸림돌 신기술 신서비스 신제품 시장출시 포괄적 네거티브 규제 전환 우선허용 사후규제 원칙 신기술 신서비스 신제품 시장출시 규제 탄력적용 기본법적 근거 방향 제시 우선허용 사후규제 원칙 명문화 신기술 서비스 제품 규제 규정방식 신기술 서비스 제품 규제 의무 규제 특례 방향 제시 중앙행정기관 장 신기술 서비스 제품 규제 신속확인 의무 규제 탄력적용 신산업규제 기본계획 수립 시행 규제개혁위원회 신산업 육성 촉진 신산업 분야 규제 기본계획 3년 수립 시행 관계 중앙행정기관 장 규제 계획 반영 시행 규제개혁위원회 신산업규제특례 관련 역할 부여 규제개혁위원회 개별 행정기관 소속 위원회 의견 제출 권고,39,"신기술, 규제, 신산업, 우선허용·사후규제"
20,비파괴검사기술의 진흥 및 관리에 관한 법률 일부개정법률안,PRC_Q1B8Z1O2F2V8F1B8P0F8N4E6Q9H4H3,2017901,벌금형 징역형 형사처벌 수단 합리성 화폐가치 인상 과거 화폐가치 벌금형 범죄행위 불법성 과소 형사정책 목적 달성 부족 문제 벌금액 국민권익위원회 권고 국회사무처 법제예규 기준 징역 1년 1천만원 개정 벌금형 현실화 형벌 기능 회복 일반인 범죄억지력 확보,40,"벌금액, 법정형, 행정형벌, 국민권익위원회"
20,항만법 일부개정법률안(대안),PRC_H1A8S1D1U2C8E1A7Y5S5C2B6R9O0R7,2017129,항만기본계획 시행계획 수립 재원마련 자료 제출 요청 규정 민간소유 항만시설 장비 자체점검 내용 보고 제외 행정력 낭비 방지 자율 점검 실효성 강화 해양수산부장관 항만기본계획 시행계획 수립 시행 항만기본계획 시행계획 국회 소관 상임위원회 제출 관리자 보고사항 자체점검 내용 제외,41,"항만기본계획, 시행계획, 항만시설, 자체점검"
20,한국수출입은행법 일부개정법률안,PRC_A1D8I0H9R1D0M1V6V0G8Q4Q7K2Z7E4,2015410,한국수출입은행법 수출입은행 업무관련 조사연구 자금조달 해외 현지법인 출자 영국 홍콩 인도네시아 베트남 현지법인 자금대출 유가증권 투자 종합금융 업무 감사원 감사 수출입은행 해외 현지법인 업무 축소 법적 근거 마련 촉구 국회 국정감사 지적 법률 개정 논란 개정안 수출입은행 현지법인 금융상품 현지진출 우리나라 기업 지원 포괄적 수출입은행 업무 지원 해외 현지법인 출자,42,"한국수출입은행, 해외현지법인, 출자, 업무"
20,경륜·경정법 일부개정법률안,PRC_S1H9M0K4Y0V3H1D8V1C2V1R4M3X2Y8,2019557,죄형법정주의 원칙 위반 소지 벌칙 구성요건 상향규정 법률 이해 용이 용어 간소화 발매이익금 사용범위 명확화 경주 사업 시행 직접비 간접비 포함 불법 유사행위 처벌수준 상향 한국마사회법 국민체육진흥법 처벌수준 편차 감소 승자투표 적중자 승리 선수 맞힌 사람 발매수득금 발매이익금 변경 발매이익금 사용용도 경주 사업시행 운영경비 수익금 손실보전준비금 현실화 승자투표권 구매제한 범위 시행령 법령 상향규정 죄형법정주의 벌칙 구성요건 명확화 경주사업 시행자 이용자 유사행위 처벌수준 차등화 상향 경주 시행 7년 이하 징역 7천만원 이하 벌금 경주 시행 상대 5년 이하 징역 5천만원 이하 벌금 정보통신망 이용 승자투표권 유사 시스템 설계 제작 유통 5년 이하 징역 5천만원 이하 벌금 유사행위 홍보 3년 이하 징역 3천만원 이하 벌금 미성년자 승자투표권 발매 3년 이하 징역 3천만원 이하 벌금 유사행위 재물 몰수 추징,4,"벌금형, 처벌, 유사행위, 승자투표권"
20,폐기물관리법 일부개정법률안(대안),PRC_A1K9T0C7C1U8X1V5S2M0Q4J6Y7D8Y4,2023128,재활용업체 사업장 폐기물 무단방치 임대부지 창고 불법투기 도피 부적정처리 빈번 발생 현행법 권리 의무 승계 악용 법적 책임 회피 폐기물처리업자 영업정지 처분 집행정지 부적정 처리 폐기물 반입 지속 발생 영업정지 갈음 과징금 미납 제재수단 부재 권리 의무 승계 사전허가 제도 개선 폐기물 반입정지 명령 불법행위 처벌 강화 영업정지 갈음 과징금 미납 본래 영업정지 처분 부적정 처리 징벌적 과징금 부과 법률 개정 처분 실효성 제고 부적정 처리 폐기물 사전 예방 부적정 처리 폐기물 처리 책임자 범위 확대 대집행 절차 개선 신속 처리 환경오염 주민건강 피해 최소화 공동주택 재활용가능 폐기물 민간업체 위탁 처리 지자체 실적관리 환경부장관 생활폐기물 처리 지자체 시정조치 요구 불이행 재정지원 중단 삭감 제재조치 법적 근거 마련 의료폐기물 처분 어려움 국민건강 환경 위해 우려 환경부령 지정폐기물 중간처분 종합처분업자 처분 폐기물 적정처리 지자체 생활폐기물 관리 강화 영업정지 갈음 과징금 미납 본래 영업정지 처분 폐기물 계량값 현장정보 폐기물처리업 재활용업자 장부 전자정보처리프로그램 입력대상 확대 폐기물 관리 강화 폐기물처리업자 적합성 여부 주기적 확인 준수사항 결격사유 강화 의료폐기물 소각시설 부족 의료폐기물 처리 어려움 지정폐기물 처분업자 위탁처리 의료폐기물 처리 특례조항 폐기물처리시설 검사기관 지정 관리 규정 명확화 권리 의무 승계 사전허가 환경부장관 시도지사 제도 개선 부적정처리폐기물 반입 차단 반입정지명령 제도적 근거 마련 부적정처리폐기물 발생자 위탁자 권리 의무 승계자 처리 책임자 범위 확대 신속 처리 부적정처리폐기물 이익 3배 이하 과징금 폐기물 제거 원상복구 비용 과징금 부과 부적정처리폐기물 조치명령 대상 범위 자문 폐기물처리자문위원회 설치 운영 부적정처리폐기물 정보 수집 제공 폐기물적정처리추진센터 지정 근거 마련 부적정처리폐기물 신속 처리 조치명령 없이 대집행 소요비용 징수 대집행 절차 개선 부적정처리폐기물 불법행위 처벌 강화,44,"부적정 처리 폐기물, 폐기물처리업, 영업정지, 과징금"
20,항공안전기술원법 일부개정법률안,PRC_O1Z6B1I0Q2S4O1V7D5H6B3U8A4V1W7,2002873,행정법규 의무 이행 확보 행정행위 실효성 유지 수단 행정형벌 규정 위반행위 법률 법정형 처벌 정도 과도 과소 합리적 설명 불가 편차 존재 현실 벌금액 국민권익위원회 권고 국회사무처 법제예규 기준 징역 1년 1천만원 비율 개정 법률 국민 기본권 신체 자유 재산권 침해 형사처벌 합리적 이유 차별 위헌성 제거 불법성 상응 처벌 법정형 편차 조정,40,"벌금액, 법정형, 행정형벌, 국민권익위원회"
20,국제항해선박 및 항만시설의 보안에 관한 법률 일부개정법률안,PRC_V1K6E1W1F2I3E1H6H0H3I0Q3W0Z2E5,2003797,항만시설 보 확보 항만시설소유자 경비 검색인력 보 시설 장비 확보 CCTV 항만 범죄예방 보 필수 장비 법률 설치 근거 미흡 보 감시 CCTV 형체식별 어려움 기기 항만 보 범죄예방 취약 CCTV 설치 근거 법률 명시 해상도 확보 항만시설소유자 CCTV 운영 영상기록 분실 도난 유출 변조 훼손 방지 CCTV 운영 관리 지침 마련 항만 범죄예방 보 강화,45,"항만시설, 보안, 폐쇄회로 텔레비전, 항만시설소유자"
20,국가회계법 일부개정법률안,PRC_D1C6U0Q8I0X4D1D8X1U1D4H3R4E3D6,2001422,결산 예산집행 결과 파악 예산 적법 집행 검증 재정사업 성과 평가 사업 내용 이해 정보 제공 필요 예산 심사 정부 예산 첨부서류 세입세출예산 사업별설명서 국회 제출 결산보고서 부속서류 대응 자료 부재 국회 결산 심사 구체 사업 내용 집행 내역 파악 불가 결산보고서 부속서류 세입세출결산 사업별설명서 첨부 국회 결산심사권 강화,46,"결산, 예산, 국회, 사업별설명서"
20,종자산업법 일부개정법률안(대안),PRC_Y1G6S1G1E2M8W1F6N4J6C5H9B5S5U3,2004202,묘 규율대상 확대 품질 미흡 묘 유통 방지 유통 묘 품질표시 소비자 육묘정보 제공 종자 체계적 관리 농수산물품질관리법 종자 검정 통합 종자 검정업무 효율성 전문성 제고 국민 편의 제고 신품종 육종가 육성의욕 고취 대한민국 우수품종상 시상근거 마련 농촌 인구 고령화 정부보급종 생산대행자격 농업법인 확대 국민기초생활보장법 수급권자 변경 수수료 면제대상 변경 묘 정의 추가 육묘업 정의 추가 육묘업자 정의 추가 대한민국 우수품종상 시상근거 마련 품종목록 등재품종 종자 생산대행자격 농업법인 확대 육묘업 등록 등록 취소 시설 교육 거짓 부정 등록 취소 영업정지 품질표시 위반 종자 검정 시행 종자 거래 수출 수입 거짓 부정 검정 금지 검정결과 거짓광고 금지 유통 묘 품질표시 품종명 파종일 육묘업 등록 정보 표시 품질표시 위반 판매 금지 묘 분쟁 해결 분쟁 협의회 설치 농림축산식품부장관 시험 분석 신청 원인규명 육묘업자 종자 구입 정보 보관 분쟁 협의회 설치 수수료 면제대상 의료급여 수급권자 변경,47,"묘, 종자, 육묘업, 품질표시"
20,산림자원의 조성 및 관리에 관한 법률 일부개정법률안(대안),PRC_F1Q9U1N1K2S0T1K6R3I9K2Z5X2H8B0,2024026,법령용어 개정 실질적 법치주의 알 권리 보장 산림사업법인 과징금 납부기한 미납 지방세외수입금 징수 법률 강제징수 절차 과징금 부과 규정 실효성 확보 수형목 우량나무 고속국도 가뭄해 산림사업법인 과징금 부과 미납 지방세외수입금 징수 법률 강제징수 절차,48,"산림사업법인, 과징금, 법령용어, 강제징수"
20,첨단의료복합단지 지정 및 지원에 관한 특별법 일부개정법률안,PRC_D1U8K0U7S1Z0M1S7H1A7T1U0L6J7L5,2014324,공공기관 운영 법률 공기업 준정부기관 정관 기재사항 정관 변경 주무기관 장 인가 규정 기타공공기관 미규정 정관 사항 공기업 준정부기관 기타공공기관 구분 규율 사항 입법미비 기타공공기관 설치 근거법률 정관 사항 추가 입법미비 보완,64,"정관, 기타공공기관, 공기업·준정부기관, 입법미비"
20,저작권법 일부개정법률안(대안),PRC_K1U7H0C2A2V0X1J8Y5Z8B5T4R9X9L5,2005915,도종환의원 이동섭의원 대표발의 저작권법 개정 민법 성년후견제 시행 조문 다수 저작권자 재산권 보호 사회 거래 결격사유 피성년후견인 피한정후견인 포함 통합 저작권신탁관리업자 저작권대리중개업자 결격사유 금치산자 한정치산자 피성년후견인 피한정후견인 대체,50,"저작권, 결격사유, 피성년후견인, 피한정후견인"
20,중소기업 인력지원 특별법 일부개정법률안,PRC_S1N6X0U7N1U8V1Y6R3J3B4U7H2M3V5,2000960,고용노동부장관 미취업자 15세 이상 34세 이하 중소기업 취업 촉진 고용장려금 지급 사회진입시점 30세 이후 청년연령 현실 불일치 중소기업 청년 고용지원 확대 청년층 연령 34세 이하 확대,49,"중소기업, 청년, 고용, 고용장려금"
20,양육비 이행확보 및 지원에 관한 법률 일부개정법률안(대안),PRC_G2T0V0A5P0S6I1J5X3N3Q3Q9J0D7X7,2024980,한시적 양육비 긴급지원 양육비 채무자 국세 체납처분 징수 한시적 양육비 지급 본인 동의 신용정보 보험정보 요청 양육비 채무자 감치명령 불이행 지방경찰청장 운전면허 정지처분 요청 한시적 양육비 긴급지원 양육비 채무자 국세 체납처분 징수 한시적 양육비 긴급지원 본인 동의 신용정보 보험정보 요청 양육비 채무자 감치명령 감치집행 현장지원반 구성 운영 이행관리원 양육비 수령 확인 양육비 전용 계좌 개설 양육비 채무자 감치명령 불이행 지방경찰청장 운전면허 정지처분 요청,51,"양육비, 양육비 채무자, 감치명령, 한시적 양육비 긴급지원"
20,한국수자원공사법 일부개정법률안,PRC_M1S6M1G0S2G4T1Q8P2L4L3Z8A0V2J2,2002882,행정법규 의무 이행 확보 행정행위 실효성 유지 수단 행정형벌 규정 위반행위 법정형 처벌 정도 과도 과소 합리적 설명 불가 편차 존재 벌금액 국민권익위원회 권고 국회사무처 법제예규 기준 징역 1년 1천만원 비율 개정 법률 국민 기본권 신체 자유 재산권 침해 형사처벌 합리적 이유 차별 위헌성 제거 불법성 상응 처벌 법정형 편차 조정,40,"벌금액, 법정형, 행정형벌, 국민권익위원회"
20,곤충산업의 육성 및 지원에 관한 법률 일부개정법률안(대안),PRC_C1F8A1R1I2H8M1E7D2B5D1J7L5N8Z4,2017120,신고민원 처리절차 명확화 민원 투명 신속 처리 적극행정 유도 곤충 생산업 가공업 신고 5일 이내 신고수리 여부 통지 미통지시 신고 수리 간주 곤충생산업 곤충가공업 곤충유통업 정의규정 곤충종자보급센터 설립 근거규정 마련 곤충산업 발전 도모 곤충생산업 곤충가공업 곤충유통업 정의규정 구체화 식품위생법 식품제조가공업 등록시 곤충가공업 신고 간주 곤충 생산업 가공업 신고 5일 이내 신고수리 여부 통지 미통지시 신고 수리 간주 지방자치단체장 곤충종자보급센터 설치 운영,52,"곤충산업, 신고, 곤충생산업, 곤충가공업"
20,농어촌특별세법 일부개정법률안,ARC_K1S6J0N9F0L2Z2V0Y4L4P3F8V7Q6D3,2002114,중소기업 투자 지원 기업 고배당정책 유도 중소기업창업투자조합 출자 투자 소득세 감면 고배당기업 주식 배당소득 세율 인하 감면 농어촌특별세 비과세 추가 국회법 세입예산 부수법률 지정 필요,53,"농어촌특별세, 비과세, 감면, 소득세"
20,지방세외수입금의 징수 등에 관한 법률 일부개정법률안,ARC_G1Y9F0E9T2H7I1T5Y5D3V4O0L3E1K2,2022726,과징금 이행강제금 지방세외수입금 제재적 성격 지방자치단체 장 납부의무자 부과 징수 절차 지방행정제재 부과금 명칭 변경 법률 제명 변경 관련 조문 정보통신기술 발달 지방행정 효율적 운영 지방세외수입정보통신망 지방세기본법 지방세통합정보통신망 통합 구축 지방세외수입 신용카드 자동납부 제도 도입 현행 제도 운영 미비점 개선 보완 지방세외수입금 명칭 변경 지방자치단체 조세 외 금전 수입 지방세외수입 지방세외수입 포함 금전 수입 법률 징수 지방세외수입금 명칭 유사 운영 혼란 명확 구분 필요성 과징금 이행강제금 지방세외수입금 제재적 성격 지방자치단체 장 납부의무자 부과 징수 절차 고려 지방세외수입금 명칭 지방행정제재 부과금 변경 납부증명서 제출 제도 도입 지방세외수입금 징수율 제고 체납자 관리 강화 현행 지방세외수입금 100만원 이상 체납자 대금지급 정지 제도 확대 체납 금액 관계없이 지방자치단체 대금 지급 자 지방자치단체 장 부과 지방행정제재 부과금 납부 증명서 제출 납부자 권익 납세편의 증진 지방행정제재 부과금 납부 독촉 납부기한 독촉장 발급일 10일 이내 20일 이내 연장 정기 납부 지방세외수입 신용카드 자동납부 납부의무자 편의 제고 지방세통합정보통신망 지방세외수입정보통신망 통합 구축 행정 전부장관 지방세외수입 징수 관리 업무 효율적 처리 지방세통합정보통신망 지방세외수입정보통신망 통합 구축,54,"지방세외수입금, 지방행정제재·부과금, 징수, 납부"
20,학교용지 확보 등에 관한 특례법 일부개정법률안(대안),PRC_B1T7M0K2X2P0Z1X8K3J2G2J2Y0T4K5,2005909,학교용지부담금 학교용지 확보 학교 증축 경비 교육비특별회계 전입 일반회계 세입처리 관리 부적정 시ㆍ도 학교용지부담금특별회계 설치 교육감 시ㆍ도지사 학교용지 확보 경비 장기간 전입 미해소 가산금 요율 상한 체납 부담금 100분의 3 제한 부담금관리 기본법 개정 학교용지부담금 체납 가산금 부과요율 100분의 3 인하 시ㆍ도지사 개발사업지역 단독주택 건축 토지 개발 분양 공동주택 분양 공동주택분양자 부담금 부과 징수 학교용지부담금 부과 징수 방법 절차 시행령 규정 공동주택분양자 공동주택 분양자료 미제출 허위제출 제재 법적 근거 미비 시행령 학교용지부담금 절차 법률 규정 분양자료 미제출 허위제출 과태료 부과 근거 마련 법집행 실효성 담보 주택건설용 토지 조성 개발 공동주택 건설 공공주택 특별법 제 개정 학교용지부담금 부과대상 개발사업 범위 미명시 학교용지부담금 부과 징수 불가능 대법원 판결 사업지구 학교용지 확보 학교 증축 경비 확보 어려움 예상 현행법 취지 학교용지부담금 부과대상 개발사업 범위 공공주택 특별법 추가 명시 개발사업시행자 학교용지 미확보 교육감 공사중지 요청 학생 학습권 보장 교육여건 조성 개발사업 범위 확대 학교용지부담금특별회계 설치 의무화 분양자료 제출 의무 학교용지부담금 부과 징수 절차 규정 가산금 부과요율 인하 학교용지 미확보 공사중지 근거 법률 확대 분양자료 미제출 허위제출 과태료 부과,55,"학교용지부담금, 학교용지, 개발사업, 교육감"
20,장기공공임대주택 입주자 삶의 질 향상 지원법 일부개정법률안,PRC_W1D7M0X6H0F9Q1Y4U2H1S5R2C5A2R8,2007298,국가 지방자치단체 장기공공임대주택 입주자 삶의질 향상 노후 공공장기임대주택 유지보수비용 편의시설 설치보수비용 복지서비스시설 공간 장비 설치 운영비용 지원 규정 노후장기공공임대주택 수선유지사업 1년단위 사업추진 중장기 사업목표 수립 불가능 공사기간 예산 확보 어려움 국토교통부장관 5년 삶의질 향상 기본계획 수립 시행 국토교통부장관 지방자치단체장 기본계획 연도별 시행계획 수립 시행 기본계획 시행계획 사업 재정 지원 장기공공임대주택 입주자 삶의질 향상,56,"장기공공임대주택, 입주자, 삶의 질 향상, 기본계획"
20,초·중등교육법 일부개정법률안,PRC_P1F6Z1Z2S0W8Q1D4E1K7S4J0R9C2K0,2004222,교육부 통계법 교육통계조사 훈령 통계청 승인 교육기본통계조사 1963년 실시 관련법 근거 없음 과학기술 발전 통계조사방식 변화 교육통계 정보 활용성 증가 통계조사 관리 정보보호 관심 증가 학교교육 통계 체계적 조사 공공 DB 데이터 연계 통계정보 활용 관리 법적 근거 마련 환경 대응 필요 초중등교육 정책 효율적 추진 초중등교육 연구 기초자료 수집 교육통계조사 매년 실시 교육통계조사 협조 유관 통계자료 연계협력 자료제공 활용 규정,57,"교육통계조사, 초·중등교육, 통계, 법적 근거"
20,중소기업창업 지원법 일부개정법률안(대안),PRC_I1I8K0Y9W1X8G1E1E1B8L4M4Y5V5K6,2016537,사행산업 제외 모든 업종 창업 포함 중소기업 창업투자 활성화 신산업 육성 창업기획자 임원 결격사유 발생 등록 취소 지원 중단 전 임원 개임 3개월 유예기간 부여 법인 과도 책임 완화,1,"임원, 창업, 결격사유, 중소기업"
20,공인회계사법 일부개정법률안,PRC_J1W8Q0G4B1E6L1B7Z5M0O4Z3P3X6H4,2013080,동양모뉴엘 대우건설 STX조선해양 대우조선해양 분식회계 부실감사 투자자 이해관계자 피해 국민경제 악영향 대형 회계부정사건 재발방지 회계투명성 제고 국민적 합의 회계감사제도 개혁 주식회사 외부감사 법률 국회 본회의 통과 공포 주식회사 외부감사 법률 전면개정 품질관리제도 외부감사업무 회계법인 상장법인 감사 감사인 등록제 도입 중소형 회계법인 분할 분할합병 전문화 조직화 대형화 구조조정 요구 대형 회계법인 전문화 감사서비스 구조조정 필요 중소형 회계법인 팀 연합 독립채산제 운영 회계법인 형태 감사품질관리 시스템 대형 회계법인 감사품질 관리 부족 현행 법체계 회계법인 탈퇴 회계법인 설립 참여 감사계약 손해배상준비금 손해배상공동기금 승계 회계법인 회계사 구조조정 어려움 현행 공인회계사법 상법 유한회사 규정 준용 현행 상법 주식회사 분할 분할합병 조항 회계법인 분할 분할합병 근거 마련 회계법인 구조조정 회계법인 경쟁력 강화 회계법인 분할 분할합병 근거 절차 규정 영업정지 회계법인 분할 분할합병 배제 법 위반 회계법인 과징금 부과 분할 분할합병 과징금 부과 과징금 부과 회계법인 분할 분할합병 존속 회계법인 과징금 연대납부,58,"회계법인, 분할, 분할합병, 구조조정"
20,한국국제협력단법 일부개정법률안,PRC_K1U9U1J0I2Y8E1A0G4B6Q2V6G6R4M2,2023070,한국국제협력단 협력단 정부 무상원조 사업 수행 기관 1991년 설립 30년 개발협력 환경 변화 조직 목적 조항 변화 미비 1991년 설립 목적 유지 2010년 OECD 개발원조위원회 DAC 가입 국제사회 국제개발협력 규범 가치 수용 정부 2010년 국제개발협력기본법 제정 시행 국제개발협력기본법 개발협력 목적 인류 공동번영 세계평화 증진 대한민국 국제개발협력 기본정신 목표 빈곤감소 여성 아동 장애인 인권향상 성평등 지속가능 발전 인도주의 협력대상국 경제협력관계 증진 국제사회 평화 번영 추구 한국국제협력단법 1991년 설립목적 유지 국제사회 정부 개발협력 목적 괴리 협력단 정부 무상원조 전담 시행기관 국제개발협력기본법 목적 기본정신 기관 설립목적 반영 필요 협력단법 목적 국제개발협력기본법 기본정신 목표 연동 개정 협력단 사업 글로벌 인재양성 사업 명문화 사업 추진 법적 근거 마련 청년 세계 진출 체계적 교육프로그램 마련,60,"한국국제협력단, 국제개발협력, 개발협력, 무상원조"
20,장기등 이식에 관한 법률 일부개정법률안(대안),PRC_H1L7O0T9T2L0T1I7C0B8J0A2Z8A0E2,2009647,장기등기증자 이웃사랑 희생정신 기념 생명나눔문화 확산 9월 둘째 월요일 1주간 생명나눔 주간 지정 장기등기증자 지원 위로금 삭제 국가 추모 예우 사업 실시 벌금 징역 1년 1천만원 장기이식등록기관 업무 장기 기증 활성화 홍보 상담 추가,59,"장기등기증자, 장기등, 생명나눔, 위로금"
20,개별소비세법 일부개정법률안,ARC_A1N6B0H9F0X2J2C0F4V4G1X1A2C4Z8,2002111,국민소득 향상 소비 대중화 개별소비세 과세물품 로열젤리 제외 유연탄 환경 영향 유연탄 개별소비세 세율 인상 kg당 24원 30원 과세대상 세율 납세의무자 부담 완화 담배 세액 공제 환급 사유 개별소비세 면제 담배 원재료 담배 추가 현행 제도 운영 미비점 개선 보완 세입예산 부수 법률 지정 필요,63,"개별소비세, 세율, 과세, 납세"
20,자동차손해배상 보장법 일부개정법률안(대안),PRC_S1J7T0S9Z2R0F1P7C4Q3V2G0R9M0X5,2010078,자동차 건설기계 소유자 폐차 폐기 의무보험 해지 자동차해체재활용사업자 건설기계폐기사업자 자동차 건설기계 등록증 등록번호판 봉인 인수 증명 서류 발급 보험회사 뺑소니 사고 운전자 구상금액 청구,62,"자동차, 보험, 폐차, 구상"
20,개별소비세법 일부개정법률안,ARC_L1N7W0H9U0R1E1F7E2U0K2C3I2C5E2,2008994,깨끗 에너지 전환 촉진 유연탄 개별소비세 세율 kg당 30원 36원 상향 세입예산 부수 법률 지정 필요,61,"개별소비세, 유연탄, 세율, 에너지"
20,환자안전법 일부개정법률안(대안),PRC_G1P9J0A3F2L6Q1D4O0C2K0Z9P3S0B0,2023996,환자전사고 발생 실태파악 어려움 예방 재발방지 대책 미흡 지적 일정규모 이상 병원급 의료기관 중대 환자전사고 발생 의료기관장 보건복지부장관 보고 환자전사고 실태조사 근거 마련 국가환자전위원회 위원 구성 환자전 전담인력 자격요건 약사 포함 중앙환자전센터 지역 중소병원 환자전활동 지원 지역환자전센터 지정 근거 마련 환자전활동 효과적 수행 지원 현행법 미비 보완 보건복지부장관 환자전 의료 질 향상 정책 수립 시행 환자전사고 실태조사 5년 주기 실시 결과 공표 국가환자전위원회 위원 정수 15명→17명 확대 대한약사회 추천 관계 중앙행정기관 소속 고위공무원단 일반직공무원 추가 보건복지부장관 환자 보호 의료 질 향상 시책 효과적 수행 중앙환자전센터 지정 일정규모 이상 병원급 의료기관 환자전 관련 단체 지역환자전센터 지정 환자전 전담인력 자격요건 법률 상향 규정 약사 추가 환자전사고 예상 보건의료인 환자 보건복지부장관 보고 일정규모 이상 병원급 의료기관 의료법 설명 동의 수술 수혈 전신마취 사망 심각 신체적 정신적 손상 환자전사고 의료기관장 보건복지부장관 지체 없이 보고 보건복지부장관 환자전사고 보고 학습시스템 정보 공유 한국의료분쟁중재원 한국소비자원 유관기관 자료 제공 요청,65,"환자안전, 환자안전사고, 보건복지부장관, 의료기관"
20,풍수해보험법 일부개정법률안(대안),PRC_P1A8W0X9K1V1I1Y9E4X7L4R3E3V4Y5,2017156,소상공인 위험관리 취약 재해 파산 실업 생존권 위협 사회문제 풍수해보험 목적물 소상공인 운영 업체 시설물 명시 규정 소상공인 풍수해보험 가입 명확화 소상공인 풍수해보험 가입 풍수해 피해 보험금 수령 피해복구 풍수해보험 목적물 소상공인보호및지원에관한법률 소상공인 운영 사업장 건축물 시설물 명시 규정,66,"풍수해보험, 소상공인, 시설물, 피해복구"
20,학교도서관진흥법 일부개정법률안(대안),PRC_H1U7B1O1L2L9O1R0Z4F6D0R6X0M4L1,2011638,현행법 학교도서관 설치 학생 독서 동기 마련 교과 자료 활용 지도 사서교사 임의규정 절반 학교 미배치 학생 독서지도 자료활용 전문인력 부족 학교도서관 운영 어려움 초중고등학교 도서관 사서교사 실기교사 사서 의무 배치 정원 배치기준 업무범위 학교 규모 사서교사 자격유형 대통령령 학교 도서관 교육 질 향상,67,"학교도서관, 사서교사, 배치, 학생"
20,중소기업제품 구매촉진 및 판로지원에 관한 법률 일부개정법률안,PRC_Y1V7Q0S6K2C2S1H4I0B8R3X2M6Z1B7,2007516,중소기업청장 중소기업 기술개발제품 성능인증 공장 심사 제품 성능검사 시험연구원 대행 시험연구원 성능검사 검사 지연 중소기업 보호 시험연구원 대행업무 관리 강화 시험연구원 지정취소 업무정지 사유 검사 지연 추가,1,"임원, 창업, 결격사유, 중소기업"
20,주한미군 공여구역주변지역 등 지원 특별법 일부개정법률안,PRC_X1V7S0O2P0U9Z1Y6T4K7C4I9U5R4X0,2005523,현행법 공유수면관리법 공유수면 점사용료 감면 규정 공유수면관리법 2010년 공유수면 관리 매립 법률 제정 폐지 폐지 법률명 규정 국민 혼란 우려 공유수면관리법 공유수면 관리 매립 법률 개정 혼란 방지,68,"공유수면 관리 및 매립에 관한 법률, 공유수면관리법, 점·사용료, 감면"
20,농약관리법 일부개정법률안(대안),PRC_J1P8H1R1I2V8N1B6G0L0Z5W0S1O5Q3,2017160,국민생활 기업활동 신고민원 처리절차 법령 명시 민원 투명 신속 처리 행정기관 적극행정 유도 수출입식물방제업 영업신고 폐업신고 수리 필요 명시 농촌진흥청장 농약 전정보시스템 구축 운영 농약 판매 사용 유도 농약 유통 구매 이력관리 농산물 전성 확보 수출입식물방제업 영업신고 폐업신고 수리 필요 명시 농약 제조업자 수입업자 판매업자 수출입식물방제업자 농약 판매 농약 구매정보 전자 기록 보존 농촌진흥청장 제공 농촌진흥청장 농약 제조업 수입업 판매업 수출입식물방제업 등록 신고 정보 수집 관리 농약 전정보시스템 구축 운영,70,"농약, 수출입식물방제업, 신고, 농촌진흥청장"
20,화물자동차 운수사업법 일부개정법률안(대안),PRC_F1J8B0C3U1C6R1Q7R1U4U5A8D3Y2J7,2012765,화물차주 적정 운임 보장 과로 과속 과적 운행 방지 교통안전 확보 화물자동차 전운송원가 화물자동차 전운임제도 도입 전운임제도 3년 한시적 시행 위수탁차주 권리보호 강화 표준 위수탁계약서 우선 사용 전자상거래 확산 유통 IT 산업 융복합 세계 물류시장 환경변화 대응 업종 개편 규제 완화 영세 차주 사업자 지원 국토교통부장관 화주 운송사업자 화물운송 운임 산정 참고 특정 운송품목 화물자동차 전운송원가 공표 국토교통부장관 수출입 컨테이너 시멘트 화물자동차 전운임 공표 화물자동차 전운임 미만 운임 지급 과태료 부과 3년 한시적 시행 유효기간 만료 1년 이전 시행결과 분석 연장 필요성 국회 소관 상임위원회 보고 이사화물운송주선사업 범위 포장 부대 서비스 포함 근거 법률 상향 규정 삭제 화물자동차 운송사업 종류 일반화물자동차 운송사업 개인화물자동차 운송사업 구분 화물자동차 운수사업자 부담 완화 자본금 자산평가액 기준 삭제 화물자동차 운송가맹사업 활성화 화물자동차 운송가맹점 주선금지 의무 폐지 화물자동차 운송가맹점 차량 복수 화물자동차 운송가맹사업자 가입 운송가맹점 가입 운송사업자 운송가맹사업자 상호 변경 의무 폐지 국토교통부장관 건전 거래질서 확립 공정 계약 정착 운송사업자 위수탁차주 위수탁계약 체결 표준 위수탁계약서 우선 사용 권고 운송사업자 일방적 위수탁계약 해지 방지 6년 보장 위수탁계약 갱신청구권 6년 이후 보장 위수탁차주 6회 이상 위수탁료 미납 운송사업자 계약갱신 거절 사유 규정 영세사업자 공동사업 지원 협동조합 공영차고지 운영 위탁 임대 공영차고지 확보 공영차고지 설치주체 공공기관 지방공사 포함 자동차등록번호판 훼손 차량 본거지 변경 등록번호판 부착 교체 필요 운송사업자 등록번호판 교체 거부 2년 이하 징역 2천만원 이하 벌금,69,"화물자동차, 운송사업, 운임, 위수탁계약"
20,자본시장과 금융투자업에 관한 법률 일부개정법률안(대안),PRC_Z1I8Y1V1E2F7S1J3F3B4R4I4Q3D6U7,2017151,금융상품 약관 제·개정 사전신고 사후보고 전환 금융업 성장 약관 심사 신청 급증 인적 자원 한계 심사 지연 소비자 고도화 금융서비스 적시 제공 문제 사전심사 통과 금융회사 책임 한계 소비자 권익 중대 영향 사전신고 금융산업 경쟁력 강화 소비자 권익 보호 국민생활 기업활동 신고 민원 처리절차 법령 명확 규정 민원 투명 신속 처리 일선 행정기관 적극행정 유도 약관 표준약관 제정 변경 신고 수리 명시 유사투자자문업자 불법 불건전 영업행위 투자자 피해 방지 유사투자자문업자 건전 영업행위 유도 유사투자자문업자 신고 결격요건 마련 불건전 영업 방지 교육 사전 의무 편법적 영업행위 신고사항 직권 말소 자료제출 요구 거부 미신고 유사투자자문행위 제재 강화 현행 제도 운영 미비점 개선 보완 금융투자업자 약관 제정 변경 사전신고 사후보고 전환 7일 이내 금융위원회 협회 보고 투자자 권리 의무 중대 영향 사전신고 금융위원회 금융투자업자 약관 금융투자협회 표준약관 신고 검토 적법 신고 수리 명시 유사투자자문업자 결격요건 신고 유효기간 교육수료 의무 위법 영업행위 직권말소 근거 제재수준 강화,71,"금융투자업자, 약관, 유사투자자문업자, 신고"
20,제2연평해전 전사자 보상에 관한 특별법안(대안),PRC_Y1H7Y1Z2B1M2E1W3Y1A7S4A5Y6P3L1,2010970,제2연평해전 전사자 보상 수준 해결 군인연금법 전사 보상 기준 연금급여 소급지급 금지 제2연평해전 전사자 일반 순직 기준 보상금 지급 제2연평해전 전사자 유족 군인연금법 전사 기준 상당 금액 보상금 지급 특별법 제정 제2연평해전 전사자 공무원 기준소득월액 평균액 577/10 상당 금액 법 시행일 기준 현재가치 환산 금액 보상금 지급 다른 법령 보상금 동종 급여 수령 공제 유족 보상금 지급 신청 국방부장관 국방부장관 지급신청 60일 이내 보상금 지급 금액 결정 통보 보상금 국세 지방세 부과 금지 보상금 지급 신청기간 법 시행일 5년 이내,72,"제2연평해전, 전사자, 보상금, 군인연금법"
20,산지관리법 일부개정법률안(대안),PRC_H1V7R1P2J0Q1U1W0H2O3P3G3R0O2P8,2012206,산지경관 정의 기본계획 산지경관 관리 포함 체계적 계획적 관리 대체산림자원조성비 감면대상 사후관리제도 도입 대체산림자원조성비 미납 산림청장 관계 행정기관 장 목적사업 승인 허가 취소 요청 규정 대체산림자원조성비 미납액 해소방 마련 대체산림자원조성비 감면 용도 변경 산림청장 승인 운영 미비점 개선 보완 산지경관 산세 산줄기 지형적 특징 산지 부속 자연 인공요소 심미적 생태적 가치 자연 인공 조화 경치 정의 산지전용허가기준 자연경관 산지경관 용어 변경 산지관리기본계획 지역계획 산지경관 관리 포함 기본계획 수립 변경 산지기본조사 대상 전국 산지경관 특성 현황 포함 산림청장 국가 공용목적 산지전용 중앙산지관리위원회 심의 대체산림자원조성비 감면 감면기간 연장 대체산림자원조성비 감면대상 비율 감면기간 대통령령 복구준공검사 대체산림자원조성비 환급 제외 대체산림자원조성비 산정 오류 부과금액 오기 부과대상 오류 환급 산림청장 산지전용허가 의제 행정처분 대체산림자원조성비 미납 관계 행정기관 장 목적사업 승인 허가 취소 요청 대체산림자원조성비 감면 용도 변경 산림청장 승인,73,"산지경관, 대체산림자원조성비, 산지전용, 산림청장"
20,학교안전사고 예방 및 보상에 관한 법률 일부개정법률안(대안),PRC_D1V8S1Y1T1G4L2W2F5E4U5R1B4G2Y4,2016889,질서위반행위규제법 중복 상충 현행법 과태료 부과 징수 절차 규정 삭제 현장 혼란 방지 일본식 표현 해당 회계처리 변경 학교 전공제회 학교 전공제중앙회 명칭 사용 과태료 금액 상향 처벌 강화 법률 형평성 기,74,"과태료, 학교안전공제회, 학교안전공제중앙회, 혼란"
20,전통시장 및 상점가 육성을 위한 특별법 일부개정법률안(대안),PRC_Z1J8L0S3C1W9L1I8E4J7X5C9P7T8Z4,2014545,전통시장 화재 가스 폭발 대형 재난 방지 시장 군수 구청장 전기 가스 화재 전시설물 관리 개선 기본계획 수립 전통시장 시설현대화사업 지원 사업 예산 실집행률 제고 시설현대화사업 우선 지원 대상 선정 요건 명시 정부 지방자치단체 전통시장 전시설물 점검 의무 시행 지역추진계획 시장 상점가 전시설물 관리 개선 사항 추가 전통시장 시설현대화사업 우선 지원 대상 선정 요건 명시 정부 지방자치단체 전통시장 전시설물 점검 의무 시행,75,"전통시장, 안전시설물, 시설현대화사업, 안전점검"
20,피후견인 결격조항 정비를 위한 3개 법률의 일부개정에 관한 법률안,ARC_U1B9M1H2F0Z2B1H6B2D4Y4M7L0G3P1,2024142,피후견인 결격조항 정신적 제약 정도 행위능력 제한 범위 상관없이 임원 선임 배제 피후견인 잔존 행위능력 인정 행위능력 획일적 포괄적 배제 개별적 한정적 제한 전환 성년후견 제도 취지 모순 직무수행능력 피후견인 직업 자유 과도 제한 재외동포재단 임원 결격사유 피한정후견인 삭제 재외동포재단법 3개 법률 임원 결격사유 피후견인 삭제 성년후견 제도 활성화 직무수행능력 피후견인 기본권 보장 강화,76,"피후견인, 결격사유, 성년후견, 행위능력"
20,의료법 일부개정법률안(대안),PRC_L1F9Z0Z3C2L6Q1K3M5W6Q1R8K7O5K2,2019601,의료인 폭행 상해 7년 이하 징역 1천만원 이상 7천만원 이하 벌금 중상해 3년 이상 10년 이하 징역 사망 무기징역 5년 이상 징역 처벌 강화 의료기관 보건복지부령 의료인 환자 보호 장비 설치 인력 배치 수술실 분만실 중환자실 감염관리 시설 출입 기준 마련 제도 개선 보완 임산부 정의 변경 보건복지부령 수술실 감염관리 시설 출입 기준 준수 의료기관 보건복지부령 의료인 환자 보호 장비 설치 인력 배치 의료기관 장 감염병 예방 의료인 의료기관 종사자 정기 교육 의료인 폭행 상해 7년 이하 징역 1천만원 이상 7천만원 이하 벌금 중상해 3년 이상 10년 이하 징역 사망 무기징역 5년 이상 징역,77,"의료기관, 의료인, 보건복지부령, 안전"
20,제대군인지원에 관한 법률 일부개정법률안,PRC_X1E7F0E9F0D1V1Z5Q5S2A1O8I2G0X1,2008970,현행법 형법 약취 유인 인신매매 범죄 금고 1년 이상 실형 확정 적용 제외 결혼 목적 동일 범죄 적용 포함 약취 유인 인신매매 범죄 반사회적 중대범죄 사회 인식 결혼 목적 범죄 이 법 적용 제외 지적 결혼 목적 약취 유인 인신매매 범죄 적용 제외,92,"약취 유인, 인신매매, 적용 대상, 결혼"
20,노인복지법 일부개정법률안,PRC_D1V6D1V1L1Q6O1W6R2L8O5R9Q4M2G7,2003623,노인학대행위 노인보호전문기관장 상담 교육 심리치료 지원 권고 재발방지 학대행위자 피해노인 관계회복 이행 실효성 한계 학대피해노인 보호강화 임시보호 신체 정신 상담 학대피해노인 전용쉼터 보건복지부 지침 사업 운영 정적운영 어려움 노인학대행위자 노인학대 심리치료 권고 이행 예산지원 근거 마련 학대피해노인 전용쉼터 법률적 근거 노인학대 예방 학대피해노인 보호,79,"노인학대, 학대피해노인, 전용쉼터, 노인보호전문기관"
20,하도급거래 공정화에 관한 법률 일부개정법률안(대안),PRC_I1Q8Q0Q3S1Q3P0Z7X4N2R4Z7L6M8H4,2012764,원사업자 기술자료 제3자 유출 기술자료 탈취행위 유형 추가 원사업자 제3자 기술유용 행위 차단 수급사업자 기술자료 보호 강화 기술자료 요구 유용행위 조사 시효 거래종료 3년 거래종료 7년 확대 원사업자 부당 기술자료 요구 유용 수급사업자 장기간 보호 서면실태조사 정확성 실효성 제고 원사업자 수급사업자 조사 자료 제출 금지 거짓 자료 제출 요구 금지 위반 과태료 부과,78,"기술자료, 수급사업자, 원사업자, 과태료"
20,부동산등기법 일부개정법률안,PRC_F1E6W1V0G2H7T1W7I4S9J4W5F5P9V6,2002970,건축물대장 기재 내용 변경 지방자치단체 장 관할등기소 건물 표시변경등기 촉탁 건축법 개정 부동산등기법 건물표시변경등기 의무 위반 과태료 삭제 건물 분할 구분 합병 멸실 건물표시 변경사유 건물 소유자 1월 등기신청 과태료 부과 규정 삭제 이 법률 이우현의원 대표발의 건축법 일부개정법률 의결 전제 법률 의결 수정의결,80,"건물표시변경등기, 과태료, 건축법, 부동산등기법"
20,동물보호법 일부개정법률안(대안),PRC_Z1L9Y0X4L0N5W1M7Y1B9F1L5R7B5F3,2021795,동물장묘업 동물판매업 동물수입업 반려동물 관련 영업 변경 폐업 휴업 영업재개 신고 수리 필요 명시 명확성 확보 동물 도박 목적 광고 선전 동물학대 금지행위 규정 위반 300만원 이하 벌금 동물 도박 발생 미연 방지 반려동물 관련 영업 변경 폐업 휴업 영업재개 신고 수리 필요 명시 동물 도박 목적 광고 선전 동물학대 금지행위 규정 위반 300만원 이하 벌금,81,"동물, 영업, 신고, 동물학대"
20,토지이용규제 기본법 일부개정법률안,PRC_H1B6C1E1D1E0I1Q7F2K8G1F6X2U0N1,2003467,금치산 한정치산 제도 폐지 성년후견 한정후견 제도 도입 민법 개정 금치산자 한정치산자 피성년후견인 피한정후견인 개정,82,"금치산자, 한정치산자, 피성년후견인, 피한정후견인"
20,대도시권 광역교통 관리에 관한 특별법 일부개정법률안,PRC_L1Y9E1A0C2T2U1Q7H4A4Z5N1H5C5I4,2022952,신도시 광역교통 개선대책 수립 설치 지연 이행 지체 입주민 교통 불편 가중 추가 광역교통대책 필요 대도시권 인구 집중 광역교통 혼잡 해소 대도시권광역교통위원회 광역교통업무 광역교통 현황조사 수요예측 자료 분석 관리 전문 정책지원 조직 필요 국토교통부장관 광역교통 개선대책 지연 지역 광역교통특별대책지구 지정 광역교통특별대책 수립 시행 광역교통 불편 해소 정부출연기관 공공기관 광역교통지원센터 지정 전문 체계 정책 지원 광역교통 업무수행 효율 제고,83,"광역교통, 광역교통개선대책, 광역교통특별대책지구, 광역교통지원센터"
20,지방재정법 일부개정법률안,ARC_F1I7H0F2V0W3K1Y0T4F6N4X5D3Y5M6,2005409,지방자치단체 회계연도 재정수입 불균형 재정 안정적 운용 세입 결산 잉여금 재원 지방자치단체 재정안정화기금 설치 지방자치단체 회계연도 재정안정화기금 사용 금액 재정안정화기금 총액 지방자치단체 조례 비율 초과 금지 지방채 상환 조례 비율 미적용 지방자치단체 재정안정화기금 설치근거 사용한도,84,"지방자치단체, 재정안정화기금, 회계연도, 조례"
20,증권거래세법 일부개정법률안,ARC_S1R7L0O9W0C1G1G1E3B1F2W4O5K7H8,2008934,계좌간 대체 주권 매매결제 금융투자업자 주권 지분 양도 주권 지분 양도 증권거래세 과세표준 세액 신고 납부 기한 양도일 분기 말일 2개월 이내 양도일 반기 말일 2개월 이내 변경 납세편의 도모 국회법 세입예산 부수법률 지정 필요,63,"개별소비세, 세율, 과세, 납세"
20,어린이 식생활안전관리 특별법 일부개정법률안,PRC_Q1J7B0X2N1H5L1L4N3V5K3G4M6R8O4,2005646,현행법 어린이 올바른 식생활 습관 고열량 저영양식품 정서저해식품 판매 제한 금지 고카페인 어린이 건강 보호 학교 우수판매업소 고카페인 함유 에너지 음료 커피 함유 가공유류 판매 금지 일반 커피 음료 성인 음료 학교 판매 중고등학생 카페인 각성효과 학습효율 커피 음용 어린이 카페인 음료 지속 섭취 심신 건강 성장 부정적 영향 학교 커피 고카페인 함유 식품 판매 금지 어린이 건강증진 기여,85,"어린이, 학교, 고카페인, 판매"
20,학교보건법 일부개정법률안,PRC_Y1N6X1F0E2A8N1N8F4H9Y5S2L3F5R8,2003053,초중등교육법 초중고등학교 학생 교직원 심폐소생술 응급처치 교육 의무화 유치원 실태조사 유치원 교사 심폐소생술 응급처치 교육 부족 유치원생 응급처치교육 제외 건강보호 개선 필요 유치원장 유치원생 유치원 교직원 응급처치교육 의무화 연 2회 이상 확대 응급처치교육 프로그램 전문기관 위탁 법적 근거 응급상황 대처능력 제고 응급처치교육 실효성 담보,86,"응급처치교육, 유치원, 교직원, 유치원생"
20,주민소환에 관한 법률 일부개정법률안,PRC_A1V8K0I1Y1B8P1H4O2B5M4M0M4I1H1,2011441,주민소환법 부녀 표현 사용 남성중심 사회 분위기 여성 고정관념 양성평등기본법 여성 표현 사용 법률 용어 통일 필요 2015년 국회 법제실 유사 표현 법문 표현 통일 남성 여성 표준화 권장 부녀 표현 여성 표현 변경 양성평등 기본 가치 법문표현 통일 제고,87,"주민소환, 부녀, 여성, 법률"
20,의사상자 등 예우 및 지원에 관한 법률 일부개정법률안,PRC_W1E8R0X6Z2X1V1J4E3G5N4G4O3I3L2,2013975,의사상자심사위원회 설치 보건복지부 위원장 부위원장 15인 위원 민간위원 구성비율 미규정 의사상자 인정 의상자 부상등급 결정 변경 의사상자 의사자유족 의상자가족 예우 보상금 지급 심사 전문성 확보 의학 법학 사회복지학 학식 경험 재해구호 전문지식 위원 구성 일정 비율 포함 필요 민간위원 과반수 관련 분야 전문 지식 의견 반영 체계적 전문적 심사 법적 근거 마련,88,"의사상자심사위원회, 의사상자, 민간위원, 위원"
20,재외공관 공증법 일부개정법률안,ARC_R1F6R0A6S3L0C1Y5B1S3F0F6R3N6X2,2000596,재외공관 공증 중요성 부각 공증인법 준용 모순 흠결 보완 재외공관 공증사무 신뢰성 제고 공증담당영사 교육제도 도입 주재국 공문서 진위 확인방법 규정 제도 미비점 개선 보완 공증사무 담당자 명칭 변경 공증담당영사 변경 실무 통용 명칭 일치 공증담당영사 교육제도 도입 공증사무 교육 공증사무 전문성 제고 공증담당영사 직무수행 장소 근거규정 마련 재외공관 처리 부적절 제외 사서증서 인증 공증사무 재외공관 처리 촉탁 거절 이의신청제도 도입 촉탁인 이해관계인 공증담당영사 촉탁 거절 거절 통보 1개월 이내 외교부장관 이의신청 촉탁인 신원 확인방법 구체화 공증담당영사 공정증서 작성 여권 행정기관 발행 사진 첨부 증명서 제출 촉탁인 신원 확인 주재국 신분증 제출 촉탁인 신원 확인 사서증서 종류별 인증방법 보완 일반 사서증서 인증 공증담당영사 촉탁인 공증담당영사 서명 날인 인증문 기재 정관 인증 공증담당영사 촉탁인 대리인 공증담당영사 제출 정관 발기인 서명 기명날인 확인 인증문 기재 번역문 인증 공증담당영사 촉탁인 공증담당영사 번역문 원문 불일치 서약 서명 날인 인증문 기재 주재국 공문서 확인방법 구체화 공증담당영사 주재국 공무원 발행 문서 도장 서명 진위 확인 공무원 공증인 도장 서명 직위 서명부 대조 공무원 도장 서명 서명부 미존재 주재국 관계기관 조회,89,"공증담당영사, 재외공관, 촉탁인, 사서증서"
20,地方稅에關한臨時措置法 폐지법률안,PRC_K1M7L0Q6G0S8C1Y5U3Q3S4B5J8C2G5,2007275,현행법 지방세 세목 세율 지방세법 제정 시행 종전 예 규정 지방세법 제정 효력 상실 현행 법률 존속 불필요 법률 폐지 국민 혼란 방지,90,"지방세, 지방세법, 폐지, 법률"
20,근로복지기본법 일부개정법률안,ARC_Q1D6F0Y9V2F1U1A3T4J7C2Y9G9I9C4,2002369,비상장법인 우리사주 환금 미흡 우리사주제도 활용 저조 일정요건 비상장법인 우리사주제도 실시회사 우리사주 의무 환매수 비상장법인 근로자 소속회사 주식 취득 보유 우리사주제도 활용 회사인수 장려 우리사주조합 근로자 우리사주제도 실시회사 인수 우리사주조합원 우리사주 취득한도 우리사주조합 우리사주 취득자금 차입한도 완화 근로자 회사인수 고용유지 회사 지속 발전 기여 현행 제도 운영 미비점 개선 보완 우리사주제도 실시회사 우리사주조합기금 출연 근거 마련 근로자 우리사주 취득 재원 회사 주도 확보 우리사주제도 실시회사 전년도 순이익 일부 우리사주조합기금 정기 출연 근거 마련 비상장법인 우리사주 환매수 제도 도입 비상장법인 대통령령 규모 우리사주제도 실시회사 우리사주조합원 출연금 우리사주조합 법 시행 이후 취득 우리사주 의무예탁기간 추가 7년 대통령령 기간 예탁 우리사주제도 실시회사 우리사주 환매수 요청 우리사주제도 실시회사 우리사주조합원 환매수 요청 30일 이내 우리사주 자기 계산 취득 우리사주제도 실시회사 경영악화 환매수 곤란 사정 우리사주 환금성 확보 환매수 요청 응하지 않음 환매수 요청 3년 범위 분할 환매수 우리사주조합 회사인수 특례 우리사주조합원 소속 우리사주제도 실시회사 주식 일정금액 이상 소유 우리사주조합원 자격 상실 우리사주조합원 우리사주조합 우리사주제도 실시회사 인수 목적 우리사주 취득 우리사주 금액 관계없이 우리사주조합원 자격 유지 우리사주조합 차입 우리사주 취득 차입금 총액 직전 연도 조합원 급여총액 초과 차입 규모 제한 우리사주조합 우리사주제도 실시회사 인수 우리사주 취득자금 차입 우리사주제도 실시회사 차입금 출연약정액 보증한도액 합계 우리사주제도 실시회사 자기자본 100분의 25 초과 차입 가능 회사 자본충실 범위 차입 규모 한도 확대,91,"우리사주, 우리사주조합, 우리사주제도, 환매수"
